audio_id,filepath,embedding_row,status
libri100_01383,./data/audio_clean/libri100_01383.wav,0,ok
libri100_01881,./data/audio_clean/libri100_01881.wav,1,ok
libri360_01901,./data/audio_clean/libri360_01901.wav,2,ok
libri100_01524,./data/audio_clean/libri100_01524.wav,3,ok
libri360_01654,./data/audio_clean/libri360_01654.wav,4,ok
libri100_00960,./data/audio_clean/libri100_00960.wav,5,ok
libri100_00431,./data/audio_clean/libri100_00431.wav,6,ok
libri100_00376,./data/audio_clean/libri100_00376.wav,7,ok
libri100_00297,./data/audio_clean/libri100_00297.wav,8,ok
libri100_00716,./data/audio_clean/libri100_00716.wav,9,ok
libri360_00987,./data/audio_clean/libri360_00987.wav,10,ok
libri100_01334,./data/audio_clean/libri100_01334.wav,11,ok
libri100_01173,./data/audio_clean/libri100_01173.wav,12,ok
libri100_01859,./data/audio_clean/libri100_01859.wav,13,ok
libri360_01175,./data/audio_clean/libri360_01175.wav,14,ok
libri360_01182,./data/audio_clean/libri360_01182.wav,15,ok
libri100_01250,./data/audio_clean/libri100_01250.wav,16,ok
libri360_00161,./data/audio_clean/libri360_00161.wav,17,ok
libri100_01778,./data/audio_clean/libri100_01778.wav,18,ok
libri360_01856,./data/audio_clean/libri360_01856.wav,19,ok
libri100_02229,./data/audio_clean/libri100_02229.wav,20,ok
libri360_01888,./data/audio_clean/libri360_01888.wav,21,ok
libri100_00165,./data/audio_clean/libri100_00165.wav,22,ok
libri100_02980,./data/audio_clean/libri100_02980.wav,23,ok
libri360_01531,./data/audio_clean/libri360_01531.wav,24,ok
libri100_01088,./data/audio_clean/libri100_01088.wav,25,ok
libri360_01544,./data/audio_clean/libri360_01544.wav,26,ok
libri100_02720,./data/audio_clean/libri100_02720.wav,27,ok
libri100_00809,./data/audio_clean/libri100_00809.wav,28,ok
libri100_00833,./data/audio_clean/libri100_00833.wav,29,ok
libri100_01662,./data/audio_clean/libri100_01662.wav,30,ok
libri360_01516,./data/audio_clean/libri360_01516.wav,31,ok
libri100_02333,./data/audio_clean/libri100_02333.wav,32,ok
libri100_01446,./data/audio_clean/libri100_01446.wav,33,ok
libri360_00883,./data/audio_clean/libri360_00883.wav,34,ok
libri360_00207,./data/audio_clean/libri360_00207.wav,35,ok
libri100_00998,./data/audio_clean/libri100_00998.wav,36,ok
libri100_00371,./data/audio_clean/libri100_00371.wav,37,ok
libri100_00015,./data/audio_clean/libri100_00015.wav,38,ok
libri100_01078,./data/audio_clean/libri100_01078.wav,39,ok
libri100_02471,./data/audio_clean/libri100_02471.wav,40,ok
libri100_02772,./data/audio_clean/libri100_02772.wav,41,ok
libri360_01386,./data/audio_clean/libri360_01386.wav,42,ok
libri360_00902,./data/audio_clean/libri360_00902.wav,43,ok
libri100_01347,./data/audio_clean/libri100_01347.wav,44,ok
libri100_00695,./data/audio_clean/libri100_00695.wav,45,ok
libri100_01916,./data/audio_clean/libri100_01916.wav,46,ok
libri360_01098,./data/audio_clean/libri360_01098.wav,47,ok
libri100_02311,./data/audio_clean/libri100_02311.wav,48,ok
libri100_00933,./data/audio_clean/libri100_00933.wav,49,ok
libri100_00630,./data/audio_clean/libri100_00630.wav,50,ok
libri360_00992,./data/audio_clean/libri360_00992.wav,51,ok
libri100_01850,./data/audio_clean/libri100_01850.wav,52,ok
libri100_00155,./data/audio_clean/libri100_00155.wav,53,ok
libri100_02884,./data/audio_clean/libri100_02884.wav,54,ok
libri100_01668,./data/audio_clean/libri100_01668.wav,55,ok
libri100_00492,./data/audio_clean/libri100_00492.wav,56,ok
libri360_01755,./data/audio_clean/libri360_01755.wav,57,ok
libri100_02623,./data/audio_clean/libri100_02623.wav,58,ok
libri100_01194,./data/audio_clean/libri100_01194.wav,59,ok
libri100_01181,./data/audio_clean/libri100_01181.wav,60,ok
libri360_01883,./data/audio_clean/libri360_01883.wav,61,ok
libri360_01707,./data/audio_clean/libri360_01707.wav,62,ok
libri360_00564,./data/audio_clean/libri360_00564.wav,63,ok
libri360_01590,./data/audio_clean/libri360_01590.wav,64,ok
libri100_01759,./data/audio_clean/libri100_01759.wav,65,ok
libri360_00838,./data/audio_clean/libri360_00838.wav,66,ok
libri360_01486,./data/audio_clean/libri360_01486.wav,67,ok
libri100_00018,./data/audio_clean/libri100_00018.wav,68,ok
libri100_02149,./data/audio_clean/libri100_02149.wav,69,ok
libri100_02621,./data/audio_clean/libri100_02621.wav,70,ok
libri100_02581,./data/audio_clean/libri100_02581.wav,71,ok
libri360_01682,./data/audio_clean/libri360_01682.wav,72,ok
libri100_01740,./data/audio_clean/libri100_01740.wav,73,ok
libri100_01453,./data/audio_clean/libri100_01453.wav,74,ok
libri360_01241,./data/audio_clean/libri360_01241.wav,75,ok
libri360_01446,./data/audio_clean/libri360_01446.wav,76,ok
libri360_01765,./data/audio_clean/libri360_01765.wav,77,ok
libri360_00768,./data/audio_clean/libri360_00768.wav,78,ok
libri100_01199,./data/audio_clean/libri100_01199.wav,79,ok
libri100_01617,./data/audio_clean/libri100_01617.wav,80,ok
libri100_00238,./data/audio_clean/libri100_00238.wav,81,ok
libri100_02436,./data/audio_clean/libri100_02436.wav,82,ok
libri360_01846,./data/audio_clean/libri360_01846.wav,83,ok
libri360_00121,./data/audio_clean/libri360_00121.wav,84,ok
libri100_01603,./data/audio_clean/libri100_01603.wav,85,ok
libri100_02905,./data/audio_clean/libri100_02905.wav,86,ok
libri100_02106,./data/audio_clean/libri100_02106.wav,87,ok
libri360_01770,./data/audio_clean/libri360_01770.wav,88,ok
libri100_00824,./data/audio_clean/libri100_00824.wav,89,ok
libri100_01243,./data/audio_clean/libri100_01243.wav,90,ok
libri100_00857,./data/audio_clean/libri100_00857.wav,91,ok
libri100_02829,./data/audio_clean/libri100_02829.wav,92,ok
libri100_00793,./data/audio_clean/libri100_00793.wav,93,ok
libri100_01091,./data/audio_clean/libri100_01091.wav,94,ok
libri100_02505,./data/audio_clean/libri100_02505.wav,95,ok
libri100_02801,./data/audio_clean/libri100_02801.wav,96,ok
libri100_01122,./data/audio_clean/libri100_01122.wav,97,ok
libri100_01999,./data/audio_clean/libri100_01999.wav,98,ok
libri100_02075,./data/audio_clean/libri100_02075.wav,99,ok
libri100_01134,./data/audio_clean/libri100_01134.wav,100,ok
libri360_01059,./data/audio_clean/libri360_01059.wav,101,ok
libri100_02974,./data/audio_clean/libri100_02974.wav,102,ok
libri360_00807,./data/audio_clean/libri360_00807.wav,103,ok
libri100_00331,./data/audio_clean/libri100_00331.wav,104,ok
libri100_02138,./data/audio_clean/libri100_02138.wav,105,ok
libri100_00551,./data/audio_clean/libri100_00551.wav,106,ok
libri360_01258,./data/audio_clean/libri360_01258.wav,107,ok
libri360_00585,./data/audio_clean/libri360_00585.wav,108,ok
libri360_01884,./data/audio_clean/libri360_01884.wav,109,ok
libri360_01606,./data/audio_clean/libri360_01606.wav,110,ok
libri100_00294,./data/audio_clean/libri100_00294.wav,111,ok
libri100_02233,./data/audio_clean/libri100_02233.wav,112,ok
libri100_02475,./data/audio_clean/libri100_02475.wav,113,ok
libri100_02856,./data/audio_clean/libri100_02856.wav,114,ok
libri100_01147,./data/audio_clean/libri100_01147.wav,115,ok
libri100_02994,./data/audio_clean/libri100_02994.wav,116,ok
libri100_02900,./data/audio_clean/libri100_02900.wav,117,ok
libri100_01452,./data/audio_clean/libri100_01452.wav,118,ok
libri360_01132,./data/audio_clean/libri360_01132.wav,119,ok
libri360_00942,./data/audio_clean/libri360_00942.wav,120,ok
libri360_00609,./data/audio_clean/libri360_00609.wav,121,ok
libri100_01658,./data/audio_clean/libri100_01658.wav,122,ok
libri100_00088,./data/audio_clean/libri100_00088.wav,123,ok
libri100_02165,./data/audio_clean/libri100_02165.wav,124,ok
libri360_00920,./data/audio_clean/libri360_00920.wav,125,ok
libri100_01349,./data/audio_clean/libri100_01349.wav,126,ok
libri100_00872,./data/audio_clean/libri100_00872.wav,127,ok
libri100_00914,./data/audio_clean/libri100_00914.wav,128,ok
libri360_01563,./data/audio_clean/libri360_01563.wav,129,ok
libri100_00773,./data/audio_clean/libri100_00773.wav,130,ok
libri100_01058,./data/audio_clean/libri100_01058.wav,131,ok
libri100_01971,./data/audio_clean/libri100_01971.wav,132,ok
libri360_00213,./data/audio_clean/libri360_00213.wav,133,ok
libri100_01025,./data/audio_clean/libri100_01025.wav,134,ok
libri100_01491,./data/audio_clean/libri100_01491.wav,135,ok
libri100_02272,./data/audio_clean/libri100_02272.wav,136,ok
libri360_01963,./data/audio_clean/libri360_01963.wav,137,ok
libri100_01012,./data/audio_clean/libri100_01012.wav,138,ok
libri360_00677,./data/audio_clean/libri360_00677.wav,139,ok
libri100_02094,./data/audio_clean/libri100_02094.wav,140,ok
libri360_00042,./data/audio_clean/libri360_00042.wav,141,ok
libri100_02638,./data/audio_clean/libri100_02638.wav,142,ok
libri100_00891,./data/audio_clean/libri100_00891.wav,143,ok
libri360_01855,./data/audio_clean/libri360_01855.wav,144,ok
libri100_00854,./data/audio_clean/libri100_00854.wav,145,ok
libri100_00180,./data/audio_clean/libri100_00180.wav,146,ok
libri360_01395,./data/audio_clean/libri360_01395.wav,147,ok
libri100_01405,./data/audio_clean/libri100_01405.wav,148,ok
libri100_01873,./data/audio_clean/libri100_01873.wav,149,ok
libri100_02464,./data/audio_clean/libri100_02464.wav,150,ok
libri100_01966,./data/audio_clean/libri100_01966.wav,151,ok
libri100_02944,./data/audio_clean/libri100_02944.wav,152,ok
libri100_01400,./data/audio_clean/libri100_01400.wav,153,ok
libri100_00393,./data/audio_clean/libri100_00393.wav,154,ok
libri100_01079,./data/audio_clean/libri100_01079.wav,155,ok
libri100_01335,./data/audio_clean/libri100_01335.wav,156,ok
libri100_02262,./data/audio_clean/libri100_02262.wav,157,ok
libri100_01501,./data/audio_clean/libri100_01501.wav,158,ok
libri360_00547,./data/audio_clean/libri360_00547.wav,159,ok
libri100_02425,./data/audio_clean/libri100_02425.wav,160,ok
libri100_01532,./data/audio_clean/libri100_01532.wav,161,ok
libri100_02741,./data/audio_clean/libri100_02741.wav,162,ok
libri100_02093,./data/audio_clean/libri100_02093.wav,163,ok
libri360_00301,./data/audio_clean/libri360_00301.wav,164,ok
libri100_01161,./data/audio_clean/libri100_01161.wav,165,ok
libri100_00700,./data/audio_clean/libri100_00700.wav,166,ok
libri100_00256,./data/audio_clean/libri100_00256.wav,167,ok
libri360_00661,./data/audio_clean/libri360_00661.wav,168,ok
libri100_00432,./data/audio_clean/libri100_00432.wav,169,ok
libri100_02517,./data/audio_clean/libri100_02517.wav,170,ok
libri360_01124,./data/audio_clean/libri360_01124.wav,171,ok
libri100_00672,./data/audio_clean/libri100_00672.wav,172,ok
libri100_02797,./data/audio_clean/libri100_02797.wav,173,ok
libri100_02895,./data/audio_clean/libri100_02895.wav,174,ok
libri100_00711,./data/audio_clean/libri100_00711.wav,175,ok
libri360_01528,./data/audio_clean/libri360_01528.wav,176,ok
libri360_00098,./data/audio_clean/libri360_00098.wav,177,ok
libri100_01077,./data/audio_clean/libri100_01077.wav,178,ok
libri360_00798,./data/audio_clean/libri360_00798.wav,179,ok
libri360_00259,./data/audio_clean/libri360_00259.wav,180,ok
libri100_00692,./data/audio_clean/libri100_00692.wav,181,ok
libri100_01661,./data/audio_clean/libri100_01661.wav,182,ok
libri360_00607,./data/audio_clean/libri360_00607.wav,183,ok
libri360_01190,./data/audio_clean/libri360_01190.wav,184,ok
libri360_01118,./data/audio_clean/libri360_01118.wav,185,ok
libri100_00489,./data/audio_clean/libri100_00489.wav,186,ok
libri360_01267,./data/audio_clean/libri360_01267.wav,187,ok
libri360_00288,./data/audio_clean/libri360_00288.wav,188,ok
libri100_01683,./data/audio_clean/libri100_01683.wav,189,ok
libri360_00884,./data/audio_clean/libri360_00884.wav,190,ok
libri360_01358,./data/audio_clean/libri360_01358.wav,191,ok
libri100_01554,./data/audio_clean/libri100_01554.wav,192,ok
libri360_01178,./data/audio_clean/libri360_01178.wav,193,ok
libri100_02054,./data/audio_clean/libri100_02054.wav,194,ok
libri360_00672,./data/audio_clean/libri360_00672.wav,195,ok
libri100_00362,./data/audio_clean/libri100_00362.wav,196,ok
libri360_01781,./data/audio_clean/libri360_01781.wav,197,ok
libri360_00973,./data/audio_clean/libri360_00973.wav,198,ok
libri100_00401,./data/audio_clean/libri100_00401.wav,199,ok
libri360_00971,./data/audio_clean/libri360_00971.wav,200,ok
libri100_00163,./data/audio_clean/libri100_00163.wav,201,ok
libri360_01405,./data/audio_clean/libri360_01405.wav,202,ok
libri100_01017,./data/audio_clean/libri100_01017.wav,203,ok
libri100_00202,./data/audio_clean/libri100_00202.wav,204,ok
libri360_00169,./data/audio_clean/libri360_00169.wav,205,ok
libri100_00000,./data/audio_clean/libri100_00000.wav,206,ok
libri100_02934,./data/audio_clean/libri100_02934.wav,207,ok
libri100_02920,./data/audio_clean/libri100_02920.wav,208,ok
libri360_01754,./data/audio_clean/libri360_01754.wav,209,ok
libri360_00826,./data/audio_clean/libri360_00826.wav,210,ok
libri100_02708,./data/audio_clean/libri100_02708.wav,211,ok
libri360_00388,./data/audio_clean/libri360_00388.wav,212,ok
libri100_01229,./data/audio_clean/libri100_01229.wav,213,ok
libri360_00829,./data/audio_clean/libri360_00829.wav,214,ok
libri360_00017,./data/audio_clean/libri360_00017.wav,215,ok
libri360_01427,./data/audio_clean/libri360_01427.wav,216,ok
libri100_02043,./data/audio_clean/libri100_02043.wav,217,ok
libri100_00917,./data/audio_clean/libri100_00917.wav,218,ok
libri100_00593,./data/audio_clean/libri100_00593.wav,219,ok
libri360_00168,./data/audio_clean/libri360_00168.wav,220,ok
libri360_01950,./data/audio_clean/libri360_01950.wav,221,ok
libri100_00022,./data/audio_clean/libri100_00022.wav,222,ok
libri100_01499,./data/audio_clean/libri100_01499.wav,223,ok
libri100_00146,./data/audio_clean/libri100_00146.wav,224,ok
libri100_00296,./data/audio_clean/libri100_00296.wav,225,ok
libri100_01534,./data/audio_clean/libri100_01534.wav,226,ok
libri100_00117,./data/audio_clean/libri100_00117.wav,227,ok
libri360_00036,./data/audio_clean/libri360_00036.wav,228,ok
libri100_00589,./data/audio_clean/libri100_00589.wav,229,ok
libri360_01918,./data/audio_clean/libri360_01918.wav,230,ok
libri100_00348,./data/audio_clean/libri100_00348.wav,231,ok
libri100_01075,./data/audio_clean/libri100_01075.wav,232,ok
libri100_01290,./data/audio_clean/libri100_01290.wav,233,ok
libri100_01106,./data/audio_clean/libri100_01106.wav,234,ok
libri360_01815,./data/audio_clean/libri360_01815.wav,235,ok
libri100_00251,./data/audio_clean/libri100_00251.wav,236,ok
libri360_01293,./data/audio_clean/libri360_01293.wav,237,ok
libri100_00071,./data/audio_clean/libri100_00071.wav,238,ok
libri360_01150,./data/audio_clean/libri360_01150.wav,239,ok
libri100_00061,./data/audio_clean/libri100_00061.wav,240,ok
libri360_00557,./data/audio_clean/libri360_00557.wav,241,ok
libri360_00502,./data/audio_clean/libri360_00502.wav,242,ok
libri360_01673,./data/audio_clean/libri360_01673.wav,243,ok
libri100_00769,./data/audio_clean/libri100_00769.wav,244,ok
libri100_00042,./data/audio_clean/libri100_00042.wav,245,ok
libri100_02872,./data/audio_clean/libri100_02872.wav,246,ok
libri360_00483,./data/audio_clean/libri360_00483.wav,247,ok
libri100_00874,./data/audio_clean/libri100_00874.wav,248,ok
libri100_00337,./data/audio_clean/libri100_00337.wav,249,ok
libri360_01981,./data/audio_clean/libri360_01981.wav,250,ok
libri360_01997,./data/audio_clean/libri360_01997.wav,251,ok
libri100_01198,./data/audio_clean/libri100_01198.wav,252,ok
libri360_00775,./data/audio_clean/libri360_00775.wav,253,ok
libri100_02893,./data/audio_clean/libri100_02893.wav,254,ok
libri100_01487,./data/audio_clean/libri100_01487.wav,255,ok
libri100_02159,./data/audio_clean/libri100_02159.wav,256,ok
libri360_01394,./data/audio_clean/libri360_01394.wav,257,ok
libri360_01263,./data/audio_clean/libri360_01263.wav,258,ok
libri100_02727,./data/audio_clean/libri100_02727.wav,259,ok
libri100_01419,./data/audio_clean/libri100_01419.wav,260,ok
libri100_01856,./data/audio_clean/libri100_01856.wav,261,ok
libri100_00221,./data/audio_clean/libri100_00221.wav,262,ok
libri360_01388,./data/audio_clean/libri360_01388.wav,263,ok
libri100_02715,./data/audio_clean/libri100_02715.wav,264,ok
libri100_00417,./data/audio_clean/libri100_00417.wav,265,ok
libri100_01318,./data/audio_clean/libri100_01318.wav,266,ok
libri360_01580,./data/audio_clean/libri360_01580.wav,267,ok
libri100_00133,./data/audio_clean/libri100_00133.wav,268,ok
libri100_00032,./data/audio_clean/libri100_00032.wav,269,ok
libri360_00513,./data/audio_clean/libri360_00513.wav,270,ok
libri100_00225,./data/audio_clean/libri100_00225.wav,271,ok
libri100_01729,./data/audio_clean/libri100_01729.wav,272,ok
libri100_02114,./data/audio_clean/libri100_02114.wav,273,ok
libri100_02945,./data/audio_clean/libri100_02945.wav,274,ok
libri360_01483,./data/audio_clean/libri360_01483.wav,275,ok
libri100_02854,./data/audio_clean/libri100_02854.wav,276,ok
libri100_02331,./data/audio_clean/libri100_02331.wav,277,ok
libri100_01353,./data/audio_clean/libri100_01353.wav,278,ok
libri100_01200,./data/audio_clean/libri100_01200.wav,279,ok
libri100_01570,./data/audio_clean/libri100_01570.wav,280,ok
libri100_01239,./data/audio_clean/libri100_01239.wav,281,ok
libri100_02822,./data/audio_clean/libri100_02822.wav,282,ok
libri360_01603,./data/audio_clean/libri360_01603.wav,283,ok
libri360_01652,./data/audio_clean/libri360_01652.wav,284,ok
libri360_00004,./data/audio_clean/libri360_00004.wav,285,ok
libri100_00030,./data/audio_clean/libri100_00030.wav,286,ok
libri100_01156,./data/audio_clean/libri100_01156.wav,287,ok
libri100_02806,./data/audio_clean/libri100_02806.wav,288,ok
libri360_00647,./data/audio_clean/libri360_00647.wav,289,ok
libri360_01462,./data/audio_clean/libri360_01462.wav,290,ok
libri360_00996,./data/audio_clean/libri360_00996.wav,291,ok
libri100_02294,./data/audio_clean/libri100_02294.wav,292,ok
libri100_01041,./data/audio_clean/libri100_01041.wav,293,ok
libri100_02728,./data/audio_clean/libri100_02728.wav,294,ok
libri100_00831,./data/audio_clean/libri100_00831.wav,295,ok
libri100_01846,./data/audio_clean/libri100_01846.wav,296,ok
libri360_00508,./data/audio_clean/libri360_00508.wav,297,ok
libri100_02347,./data/audio_clean/libri100_02347.wav,298,ok
libri100_00427,./data/audio_clean/libri100_00427.wav,299,ok
libri360_01975,./data/audio_clean/libri360_01975.wav,300,ok
libri100_00047,./data/audio_clean/libri100_00047.wav,301,ok
libri360_01378,./data/audio_clean/libri360_01378.wav,302,ok
libri360_00448,./data/audio_clean/libri360_00448.wav,303,ok
libri100_02018,./data/audio_clean/libri100_02018.wav,304,ok
libri360_00735,./data/audio_clean/libri360_00735.wav,305,ok
libri100_02743,./data/audio_clean/libri100_02743.wav,306,ok
libri360_00596,./data/audio_clean/libri360_00596.wav,307,ok
libri100_01139,./data/audio_clean/libri100_01139.wav,308,ok
libri100_01594,./data/audio_clean/libri100_01594.wav,309,ok
libri360_01006,./data/audio_clean/libri360_01006.wav,310,ok
libri100_00388,./data/audio_clean/libri100_00388.wav,311,ok
libri360_00117,./data/audio_clean/libri360_00117.wav,312,ok
libri100_01795,./data/audio_clean/libri100_01795.wav,313,ok
libri100_01039,./data/audio_clean/libri100_01039.wav,314,ok
libri100_00838,./data/audio_clean/libri100_00838.wav,315,ok
libri100_02376,./data/audio_clean/libri100_02376.wav,316,ok
libri360_00182,./data/audio_clean/libri360_00182.wav,317,ok
libri100_02565,./data/audio_clean/libri100_02565.wav,318,ok
libri360_00558,./data/audio_clean/libri360_00558.wav,319,ok
libri100_01329,./data/audio_clean/libri100_01329.wav,320,ok
libri100_01398,./data/audio_clean/libri100_01398.wav,321,ok
libri360_00144,./data/audio_clean/libri360_00144.wav,322,ok
libri360_01186,./data/audio_clean/libri360_01186.wav,323,ok
libri360_00956,./data/audio_clean/libri360_00956.wav,324,ok
libri100_00543,./data/audio_clean/libri100_00543.wav,325,ok
libri360_01018,./data/audio_clean/libri360_01018.wav,326,ok
libri360_00450,./data/audio_clean/libri360_00450.wav,327,ok
libri360_00859,./data/audio_clean/libri360_00859.wav,328,ok
libri360_00154,./data/audio_clean/libri360_00154.wav,329,ok
libri100_02273,./data/audio_clean/libri100_02273.wav,330,ok
libri100_01466,./data/audio_clean/libri100_01466.wav,331,ok
libri100_00293,./data/audio_clean/libri100_00293.wav,332,ok
libri100_00056,./data/audio_clean/libri100_00056.wav,333,ok
libri360_01474,./data/audio_clean/libri360_01474.wav,334,ok
libri360_00055,./data/audio_clean/libri360_00055.wav,335,ok
libri100_01622,./data/audio_clean/libri100_01622.wav,336,ok
libri100_02214,./data/audio_clean/libri100_02214.wav,337,ok
libri360_01149,./data/audio_clean/libri360_01149.wav,338,ok
libri360_01599,./data/audio_clean/libri360_01599.wav,339,ok
libri100_02514,./data/audio_clean/libri100_02514.wav,340,ok
libri100_01697,./data/audio_clean/libri100_01697.wav,341,ok
libri360_01924,./data/audio_clean/libri360_01924.wav,342,ok
libri360_01928,./data/audio_clean/libri360_01928.wav,343,ok
libri100_01730,./data/audio_clean/libri100_01730.wav,344,ok
libri100_00722,./data/audio_clean/libri100_00722.wav,345,ok
libri100_01946,./data/audio_clean/libri100_01946.wav,346,ok
libri100_01166,./data/audio_clean/libri100_01166.wav,347,ok
libri100_00715,./data/audio_clean/libri100_00715.wav,348,ok
libri100_02971,./data/audio_clean/libri100_02971.wav,349,ok
libri100_02734,./data/audio_clean/libri100_02734.wav,350,ok
libri100_02726,./data/audio_clean/libri100_02726.wav,351,ok
libri360_01969,./data/audio_clean/libri360_01969.wav,352,ok
libri100_00101,./data/audio_clean/libri100_00101.wav,353,ok
libri360_01370,./data/audio_clean/libri360_01370.wav,354,ok
libri360_01461,./data/audio_clean/libri360_01461.wav,355,ok
libri360_00065,./data/audio_clean/libri360_00065.wav,356,ok
libri360_01648,./data/audio_clean/libri360_01648.wav,357,ok
libri360_01572,./data/audio_clean/libri360_01572.wav,358,ok
libri360_00200,./data/audio_clean/libri360_00200.wav,359,ok
libri360_00915,./data/audio_clean/libri360_00915.wav,360,ok
libri100_02562,./data/audio_clean/libri100_02562.wav,361,ok
libri100_00930,./data/audio_clean/libri100_00930.wav,362,ok
libri100_01168,./data/audio_clean/libri100_01168.wav,363,ok
libri360_00814,./data/audio_clean/libri360_00814.wav,364,ok
libri360_01323,./data/audio_clean/libri360_01323.wav,365,ok
libri360_00160,./data/audio_clean/libri360_00160.wav,366,ok
libri360_00139,./data/audio_clean/libri360_00139.wav,367,ok
libri360_00454,./data/audio_clean/libri360_00454.wav,368,ok
libri100_02104,./data/audio_clean/libri100_02104.wav,369,ok
libri100_01187,./data/audio_clean/libri100_01187.wav,370,ok
libri100_02428,./data/audio_clean/libri100_02428.wav,371,ok
libri360_00530,./data/audio_clean/libri360_00530.wav,372,ok
libri360_00637,./data/audio_clean/libri360_00637.wav,373,ok
libri360_01851,./data/audio_clean/libri360_01851.wav,374,ok
libri360_00817,./data/audio_clean/libri360_00817.wav,375,ok
libri100_02189,./data/audio_clean/libri100_02189.wav,376,ok
libri100_00869,./data/audio_clean/libri100_00869.wav,377,ok
libri360_00694,./data/audio_clean/libri360_00694.wav,378,ok
libri100_00078,./data/audio_clean/libri100_00078.wav,379,ok
libri360_00550,./data/audio_clean/libri360_00550.wav,380,ok
libri360_00984,./data/audio_clean/libri360_00984.wav,381,ok
libri100_01653,./data/audio_clean/libri100_01653.wav,382,ok
libri100_02215,./data/audio_clean/libri100_02215.wav,383,ok
libri360_00150,./data/audio_clean/libri360_00150.wav,384,ok
libri100_01019,./data/audio_clean/libri100_01019.wav,385,ok
libri360_00141,./data/audio_clean/libri360_00141.wav,386,ok
libri100_00649,./data/audio_clean/libri100_00649.wav,387,ok
libri100_01105,./data/audio_clean/libri100_01105.wav,388,ok
libri360_01798,./data/audio_clean/libri360_01798.wav,389,ok
libri100_00010,./data/audio_clean/libri100_00010.wav,390,ok
libri360_00111,./data/audio_clean/libri360_00111.wav,391,ok
libri100_00639,./data/audio_clean/libri100_00639.wav,392,ok
libri360_00699,./data/audio_clean/libri360_00699.wav,393,ok
libri100_00558,./data/audio_clean/libri100_00558.wav,394,ok
libri360_00173,./data/audio_clean/libri360_00173.wav,395,ok
libri360_00869,./data/audio_clean/libri360_00869.wav,396,ok
libri100_02398,./data/audio_clean/libri100_02398.wav,397,ok
libri100_00595,./data/audio_clean/libri100_00595.wav,398,ok
libri100_02274,./data/audio_clean/libri100_02274.wav,399,ok
libri360_00078,./data/audio_clean/libri360_00078.wav,400,ok
libri100_02985,./data/audio_clean/libri100_02985.wav,401,ok
libri100_01089,./data/audio_clean/libri100_01089.wav,402,ok
libri360_01127,./data/audio_clean/libri360_01127.wav,403,ok
libri100_02946,./data/audio_clean/libri100_02946.wav,404,ok
libri100_00364,./data/audio_clean/libri100_00364.wav,405,ok
libri360_00870,./data/audio_clean/libri360_00870.wav,406,ok
libri100_01769,./data/audio_clean/libri100_01769.wav,407,ok
libri100_02416,./data/audio_clean/libri100_02416.wav,408,ok
libri360_01696,./data/audio_clean/libri360_01696.wav,409,ok
libri100_02363,./data/audio_clean/libri100_02363.wav,410,ok
libri100_02610,./data/audio_clean/libri100_02610.wav,411,ok
libri100_01131,./data/audio_clean/libri100_01131.wav,412,ok
libri100_00730,./data/audio_clean/libri100_00730.wav,413,ok
libri360_01468,./data/audio_clean/libri360_01468.wav,414,ok
libri100_00435,./data/audio_clean/libri100_00435.wav,415,ok
libri100_01057,./data/audio_clean/libri100_01057.wav,416,ok
libri360_00961,./data/audio_clean/libri360_00961.wav,417,ok
libri100_00758,./data/audio_clean/libri100_00758.wav,418,ok
libri360_01080,./data/audio_clean/libri360_01080.wav,419,ok
libri100_01953,./data/audio_clean/libri100_01953.wav,420,ok
libri100_00084,./data/audio_clean/libri100_00084.wav,421,ok
libri100_00096,./data/audio_clean/libri100_00096.wav,422,ok
libri360_00467,./data/audio_clean/libri360_00467.wav,423,ok
libri100_02492,./data/audio_clean/libri100_02492.wav,424,ok
libri360_01871,./data/audio_clean/libri360_01871.wav,425,ok
libri100_02941,./data/audio_clean/libri100_02941.wav,426,ok
libri100_00741,./data/audio_clean/libri100_00741.wav,427,ok
libri100_02217,./data/audio_clean/libri100_02217.wav,428,ok
libri100_02485,./data/audio_clean/libri100_02485.wav,429,ok
libri100_01140,./data/audio_clean/libri100_01140.wav,430,ok
libri100_00268,./data/audio_clean/libri100_00268.wav,431,ok
libri100_02867,./data/audio_clean/libri100_02867.wav,432,ok
libri100_02841,./data/audio_clean/libri100_02841.wav,433,ok
libri100_02381,./data/audio_clean/libri100_02381.wav,434,ok
libri100_01985,./data/audio_clean/libri100_01985.wav,435,ok
libri100_02487,./data/audio_clean/libri100_02487.wav,436,ok
libri100_01539,./data/audio_clean/libri100_01539.wav,437,ok
libri360_00641,./data/audio_clean/libri360_00641.wav,438,ok
libri100_01980,./data/audio_clean/libri100_01980.wav,439,ok
libri360_01636,./data/audio_clean/libri360_01636.wav,440,ok
libri100_01636,./data/audio_clean/libri100_01636.wav,441,ok
libri360_01952,./data/audio_clean/libri360_01952.wav,442,ok
libri100_02303,./data/audio_clean/libri100_02303.wav,443,ok
libri360_00069,./data/audio_clean/libri360_00069.wav,444,ok
libri100_00473,./data/audio_clean/libri100_00473.wav,445,ok
libri100_00052,./data/audio_clean/libri100_00052.wav,446,ok
libri100_01027,./data/audio_clean/libri100_01027.wav,447,ok
libri100_01994,./data/audio_clean/libri100_01994.wav,448,ok
libri100_01802,./data/audio_clean/libri100_01802.wav,449,ok
libri360_00341,./data/audio_clean/libri360_00341.wav,450,ok
libri100_01137,./data/audio_clean/libri100_01137.wav,451,ok
libri100_00939,./data/audio_clean/libri100_00939.wav,452,ok
libri360_00853,./data/audio_clean/libri360_00853.wav,453,ok
libri360_00541,./data/audio_clean/libri360_00541.wav,454,ok
libri100_00320,./data/audio_clean/libri100_00320.wav,455,ok
libri100_00472,./data/audio_clean/libri100_00472.wav,456,ok
libri360_00196,./data/audio_clean/libri360_00196.wav,457,ok
libri360_00639,./data/audio_clean/libri360_00639.wav,458,ok
libri100_00097,./data/audio_clean/libri100_00097.wav,459,ok
libri360_00244,./data/audio_clean/libri360_00244.wav,460,ok
libri360_01660,./data/audio_clean/libri360_01660.wav,461,ok
libri100_01835,./data/audio_clean/libri100_01835.wav,462,ok
libri360_01205,./data/audio_clean/libri360_01205.wav,463,ok
libri100_02458,./data/audio_clean/libri100_02458.wav,464,ok
libri100_00587,./data/audio_clean/libri100_00587.wav,465,ok
libri360_01779,./data/audio_clean/libri360_01779.wav,466,ok
libri360_00006,./data/audio_clean/libri360_00006.wav,467,ok
libri360_01177,./data/audio_clean/libri360_01177.wav,468,ok
libri100_01197,./data/audio_clean/libri100_01197.wav,469,ok
libri100_02031,./data/audio_clean/libri100_02031.wav,470,ok
libri100_00900,./data/audio_clean/libri100_00900.wav,471,ok
libri100_00196,./data/audio_clean/libri100_00196.wav,472,ok
libri100_01259,./data/audio_clean/libri100_01259.wav,473,ok
libri100_01589,./data/audio_clean/libri100_01589.wav,474,ok
libri360_01438,./data/audio_clean/libri360_01438.wav,475,ok
libri100_01969,./data/audio_clean/libri100_01969.wav,476,ok
libri100_00995,./data/audio_clean/libri100_00995.wav,477,ok
libri360_01425,./data/audio_clean/libri360_01425.wav,478,ok
libri360_00001,./data/audio_clean/libri360_00001.wav,479,ok
libri360_01248,./data/audio_clean/libri360_01248.wav,480,ok
libri100_02759,./data/audio_clean/libri100_02759.wav,481,ok
libri100_02833,./data/audio_clean/libri100_02833.wav,482,ok
libri360_01882,./data/audio_clean/libri360_01882.wav,483,ok
libri100_00846,./data/audio_clean/libri100_00846.wav,484,ok
libri360_00862,./data/audio_clean/libri360_00862.wav,485,ok
libri100_01367,./data/audio_clean/libri100_01367.wav,486,ok
libri100_00391,./data/audio_clean/libri100_00391.wav,487,ok
libri360_00420,./data/audio_clean/libri360_00420.wav,488,ok
libri100_00086,./data/audio_clean/libri100_00086.wav,489,ok
libri100_02244,./data/audio_clean/libri100_02244.wav,490,ok
libri360_00598,./data/audio_clean/libri360_00598.wav,491,ok
libri100_00886,./data/audio_clean/libri100_00886.wav,492,ok
libri360_01114,./data/audio_clean/libri360_01114.wav,493,ok
libri100_00799,./data/audio_clean/libri100_00799.wav,494,ok
libri360_01214,./data/audio_clean/libri360_01214.wav,495,ok
libri100_00826,./data/audio_clean/libri100_00826.wav,496,ok
libri100_02680,./data/audio_clean/libri100_02680.wav,497,ok
libri100_02115,./data/audio_clean/libri100_02115.wav,498,ok
libri100_01513,./data/audio_clean/libri100_01513.wav,499,ok
libri100_02658,./data/audio_clean/libri100_02658.wav,500,ok
libri100_00915,./data/audio_clean/libri100_00915.wav,501,ok
libri100_02283,./data/audio_clean/libri100_02283.wav,502,ok
libri100_00041,./data/audio_clean/libri100_00041.wav,503,ok
libri360_00787,./data/audio_clean/libri360_00787.wav,504,ok
libri100_01238,./data/audio_clean/libri100_01238.wav,505,ok
libri100_01272,./data/audio_clean/libri100_01272.wav,506,ok
libri360_00856,./data/audio_clean/libri360_00856.wav,507,ok
libri100_02432,./data/audio_clean/libri100_02432.wav,508,ok
libri100_00073,./data/audio_clean/libri100_00073.wav,509,ok
libri100_01458,./data/audio_clean/libri100_01458.wav,510,ok
libri360_01536,./data/audio_clean/libri360_01536.wav,511,ok
libri360_00746,./data/audio_clean/libri360_00746.wav,512,ok
libri360_01894,./data/audio_clean/libri360_01894.wav,513,ok
libri360_00711,./data/audio_clean/libri360_00711.wav,514,ok
libri100_02128,./data/audio_clean/libri100_02128.wav,515,ok
libri100_02912,./data/audio_clean/libri100_02912.wav,516,ok
libri100_01550,./data/audio_clean/libri100_01550.wav,517,ok
libri100_01700,./data/audio_clean/libri100_01700.wav,518,ok
libri100_01798,./data/audio_clean/libri100_01798.wav,519,ok
libri360_00445,./data/audio_clean/libri360_00445.wav,520,ok
libri100_02307,./data/audio_clean/libri100_02307.wav,521,ok
libri360_00644,./data/audio_clean/libri360_00644.wav,522,ok
libri100_00483,./data/audio_clean/libri100_00483.wav,523,ok
libri360_00317,./data/audio_clean/libri360_00317.wav,524,ok
libri360_01862,./data/audio_clean/libri360_01862.wav,525,ok
libri100_00481,./data/audio_clean/libri100_00481.wav,526,ok
libri360_01757,./data/audio_clean/libri360_01757.wav,527,ok
libri100_01206,./data/audio_clean/libri100_01206.wav,528,ok
libri100_00836,./data/audio_clean/libri100_00836.wav,529,ok
libri100_00266,./data/audio_clean/libri100_00266.wav,530,ok
libri100_02409,./data/audio_clean/libri100_02409.wav,531,ok
libri360_01850,./data/audio_clean/libri360_01850.wav,532,ok
libri100_00430,./data/audio_clean/libri100_00430.wav,533,ok
libri100_00977,./data/audio_clean/libri100_00977.wav,534,ok
libri360_01303,./data/audio_clean/libri360_01303.wav,535,ok
libri360_00265,./data/audio_clean/libri360_00265.wav,536,ok
libri100_02868,./data/audio_clean/libri100_02868.wav,537,ok
libri100_01155,./data/audio_clean/libri100_01155.wav,538,ok
libri100_02618,./data/audio_clean/libri100_02618.wav,539,ok
libri100_02204,./data/audio_clean/libri100_02204.wav,540,ok
libri100_01029,./data/audio_clean/libri100_01029.wav,541,ok
libri100_02315,./data/audio_clean/libri100_02315.wav,542,ok
libri100_00893,./data/audio_clean/libri100_00893.wav,543,ok
libri100_02455,./data/audio_clean/libri100_02455.wav,544,ok
libri360_01166,./data/audio_clean/libri360_01166.wav,545,ok
libri100_01291,./data/audio_clean/libri100_01291.wav,546,ok
libri100_02528,./data/audio_clean/libri100_02528.wav,547,ok
libri100_01011,./data/audio_clean/libri100_01011.wav,548,ok
libri360_01291,./data/audio_clean/libri360_01291.wav,549,ok
libri100_02823,./data/audio_clean/libri100_02823.wav,550,ok
libri360_00964,./data/audio_clean/libri360_00964.wav,551,ok
libri360_00262,./data/audio_clean/libri360_00262.wav,552,ok
libri360_01115,./data/audio_clean/libri360_01115.wav,553,ok
libri100_02073,./data/audio_clean/libri100_02073.wav,554,ok
libri100_00860,./data/audio_clean/libri100_00860.wav,555,ok
libri100_00036,./data/audio_clean/libri100_00036.wav,556,ok
libri100_01709,./data/audio_clean/libri100_01709.wav,557,ok
libri100_01957,./data/audio_clean/libri100_01957.wav,558,ok
libri100_01982,./data/audio_clean/libri100_01982.wav,559,ok
libri360_00933,./data/audio_clean/libri360_00933.wav,560,ok
libri100_01839,./data/audio_clean/libri100_01839.wav,561,ok
libri360_00084,./data/audio_clean/libri360_00084.wav,562,ok
libri360_01476,./data/audio_clean/libri360_01476.wav,563,ok
libri100_00143,./data/audio_clean/libri100_00143.wav,564,ok
libri100_00742,./data/audio_clean/libri100_00742.wav,565,ok
libri100_00813,./data/audio_clean/libri100_00813.wav,566,ok
libri360_01809,./data/audio_clean/libri360_01809.wav,567,ok
libri360_00867,./data/audio_clean/libri360_00867.wav,568,ok
libri360_00147,./data/audio_clean/libri360_00147.wav,569,ok
libri100_00723,./data/audio_clean/libri100_00723.wav,570,ok
libri100_00708,./data/audio_clean/libri100_00708.wav,571,ok
libri360_00166,./data/audio_clean/libri360_00166.wav,572,ok
libri360_01422,./data/audio_clean/libri360_01422.wav,573,ok
libri100_02673,./data/audio_clean/libri100_02673.wav,574,ok
libri100_02774,./data/audio_clean/libri100_02774.wav,575,ok
libri100_00283,./data/audio_clean/libri100_00283.wav,576,ok
libri100_01771,./data/audio_clean/libri100_01771.wav,577,ok
libri100_00065,./data/audio_clean/libri100_00065.wav,578,ok
libri100_01314,./data/audio_clean/libri100_01314.wav,579,ok
libri360_01170,./data/audio_clean/libri360_01170.wav,580,ok
libri100_00305,./data/audio_clean/libri100_00305.wav,581,ok
libri360_01906,./data/audio_clean/libri360_01906.wav,582,ok
libri360_01340,./data/audio_clean/libri360_01340.wav,583,ok
libri100_01102,./data/audio_clean/libri100_01102.wav,584,ok
libri360_00224,./data/audio_clean/libri360_00224.wav,585,ok
libri100_00007,./data/audio_clean/libri100_00007.wav,586,ok
libri100_00104,./data/audio_clean/libri100_00104.wav,587,ok
libri100_00729,./data/audio_clean/libri100_00729.wav,588,ok
libri100_00533,./data/audio_clean/libri100_00533.wav,589,ok
libri100_02192,./data/audio_clean/libri100_02192.wav,590,ok
libri100_02928,./data/audio_clean/libri100_02928.wav,591,ok
libri100_02257,./data/audio_clean/libri100_02257.wav,592,ok
libri100_01151,./data/audio_clean/libri100_01151.wav,593,ok
libri360_00542,./data/audio_clean/libri360_00542.wav,594,ok
libri360_00276,./data/audio_clean/libri360_00276.wav,595,ok
libri100_01855,./data/audio_clean/libri100_01855.wav,596,ok
libri360_00082,./data/audio_clean/libri360_00082.wav,597,ok
libri100_02608,./data/audio_clean/libri100_02608.wav,598,ok
libri100_02250,./data/audio_clean/libri100_02250.wav,599,ok
libri360_00003,./data/audio_clean/libri360_00003.wav,600,ok
libri100_02802,./data/audio_clean/libri100_02802.wav,601,ok
libri100_00008,./data/audio_clean/libri100_00008.wav,602,ok
libri360_00378,./data/audio_clean/libri360_00378.wav,603,ok
libri100_01922,./data/audio_clean/libri100_01922.wav,604,ok
libri360_00823,./data/audio_clean/libri360_00823.wav,605,ok
libri100_02705,./data/audio_clean/libri100_02705.wav,606,ok
libri360_01638,./data/audio_clean/libri360_01638.wav,607,ok
libri100_02820,./data/audio_clean/libri100_02820.wav,608,ok
libri360_01634,./data/audio_clean/libri360_01634.wav,609,ok
libri100_00675,./data/audio_clean/libri100_00675.wav,610,ok
libri360_00163,./data/audio_clean/libri360_00163.wav,611,ok
libri360_01313,./data/audio_clean/libri360_01313.wav,612,ok
libri100_00956,./data/audio_clean/libri100_00956.wav,613,ok
libri360_00205,./data/audio_clean/libri360_00205.wav,614,ok
libri100_02391,./data/audio_clean/libri100_02391.wav,615,ok
libri100_00896,./data/audio_clean/libri100_00896.wav,616,ok
libri100_01525,./data/audio_clean/libri100_01525.wav,617,ok
libri360_00009,./data/audio_clean/libri360_00009.wav,618,ok
libri360_00257,./data/audio_clean/libri360_00257.wav,619,ok
libri100_01563,./data/audio_clean/libri100_01563.wav,620,ok
libri100_00092,./data/audio_clean/libri100_00092.wav,621,ok
libri360_01423,./data/audio_clean/libri360_01423.wav,622,ok
libri100_00167,./data/audio_clean/libri100_00167.wav,623,ok
libri360_00899,./data/audio_clean/libri360_00899.wav,624,ok
libri100_01852,./data/audio_clean/libri100_01852.wav,625,ok
libri360_01366,./data/audio_clean/libri360_01366.wav,626,ok
libri100_02013,./data/audio_clean/libri100_02013.wav,627,ok
libri100_01615,./data/audio_clean/libri100_01615.wav,628,ok
libri360_00170,./data/audio_clean/libri360_00170.wav,629,ok
libri100_02515,./data/audio_clean/libri100_02515.wav,630,ok
libri100_00875,./data/audio_clean/libri100_00875.wav,631,ok
libri100_02996,./data/audio_clean/libri100_02996.wav,632,ok
libri360_00857,./data/audio_clean/libri360_00857.wav,633,ok
libri360_00910,./data/audio_clean/libri360_00910.wav,634,ok
libri100_01065,./data/audio_clean/libri100_01065.wav,635,ok
libri360_00751,./data/audio_clean/libri360_00751.wav,636,ok
libri100_00922,./data/audio_clean/libri100_00922.wav,637,ok
libri100_01911,./data/audio_clean/libri100_01911.wav,638,ok
libri360_00788,./data/audio_clean/libri360_00788.wav,639,ok
libri100_01782,./data/audio_clean/libri100_01782.wav,640,ok
libri100_01930,./data/audio_clean/libri100_01930.wav,641,ok
libri360_00492,./data/audio_clean/libri360_00492.wav,642,ok
libri360_00723,./data/audio_clean/libri360_00723.wav,643,ok
libri100_00051,./data/audio_clean/libri100_00051.wav,644,ok
libri100_01283,./data/audio_clean/libri100_01283.wav,645,ok
libri100_00963,./data/audio_clean/libri100_00963.wav,646,ok
libri360_01134,./data/audio_clean/libri360_01134.wav,647,ok
libri100_01776,./data/audio_clean/libri100_01776.wav,648,ok
libri100_01061,./data/audio_clean/libri100_01061.wav,649,ok
libri360_00336,./data/audio_clean/libri360_00336.wav,650,ok
libri100_00757,./data/audio_clean/libri100_00757.wav,651,ok
libri360_01651,./data/audio_clean/libri360_01651.wav,652,ok
libri100_00582,./data/audio_clean/libri100_00582.wav,653,ok
libri100_01369,./data/audio_clean/libri100_01369.wav,654,ok
libri100_01371,./data/audio_clean/libri100_01371.wav,655,ok
libri100_02372,./data/audio_clean/libri100_02372.wav,656,ok
libri100_00518,./data/audio_clean/libri100_00518.wav,657,ok
libri360_00353,./data/audio_clean/libri360_00353.wav,658,ok
libri360_00064,./data/audio_clean/libri360_00064.wav,659,ok
libri100_00162,./data/audio_clean/libri100_00162.wav,660,ok
libri100_02896,./data/audio_clean/libri100_02896.wav,661,ok
libri360_00088,./data/audio_clean/libri360_00088.wav,662,ok
libri100_01648,./data/audio_clean/libri100_01648.wav,663,ok
libri100_02815,./data/audio_clean/libri100_02815.wav,664,ok
libri360_01965,./data/audio_clean/libri360_01965.wav,665,ok
libri100_01779,./data/audio_clean/libri100_01779.wav,666,ok
libri360_00525,./data/audio_clean/libri360_00525.wav,667,ok
libri360_01249,./data/audio_clean/libri360_01249.wav,668,ok
libri360_01937,./data/audio_clean/libri360_01937.wav,669,ok
libri100_01808,./data/audio_clean/libri100_01808.wav,670,ok
libri360_00269,./data/audio_clean/libri360_00269.wav,671,ok
libri100_00619,./data/audio_clean/libri100_00619.wav,672,ok
libri360_01690,./data/audio_clean/libri360_01690.wav,673,ok
libri360_01302,./data/audio_clean/libri360_01302.wav,674,ok
libri360_00937,./data/audio_clean/libri360_00937.wav,675,ok
libri100_00453,./data/audio_clean/libri100_00453.wav,676,ok
libri100_02420,./data/audio_clean/libri100_02420.wav,677,ok
libri360_00695,./data/audio_clean/libri360_00695.wav,678,ok
libri100_01643,./data/audio_clean/libri100_01643.wav,679,ok
libri100_02451,./data/audio_clean/libri100_02451.wav,680,ok
libri100_01096,./data/audio_clean/libri100_01096.wav,681,ok
libri100_02634,./data/audio_clean/libri100_02634.wav,682,ok
libri100_02499,./data/audio_clean/libri100_02499.wav,683,ok
libri100_01433,./data/audio_clean/libri100_01433.wav,684,ok
libri360_00283,./data/audio_clean/libri360_00283.wav,685,ok
libri100_01339,./data/audio_clean/libri100_01339.wav,686,ok
libri360_01465,./data/audio_clean/libri360_01465.wav,687,ok
libri100_00798,./data/audio_clean/libri100_00798.wav,688,ok
libri100_00775,./data/audio_clean/libri100_00775.wav,689,ok
libri360_01252,./data/audio_clean/libri360_01252.wav,690,ok
libri100_02663,./data/audio_clean/libri100_02663.wav,691,ok
libri100_02007,./data/audio_clean/libri100_02007.wav,692,ok
libri360_00077,./data/audio_clean/libri360_00077.wav,693,ok
libri100_02563,./data/audio_clean/libri100_02563.wav,694,ok
libri360_01235,./data/audio_clean/libri360_01235.wav,695,ok
libri360_01009,./data/audio_clean/libri360_01009.wav,696,ok
libri360_01943,./data/audio_clean/libri360_01943.wav,697,ok
libri360_01180,./data/audio_clean/libri360_01180.wav,698,ok
libri100_01031,./data/audio_clean/libri100_01031.wav,699,ok
libri100_01049,./data/audio_clean/libri100_01049.wav,700,ok
libri360_01484,./data/audio_clean/libri360_01484.wav,701,ok
libri100_02858,./data/audio_clean/libri100_02858.wav,702,ok
libri100_02097,./data/audio_clean/libri100_02097.wav,703,ok
libri100_01652,./data/audio_clean/libri100_01652.wav,704,ok
libri360_01722,./data/audio_clean/libri360_01722.wav,705,ok
libri100_02024,./data/audio_clean/libri100_02024.wav,706,ok
libri100_01247,./data/audio_clean/libri100_01247.wav,707,ok
libri100_00392,./data/audio_clean/libri100_00392.wav,708,ok
libri100_02190,./data/audio_clean/libri100_02190.wav,709,ok
libri360_01919,./data/audio_clean/libri360_01919.wav,710,ok
libri100_02213,./data/audio_clean/libri100_02213.wav,711,ok
libri360_01229,./data/audio_clean/libri360_01229.wav,712,ok
libri360_01820,./data/audio_clean/libri360_01820.wav,713,ok
libri100_02768,./data/audio_clean/libri100_02768.wav,714,ok
libri360_00846,./data/audio_clean/libri360_00846.wav,715,ok
libri100_00108,./data/audio_clean/libri100_00108.wav,716,ok
libri360_00812,./data/audio_clean/libri360_00812.wav,717,ok
libri360_01717,./data/audio_clean/libri360_01717.wav,718,ok
libri100_00602,./data/audio_clean/libri100_00602.wav,719,ok
libri360_00579,./data/audio_clean/libri360_00579.wav,720,ok
libri100_01275,./data/audio_clean/libri100_01275.wav,721,ok
libri360_01369,./data/audio_clean/libri360_01369.wav,722,ok
libri360_01387,./data/audio_clean/libri360_01387.wav,723,ok
libri360_00030,./data/audio_clean/libri360_00030.wav,724,ok
libri360_01641,./data/audio_clean/libri360_01641.wav,725,ok
libri100_02019,./data/audio_clean/libri100_02019.wav,726,ok
libri100_00601,./data/audio_clean/libri100_00601.wav,727,ok
libri100_01825,./data/audio_clean/libri100_01825.wav,728,ok
libri360_01766,./data/audio_clean/libri360_01766.wav,729,ok
libri360_01207,./data/audio_clean/libri360_01207.wav,730,ok
libri100_00469,./data/audio_clean/libri100_00469.wav,731,ok
libri360_01022,./data/audio_clean/libri360_01022.wav,732,ok
libri100_01707,./data/audio_clean/libri100_01707.wav,733,ok
libri360_00300,./data/audio_clean/libri360_00300.wav,734,ok
libri360_00646,./data/audio_clean/libri360_00646.wav,735,ok
libri360_00810,./data/audio_clean/libri360_00810.wav,736,ok
libri100_01551,./data/audio_clean/libri100_01551.wav,737,ok
libri360_00891,./data/audio_clean/libri360_00891.wav,738,ok
libri100_01675,./data/audio_clean/libri100_01675.wav,739,ok
libri360_00193,./data/audio_clean/libri360_00193.wav,740,ok
libri100_02580,./data/audio_clean/libri100_02580.wav,741,ok
libri100_00264,./data/audio_clean/libri100_00264.wav,742,ok
libri100_02650,./data/audio_clean/libri100_02650.wav,743,ok
libri100_01904,./data/audio_clean/libri100_01904.wav,744,ok
libri100_00642,./data/audio_clean/libri100_00642.wav,745,ok
libri100_00206,./data/audio_clean/libri100_00206.wav,746,ok
libri100_00445,./data/audio_clean/libri100_00445.wav,747,ok
libri100_00699,./data/audio_clean/libri100_00699.wav,748,ok
libri100_02970,./data/audio_clean/libri100_02970.wav,749,ok
libri360_01314,./data/audio_clean/libri360_01314.wav,750,ok
libri100_00043,./data/audio_clean/libri100_00043.wav,751,ok
libri100_01552,./data/audio_clean/libri100_01552.wav,752,ok
libri100_00197,./data/audio_clean/libri100_00197.wav,753,ok
libri100_02654,./data/audio_clean/libri100_02654.wav,754,ok
libri360_00476,./data/audio_clean/libri360_00476.wav,755,ok
libri100_01427,./data/audio_clean/libri100_01427.wav,756,ok
libri100_01688,./data/audio_clean/libri100_01688.wav,757,ok
libri360_00728,./data/audio_clean/libri360_00728.wav,758,ok
libri100_00150,./data/audio_clean/libri100_00150.wav,759,ok
libri100_02084,./data/audio_clean/libri100_02084.wav,760,ok
libri360_01035,./data/audio_clean/libri360_01035.wav,761,ok
libri100_01612,./data/audio_clean/libri100_01612.wav,762,ok
libri360_00422,./data/audio_clean/libri360_00422.wav,763,ok
libri100_02924,./data/audio_clean/libri100_02924.wav,764,ok
libri100_00514,./data/audio_clean/libri100_00514.wav,765,ok
libri100_00035,./data/audio_clean/libri100_00035.wav,766,ok
libri360_00051,./data/audio_clean/libri360_00051.wav,767,ok
libri100_01121,./data/audio_clean/libri100_01121.wav,768,ok
libri100_00080,./data/audio_clean/libri100_00080.wav,769,ok
libri360_01055,./data/audio_clean/libri360_01055.wav,770,ok
libri100_01214,./data/audio_clean/libri100_01214.wav,771,ok
libri100_01744,./data/audio_clean/libri100_01744.wav,772,ok
libri100_00968,./data/audio_clean/libri100_00968.wav,773,ok
libri360_01046,./data/audio_clean/libri360_01046.wav,774,ok
libri360_01886,./data/audio_clean/libri360_01886.wav,775,ok
libri100_01642,./data/audio_clean/libri100_01642.wav,776,ok
libri100_00428,./data/audio_clean/libri100_00428.wav,777,ok
libri360_00423,./data/audio_clean/libri360_00423.wav,778,ok
libri360_01060,./data/audio_clean/libri360_01060.wav,779,ok
libri100_02232,./data/audio_clean/libri100_02232.wav,780,ok
libri360_00443,./data/audio_clean/libri360_00443.wav,781,ok
libri100_00232,./data/audio_clean/libri100_00232.wav,782,ok
libri360_01893,./data/audio_clean/libri360_01893.wav,783,ok
libri100_00774,./data/audio_clean/libri100_00774.wav,784,ok
libri360_01797,./data/audio_clean/libri360_01797.wav,785,ok
libri100_02349,./data/audio_clean/libri100_02349.wav,786,ok
libri100_00352,./data/audio_clean/libri100_00352.wav,787,ok
libri100_00684,./data/audio_clean/libri100_00684.wav,788,ok
libri100_01115,./data/audio_clean/libri100_01115.wav,789,ok
libri100_00830,./data/audio_clean/libri100_00830.wav,790,ok
libri100_00683,./data/audio_clean/libri100_00683.wav,791,ok
libri100_01767,./data/audio_clean/libri100_01767.wav,792,ok
libri100_02554,./data/audio_clean/libri100_02554.wav,793,ok
libri100_02597,./data/audio_clean/libri100_02597.wav,794,ok
libri100_01144,./data/audio_clean/libri100_01144.wav,795,ok
libri360_00594,./data/audio_clean/libri360_00594.wav,796,ok
libri360_00633,./data/audio_clean/libri360_00633.wav,797,ok
libri360_00650,./data/audio_clean/libri360_00650.wav,798,ok
libri100_01128,./data/audio_clean/libri100_01128.wav,799,ok
libri360_00364,./data/audio_clean/libri360_00364.wav,800,ok
libri100_02592,./data/audio_clean/libri100_02592.wav,801,ok
libri100_02838,./data/audio_clean/libri100_02838.wav,802,ok
libri360_01505,./data/audio_clean/libri360_01505.wav,803,ok
libri100_00456,./data/audio_clean/libri100_00456.wav,804,ok
libri100_02690,./data/audio_clean/libri100_02690.wav,805,ok
libri360_00632,./data/audio_clean/libri360_00632.wav,806,ok
libri100_02118,./data/audio_clean/libri100_02118.wav,807,ok
libri100_00379,./data/audio_clean/libri100_00379.wav,808,ok
libri100_00189,./data/audio_clean/libri100_00189.wav,809,ok
libri360_00796,./data/audio_clean/libri360_00796.wav,810,ok
libri360_00337,./data/audio_clean/libri360_00337.wav,811,ok
libri100_00657,./data/audio_clean/libri100_00657.wav,812,ok
libri100_02330,./data/audio_clean/libri100_02330.wav,813,ok
libri100_00853,./data/audio_clean/libri100_00853.wav,814,ok
libri360_00210,./data/audio_clean/libri360_00210.wav,815,ok
libri100_01278,./data/audio_clean/libri100_01278.wav,816,ok
libri100_02886,./data/audio_clean/libri100_02886.wav,817,ok
libri100_00407,./data/audio_clean/libri100_00407.wav,818,ok
libri360_01068,./data/audio_clean/libri360_01068.wav,819,ok
libri100_02862,./data/audio_clean/libri100_02862.wav,820,ok
libri100_01972,./data/audio_clean/libri100_01972.wav,821,ok
libri100_01149,./data/audio_clean/libri100_01149.wav,822,ok
libri360_00037,./data/audio_clean/libri360_00037.wav,823,ok
libri100_02012,./data/audio_clean/libri100_02012.wav,824,ok
libri100_01070,./data/audio_clean/libri100_01070.wav,825,ok
libri360_00087,./data/audio_clean/libri360_00087.wav,826,ok
libri360_01161,./data/audio_clean/libri360_01161.wav,827,ok
libri360_00865,./data/audio_clean/libri360_00865.wav,828,ok
libri360_01403,./data/audio_clean/libri360_01403.wav,829,ok
libri360_01998,./data/audio_clean/libri360_01998.wav,830,ok
libri360_00437,./data/audio_clean/libri360_00437.wav,831,ok
libri360_00537,./data/audio_clean/libri360_00537.wav,832,ok
libri100_00640,./data/audio_clean/libri100_00640.wav,833,ok
libri100_02089,./data/audio_clean/libri100_02089.wav,834,ok
libri360_01176,./data/audio_clean/libri360_01176.wav,835,ok
libri360_01863,./data/audio_clean/libri360_01863.wav,836,ok
libri100_02062,./data/audio_clean/libri100_02062.wav,837,ok
libri360_01550,./data/audio_clean/libri360_01550.wav,838,ok
libri360_00308,./data/audio_clean/libri360_00308.wav,839,ok
libri360_00429,./data/audio_clean/libri360_00429.wav,840,ok
libri100_02550,./data/audio_clean/libri100_02550.wav,841,ok
libri100_01611,./data/audio_clean/libri100_01611.wav,842,ok
libri100_01807,./data/audio_clean/libri100_01807.wav,843,ok
libri100_00585,./data/audio_clean/libri100_00585.wav,844,ok
libri100_00402,./data/audio_clean/libri100_00402.wav,845,ok
libri360_00673,./data/audio_clean/libri360_00673.wav,846,ok
libri100_00098,./data/audio_clean/libri100_00098.wav,847,ok
libri360_01830,./data/audio_clean/libri360_01830.wav,848,ok
libri100_01344,./data/audio_clean/libri100_01344.wav,849,ok
libri100_00288,./data/audio_clean/libri100_00288.wav,850,ok
libri100_00676,./data/audio_clean/libri100_00676.wav,851,ok
libri100_01548,./data/audio_clean/libri100_01548.wav,852,ok
libri360_00822,./data/audio_clean/libri360_00822.wav,853,ok
libri100_01944,./data/audio_clean/libri100_01944.wav,854,ok
libri100_01649,./data/audio_clean/libri100_01649.wav,855,ok
libri360_00904,./data/audio_clean/libri360_00904.wav,856,ok
libri360_01218,./data/audio_clean/libri360_01218.wav,857,ok
libri100_00419,./data/audio_clean/libri100_00419.wav,858,ok
libri100_01479,./data/audio_clean/libri100_01479.wav,859,ok
libri360_00546,./data/audio_clean/libri360_00546.wav,860,ok
libri360_01329,./data/audio_clean/libri360_01329.wav,861,ok
libri100_02194,./data/audio_clean/libri100_02194.wav,862,ok
libri100_01407,./data/audio_clean/libri100_01407.wav,863,ok
libri360_00279,./data/audio_clean/libri360_00279.wav,864,ok
libri360_00140,./data/audio_clean/libri360_00140.wav,865,ok
libri100_00621,./data/audio_clean/libri100_00621.wav,866,ok
libri100_01357,./data/audio_clean/libri100_01357.wav,867,ok
libri100_01578,./data/audio_clean/libri100_01578.wav,868,ok
libri100_01368,./data/audio_clean/libri100_01368.wav,869,ok
libri360_01977,./data/audio_clean/libri360_01977.wav,870,ok
libri100_01394,./data/audio_clean/libri100_01394.wav,871,ok
libri100_00494,./data/audio_clean/libri100_00494.wav,872,ok
libri100_02699,./data/audio_clean/libri100_02699.wav,873,ok
libri100_00608,./data/audio_clean/libri100_00608.wav,874,ok
libri100_00346,./data/audio_clean/libri100_00346.wav,875,ok
libri100_00095,./data/audio_clean/libri100_00095.wav,876,ok
libri360_01833,./data/audio_clean/libri360_01833.wav,877,ok
libri360_00415,./data/audio_clean/libri360_00415.wav,878,ok
libri100_01001,./data/audio_clean/libri100_01001.wav,879,ok
libri360_01485,./data/audio_clean/libri360_01485.wav,880,ok
libri100_01409,./data/audio_clean/libri100_01409.wav,881,ok
libri360_01706,./data/audio_clean/libri360_01706.wav,882,ok
libri360_00046,./data/audio_clean/libri360_00046.wav,883,ok
libri360_00774,./data/audio_clean/libri360_00774.wav,884,ok
libri100_01774,./data/audio_clean/libri100_01774.wav,885,ok
libri360_01835,./data/audio_clean/libri360_01835.wav,886,ok
libri100_02026,./data/audio_clean/libri100_02026.wav,887,ok
libri100_00020,./data/audio_clean/libri100_00020.wav,888,ok
libri360_00708,./data/audio_clean/libri360_00708.wav,889,ok
libri100_01747,./data/audio_clean/libri100_01747.wav,890,ok
libri360_01558,./data/audio_clean/libri360_01558.wav,891,ok
libri100_01865,./data/audio_clean/libri100_01865.wav,892,ok
libri100_01890,./data/audio_clean/libri100_01890.wav,893,ok
libri360_01223,./data/audio_clean/libri360_01223.wav,894,ok
libri360_01396,./data/audio_clean/libri360_01396.wav,895,ok
libri360_00936,./data/audio_clean/libri360_00936.wav,896,ok
libri100_01465,./data/audio_clean/libri100_01465.wav,897,ok
libri100_00776,./data/audio_clean/libri100_00776.wav,898,ok
libri100_00666,./data/audio_clean/libri100_00666.wav,899,ok
libri360_01268,./data/audio_clean/libri360_01268.wav,900,ok
libri360_01866,./data/audio_clean/libri360_01866.wav,901,ok
libri100_01196,./data/audio_clean/libri100_01196.wav,902,ok
libri360_01570,./data/audio_clean/libri360_01570.wav,903,ok
libri360_00629,./data/audio_clean/libri360_00629.wav,904,ok
libri100_02665,./data/audio_clean/libri100_02665.wav,905,ok
libri100_00384,./data/audio_clean/libri100_00384.wav,906,ok
libri100_00559,./data/audio_clean/libri100_00559.wav,907,ok
libri100_01514,./data/audio_clean/libri100_01514.wav,908,ok
libri360_01275,./data/audio_clean/libri360_01275.wav,909,ok
libri100_00902,./data/audio_clean/libri100_00902.wav,910,ok
libri100_00504,./data/audio_clean/libri100_00504.wav,911,ok
libri100_01952,./data/audio_clean/libri100_01952.wav,912,ok
libri100_02287,./data/audio_clean/libri100_02287.wav,913,ok
libri100_00170,./data/audio_clean/libri100_00170.wav,914,ok
libri360_01564,./data/audio_clean/libri360_01564.wav,915,ok
libri100_00750,./data/audio_clean/libri100_00750.wav,916,ok
libri360_01280,./data/audio_clean/libri360_01280.wav,917,ok
libri360_00582,./data/audio_clean/libri360_00582.wav,918,ok
libri100_00049,./data/audio_clean/libri100_00049.wav,919,ok
libri100_02291,./data/audio_clean/libri100_02291.wav,920,ok
libri360_00332,./data/audio_clean/libri360_00332.wav,921,ok
libri100_00110,./data/audio_clean/libri100_00110.wav,922,ok
libri360_00363,./data/audio_clean/libri360_00363.wav,923,ok
libri360_01916,./data/audio_clean/libri360_01916.wav,924,ok
libri100_00358,./data/audio_clean/libri100_00358.wav,925,ok
libri100_00069,./data/audio_clean/libri100_00069.wav,926,ok
libri100_01223,./data/audio_clean/libri100_01223.wav,927,ok
libri100_02579,./data/audio_clean/libri100_02579.wav,928,ok
libri100_01834,./data/audio_clean/libri100_01834.wav,929,ok
libri360_00115,./data/audio_clean/libri360_00115.wav,930,ok
libri360_00706,./data/audio_clean/libri360_00706.wav,931,ok
libri100_02950,./data/audio_clean/libri100_02950.wav,932,ok
libri360_00131,./data/audio_clean/libri360_00131.wav,933,ok
libri360_00380,./data/audio_clean/libri360_00380.wav,934,ok
libri100_01681,./data/audio_clean/libri100_01681.wav,935,ok
libri100_00955,./data/audio_clean/libri100_00955.wav,936,ok
libri100_01708,./data/audio_clean/libri100_01708.wav,937,ok
libri360_00349,./data/audio_clean/libri360_00349.wav,938,ok
libri360_00020,./data/audio_clean/libri360_00020.wav,939,ok
libri360_01342,./data/audio_clean/libri360_01342.wav,940,ok
libri100_01429,./data/audio_clean/libri100_01429.wav,941,ok
libri100_02765,./data/audio_clean/libri100_02765.wav,942,ok
libri360_01245,./data/audio_clean/libri360_01245.wav,943,ok
libri360_00124,./data/audio_clean/libri360_00124.wav,944,ok
libri360_00267,./data/audio_clean/libri360_00267.wav,945,ok
libri100_00243,./data/audio_clean/libri100_00243.wav,946,ok
libri360_01642,./data/audio_clean/libri360_01642.wav,947,ok
libri100_02613,./data/audio_clean/libri100_02613.wav,948,ok
libri360_00234,./data/audio_clean/libri360_00234.wav,949,ok
libri100_00144,./data/audio_clean/libri100_00144.wav,950,ok
libri100_02693,./data/audio_clean/libri100_02693.wav,951,ok
libri100_01932,./data/audio_clean/libri100_01932.wav,952,ok
libri360_00240,./data/audio_clean/libri360_00240.wav,953,ok
libri100_02812,./data/audio_clean/libri100_02812.wav,954,ok
libri360_00923,./data/audio_clean/libri360_00923.wav,955,ok
libri360_01902,./data/audio_clean/libri360_01902.wav,956,ok
libri100_00943,./data/audio_clean/libri100_00943.wav,957,ok
libri360_01559,./data/audio_clean/libri360_01559.wav,958,ok
libri100_02015,./data/audio_clean/libri100_02015.wav,959,ok
libri100_02184,./data/audio_clean/libri100_02184.wav,960,ok
libri100_01512,./data/audio_clean/libri100_01512.wav,961,ok
libri360_00505,./data/audio_clean/libri360_00505.wav,962,ok
libri100_02466,./data/audio_clean/libri100_02466.wav,963,ok
libri360_00553,./data/audio_clean/libri360_00553.wav,964,ok
libri100_01232,./data/audio_clean/libri100_01232.wav,965,ok
libri360_00478,./data/audio_clean/libri360_00478.wav,966,ok
libri100_01654,./data/audio_clean/libri100_01654.wav,967,ok
libri100_02143,./data/audio_clean/libri100_02143.wav,968,ok
libri360_00005,./data/audio_clean/libri360_00005.wav,969,ok
libri100_02304,./data/audio_clean/libri100_02304.wav,970,ok
libri100_01302,./data/audio_clean/libri100_01302.wav,971,ok
libri360_01276,./data/audio_clean/libri360_01276.wav,972,ok
libri100_00705,./data/audio_clean/libri100_00705.wav,973,ok
libri100_01727,./data/audio_clean/libri100_01727.wav,974,ok
libri360_00231,./data/audio_clean/libri360_00231.wav,975,ok
libri360_00254,./data/audio_clean/libri360_00254.wav,976,ok
libri100_01597,./data/audio_clean/libri100_01597.wav,977,ok
libri360_01374,./data/audio_clean/libri360_01374.wav,978,ok
libri360_01362,./data/audio_clean/libri360_01362.wav,979,ok
libri360_01008,./data/audio_clean/libri360_01008.wav,980,ok
libri100_00228,./data/audio_clean/libri100_00228.wav,981,ok
libri100_00365,./data/audio_clean/libri100_00365.wav,982,ok
libri100_00805,./data/audio_clean/libri100_00805.wav,983,ok
libri100_02909,./data/audio_clean/libri100_02909.wav,984,ok
libri360_00083,./data/audio_clean/libri360_00083.wav,985,ok
libri100_00910,./data/audio_clean/libri100_00910.wav,986,ok
libri360_00293,./data/audio_clean/libri360_00293.wav,987,ok
libri100_01820,./data/audio_clean/libri100_01820.wav,988,ok
libri100_02582,./data/audio_clean/libri100_02582.wav,989,ok
libri100_01889,./data/audio_clean/libri100_01889.wav,990,ok
libri360_00344,./data/audio_clean/libri360_00344.wav,991,ok
libri360_01436,./data/audio_clean/libri360_01436.wav,992,ok
libri100_00498,./data/audio_clean/libri100_00498.wav,993,ok
libri360_01525,./data/audio_clean/libri360_01525.wav,994,ok
libri100_02423,./data/audio_clean/libri100_02423.wav,995,ok
libri360_00095,./data/audio_clean/libri360_00095.wav,996,ok
libri100_02103,./data/audio_clean/libri100_02103.wav,997,ok
libri360_00939,./data/audio_clean/libri360_00939.wav,998,ok
libri100_01753,./data/audio_clean/libri100_01753.wav,999,ok
libri100_01430,./data/audio_clean/libri100_01430.wav,1000,ok
libri100_01547,./data/audio_clean/libri100_01547.wav,1001,ok
libri100_00139,./data/audio_clean/libri100_00139.wav,1002,ok
libri100_02132,./data/audio_clean/libri100_02132.wav,1003,ok
libri100_00309,./data/audio_clean/libri100_00309.wav,1004,ok
libri360_01413,./data/audio_clean/libri360_01413.wav,1005,ok
libri100_02260,./data/audio_clean/libri100_02260.wav,1006,ok
libri360_01691,./data/audio_clean/libri360_01691.wav,1007,ok
libri360_00925,./data/audio_clean/libri360_00925.wav,1008,ok
libri360_00178,./data/audio_clean/libri360_00178.wav,1009,ok
libri100_01375,./data/audio_clean/libri100_01375.wav,1010,ok
libri360_01164,./data/audio_clean/libri360_01164.wav,1011,ok
libri100_01754,./data/audio_clean/libri100_01754.wav,1012,ok
libri360_00212,./data/audio_clean/libri360_00212.wav,1013,ok
libri100_00983,./data/audio_clean/libri100_00983.wav,1014,ok
libri360_00587,./data/audio_clean/libri360_00587.wav,1015,ok
libri100_02474,./data/audio_clean/libri100_02474.wav,1016,ok
libri100_02374,./data/audio_clean/libri100_02374.wav,1017,ok
libri100_01704,./data/audio_clean/libri100_01704.wav,1018,ok
libri100_01293,./data/audio_clean/libri100_01293.wav,1019,ok
libri100_01381,./data/audio_clean/libri100_01381.wav,1020,ok
libri360_00428,./data/audio_clean/libri360_00428.wav,1021,ok
libri100_02830,./data/audio_clean/libri100_02830.wav,1022,ok
libri100_01123,./data/audio_clean/libri100_01123.wav,1023,ok
libri100_01580,./data/audio_clean/libri100_01580.wav,1024,ok
libri360_01511,./data/audio_clean/libri360_01511.wav,1025,ok
libri360_00041,./data/audio_clean/libri360_00041.wav,1026,ok
libri360_01253,./data/audio_clean/libri360_01253.wav,1027,ok
libri360_00176,./data/audio_clean/libri360_00176.wav,1028,ok
libri100_00412,./data/audio_clean/libri100_00412.wav,1029,ok
libri100_01938,./data/audio_clean/libri100_01938.wav,1030,ok
libri100_01919,./data/audio_clean/libri100_01919.wav,1031,ok
libri100_01460,./data/audio_clean/libri100_01460.wav,1032,ok
libri100_00040,./data/audio_clean/libri100_00040.wav,1033,ok
libri100_01069,./data/audio_clean/libri100_01069.wav,1034,ok
libri100_02218,./data/audio_clean/libri100_02218.wav,1035,ok
libri360_01923,./data/audio_clean/libri360_01923.wav,1036,ok
libri100_00184,./data/audio_clean/libri100_00184.wav,1037,ok
libri360_01697,./data/audio_clean/libri360_01697.wav,1038,ok
libri100_01004,./data/audio_clean/libri100_01004.wav,1039,ok
libri360_01188,./data/audio_clean/libri360_01188.wav,1040,ok
libri360_00771,./data/audio_clean/libri360_00771.wav,1041,ok
libri100_01008,./data/audio_clean/libri100_01008.wav,1042,ok
libri360_01887,./data/audio_clean/libri360_01887.wav,1043,ok
libri100_02951,./data/audio_clean/libri100_02951.wav,1044,ok
libri360_01224,./data/audio_clean/libri360_01224.wav,1045,ok
libri360_01578,./data/audio_clean/libri360_01578.wav,1046,ok
libri360_01305,./data/audio_clean/libri360_01305.wav,1047,ok
libri100_02547,./data/audio_clean/libri100_02547.wav,1048,ok
libri100_01190,./data/audio_clean/libri100_01190.wav,1049,ok
libri360_00393,./data/audio_clean/libri360_00393.wav,1050,ok
libri100_02449,./data/audio_clean/libri100_02449.wav,1051,ok
libri100_00726,./data/audio_clean/libri100_00726.wav,1052,ok
libri100_01074,./data/audio_clean/libri100_01074.wav,1053,ok
libri100_00449,./data/audio_clean/libri100_00449.wav,1054,ok
libri100_00114,./data/audio_clean/libri100_00114.wav,1055,ok
libri100_00545,./data/audio_clean/libri100_00545.wav,1056,ok
libri360_01092,./data/audio_clean/libri360_01092.wav,1057,ok
libri100_02320,./data/audio_clean/libri100_02320.wav,1058,ok
libri100_01813,./data/audio_clean/libri100_01813.wav,1059,ok
libri360_01196,./data/audio_clean/libri360_01196.wav,1060,ok
libri100_02384,./data/audio_clean/libri100_02384.wav,1061,ok
libri100_00732,./data/audio_clean/libri100_00732.wav,1062,ok
libri360_01889,./data/audio_clean/libri360_01889.wav,1063,ok
libri100_00119,./data/audio_clean/libri100_00119.wav,1064,ok
libri100_01596,./data/audio_clean/libri100_01596.wav,1065,ok
libri100_01108,./data/audio_clean/libri100_01108.wav,1066,ok
libri100_02616,./data/audio_clean/libri100_02616.wav,1067,ok
libri100_02532,./data/audio_clean/libri100_02532.wav,1068,ok
libri360_01764,./data/audio_clean/libri360_01764.wav,1069,ok
libri360_01093,./data/audio_clean/libri360_01093.wav,1070,ok
libri100_00553,./data/audio_clean/libri100_00553.wav,1071,ok
libri100_02199,./data/audio_clean/libri100_02199.wav,1072,ok
libri360_01197,./data/audio_clean/libri360_01197.wav,1073,ok
libri360_01663,./data/audio_clean/libri360_01663.wav,1074,ok
libri100_00704,./data/audio_clean/libri100_00704.wav,1075,ok
libri360_00455,./data/audio_clean/libri360_00455.wav,1076,ok
libri360_01715,./data/audio_clean/libri360_01715.wav,1077,ok
libri100_01974,./data/audio_clean/libri100_01974.wav,1078,ok
libri100_01107,./data/audio_clean/libri100_01107.wav,1079,ok
libri100_00039,./data/audio_clean/libri100_00039.wav,1080,ok
libri360_01607,./data/audio_clean/libri360_01607.wav,1081,ok
libri100_01076,./data/audio_clean/libri100_01076.wav,1082,ok
libri360_01067,./data/audio_clean/libri360_01067.wav,1083,ok
libri100_01269,./data/audio_clean/libri100_01269.wav,1084,ok
libri360_00955,./data/audio_clean/libri360_00955.wav,1085,ok
libri100_01274,./data/audio_clean/libri100_01274.wav,1086,ok
libri360_01102,./data/audio_clean/libri360_01102.wav,1087,ok
libri100_02997,./data/audio_clean/libri100_02997.wav,1088,ok
libri100_02763,./data/audio_clean/libri100_02763.wav,1089,ok
libri360_00800,./data/audio_clean/libri360_00800.wav,1090,ok
libri360_00211,./data/audio_clean/libri360_00211.wav,1091,ok
libri100_01021,./data/audio_clean/libri100_01021.wav,1092,ok
libri360_00362,./data/audio_clean/libri360_00362.wav,1093,ok
libri100_00503,./data/audio_clean/libri100_00503.wav,1094,ok
libri100_02969,./data/audio_clean/libri100_02969.wav,1095,ok
libri100_02637,./data/audio_clean/libri100_02637.wav,1096,ok
libri360_01870,./data/audio_clean/libri360_01870.wav,1097,ok
libri100_02072,./data/audio_clean/libri100_02072.wav,1098,ok
libri360_00499,./data/audio_clean/libri360_00499.wav,1099,ok
libri360_01024,./data/audio_clean/libri360_01024.wav,1100,ok
libri100_01766,./data/audio_clean/libri100_01766.wav,1101,ok
libri100_02890,./data/audio_clean/libri100_02890.wav,1102,ok
libri100_01722,./data/audio_clean/libri100_01722.wav,1103,ok
libri360_00392,./data/audio_clean/libri360_00392.wav,1104,ok
libri100_01449,./data/audio_clean/libri100_01449.wav,1105,ok
libri360_00968,./data/audio_clean/libri360_00968.wav,1106,ok
libri100_01635,./data/audio_clean/libri100_01635.wav,1107,ok
libri360_00357,./data/audio_clean/libri360_00357.wav,1108,ok
libri100_00887,./data/audio_clean/libri100_00887.wav,1109,ok
libri360_01836,./data/audio_clean/libri360_01836.wav,1110,ok
libri360_01584,./data/audio_clean/libri360_01584.wav,1111,ok
libri360_00731,./data/audio_clean/libri360_00731.wav,1112,ok
libri100_00250,./data/audio_clean/libri100_00250.wav,1113,ok
libri360_00687,./data/audio_clean/libri360_00687.wav,1114,ok
libri360_01003,./data/audio_clean/libri360_01003.wav,1115,ok
libri100_00263,./data/audio_clean/libri100_00263.wav,1116,ok
libri100_00908,./data/audio_clean/libri100_00908.wav,1117,ok
libri100_01773,./data/audio_clean/libri100_01773.wav,1118,ok
libri100_02911,./data/audio_clean/libri100_02911.wav,1119,ok
libri100_00044,./data/audio_clean/libri100_00044.wav,1120,ok
libri100_01195,./data/audio_clean/libri100_01195.wav,1121,ok
libri100_01447,./data/audio_clean/libri100_01447.wav,1122,ok
libri360_00127,./data/audio_clean/libri360_00127.wav,1123,ok
libri100_02957,./data/audio_clean/libri100_02957.wav,1124,ok
libri100_01899,./data/audio_clean/libri100_01899.wav,1125,ok
libri360_00106,./data/audio_clean/libri360_00106.wav,1126,ok
libri360_01101,./data/audio_clean/libri360_01101.wav,1127,ok
libri360_00080,./data/audio_clean/libri360_00080.wav,1128,ok
libri100_00126,./data/audio_clean/libri100_00126.wav,1129,ok
libri360_01595,./data/audio_clean/libri360_01595.wav,1130,ok
libri360_01698,./data/audio_clean/libri360_01698.wav,1131,ok
libri360_01523,./data/audio_clean/libri360_01523.wav,1132,ok
libri360_00536,./data/audio_clean/libri360_00536.wav,1133,ok
libri100_01787,./data/audio_clean/libri100_01787.wav,1134,ok
libri360_01980,./data/audio_clean/libri360_01980.wav,1135,ok
libri100_01878,./data/audio_clean/libri100_01878.wav,1136,ok
libri100_02509,./data/audio_clean/libri100_02509.wav,1137,ok
libri100_01138,./data/audio_clean/libri100_01138.wav,1138,ok
libri100_01812,./data/audio_clean/libri100_01812.wav,1139,ok
libri100_02392,./data/audio_clean/libri100_02392.wav,1140,ok
libri100_01665,./data/audio_clean/libri100_01665.wav,1141,ok
libri100_00356,./data/audio_clean/libri100_00356.wav,1142,ok
libri360_00577,./data/audio_clean/libri360_00577.wav,1143,ok
libri100_02142,./data/audio_clean/libri100_02142.wav,1144,ok
libri360_01272,./data/audio_clean/libri360_01272.wav,1145,ok
libri360_01834,./data/audio_clean/libri360_01834.wav,1146,ok
libri100_02929,./data/audio_clean/libri100_02929.wav,1147,ok
libri100_00728,./data/audio_clean/libri100_00728.wav,1148,ok
libri360_01044,./data/audio_clean/libri360_01044.wav,1149,ok
libri100_02399,./data/audio_clean/libri100_02399.wav,1150,ok
libri100_02826,./data/audio_clean/libri100_02826.wav,1151,ok
libri360_01711,./data/audio_clean/libri360_01711.wav,1152,ok
libri100_02981,./data/audio_clean/libri100_02981.wav,1153,ok
libri100_00082,./data/audio_clean/libri100_00082.wav,1154,ok
libri360_00472,./data/audio_clean/libri360_00472.wav,1155,ok
libri100_02107,./data/audio_clean/libri100_02107.wav,1156,ok
libri360_01168,./data/audio_clean/libri360_01168.wav,1157,ok
libri100_02750,./data/audio_clean/libri100_02750.wav,1158,ok
libri360_00290,./data/audio_clean/libri360_00290.wav,1159,ok
libri360_00615,./data/audio_clean/libri360_00615.wav,1160,ok
libri100_02469,./data/audio_clean/libri100_02469.wav,1161,ok
libri360_01811,./data/audio_clean/libri360_01811.wav,1162,ok
libri100_00425,./data/audio_clean/libri100_00425.wav,1163,ok
libri100_01650,./data/audio_clean/libri100_01650.wav,1164,ok
libri360_01264,./data/audio_clean/libri360_01264.wav,1165,ok
libri100_02400,./data/audio_clean/libri100_02400.wav,1166,ok
libri360_00480,./data/audio_clean/libri360_00480.wav,1167,ok
libri360_00713,./data/audio_clean/libri360_00713.wav,1168,ok
libri100_02814,./data/audio_clean/libri100_02814.wav,1169,ok
libri360_01782,./data/audio_clean/libri360_01782.wav,1170,ok
libri100_01860,./data/audio_clean/libri100_01860.wav,1171,ok
libri360_00225,./data/audio_clean/libri360_00225.wav,1172,ok
libri100_02748,./data/audio_clean/libri100_02748.wav,1173,ok
libri100_01970,./data/audio_clean/libri100_01970.wav,1174,ok
libri100_00415,./data/audio_clean/libri100_00415.wav,1175,ok
libri360_00640,./data/audio_clean/libri360_00640.wav,1176,ok
libri100_00478,./data/audio_clean/libri100_00478.wav,1177,ok
libri360_01718,./data/audio_clean/libri360_01718.wav,1178,ok
libri360_00203,./data/audio_clean/libri360_00203.wav,1179,ok
libri100_00651,./data/audio_clean/libri100_00651.wav,1180,ok
libri100_00668,./data/audio_clean/libri100_00668.wav,1181,ok
libri100_01567,./data/audio_clean/libri100_01567.wav,1182,ok
libri360_01685,./data/audio_clean/libri360_01685.wav,1183,ok
libri100_00534,./data/audio_clean/libri100_00534.wav,1184,ok
libri360_00990,./data/audio_clean/libri360_00990.wav,1185,ok
libri360_01286,./data/audio_clean/libri360_01286.wav,1186,ok
libri360_01793,./data/audio_clean/libri360_01793.wav,1187,ok
libri100_02080,./data/audio_clean/libri100_02080.wav,1188,ok
libri360_01448,./data/audio_clean/libri360_01448.wav,1189,ok
libri100_01162,./data/audio_clean/libri100_01162.wav,1190,ok
libri100_02482,./data/audio_clean/libri100_02482.wav,1191,ok
libri100_00807,./data/audio_clean/libri100_00807.wav,1192,ok
libri100_00273,./data/audio_clean/libri100_00273.wav,1193,ok
libri100_01678,./data/audio_clean/libri100_01678.wav,1194,ok
libri360_01933,./data/audio_clean/libri360_01933.wav,1195,ok
libri360_00811,./data/audio_clean/libri360_00811.wav,1196,ok
libri100_01984,./data/audio_clean/libri100_01984.wav,1197,ok
libri100_02151,./data/audio_clean/libri100_02151.wav,1198,ok
libri360_01557,./data/audio_clean/libri360_01557.wav,1199,ok
libri100_00845,./data/audio_clean/libri100_00845.wav,1200,ok
libri100_01064,./data/audio_clean/libri100_01064.wav,1201,ok
libri360_00416,./data/audio_clean/libri360_00416.wav,1202,ok
libri360_00563,./data/audio_clean/libri360_00563.wav,1203,ok
libri360_01426,./data/audio_clean/libri360_01426.wav,1204,ok
libri100_02095,./data/audio_clean/libri100_02095.wav,1205,ok
libri360_01325,./data/audio_clean/libri360_01325.wav,1206,ok
libri100_00122,./data/audio_clean/libri100_00122.wav,1207,ok
libri360_01705,./data/audio_clean/libri360_01705.wav,1208,ok
libri100_00859,./data/audio_clean/libri100_00859.wav,1209,ok
libri100_00487,./data/audio_clean/libri100_00487.wav,1210,ok
libri360_01051,./data/audio_clean/libri360_01051.wav,1211,ok
libri100_01404,./data/audio_clean/libri100_01404.wav,1212,ok
libri100_00212,./data/audio_clean/libri100_00212.wav,1213,ok
libri100_00629,./data/audio_clean/libri100_00629.wav,1214,ok
libri360_00841,./data/audio_clean/libri360_00841.wav,1215,ok
libri360_00475,./data/audio_clean/libri360_00475.wav,1216,ok
libri100_01389,./data/audio_clean/libri100_01389.wav,1217,ok
libri360_00998,./data/audio_clean/libri360_00998.wav,1218,ok
libri360_00333,./data/audio_clean/libri360_00333.wav,1219,ok
libri100_01109,./data/audio_clean/libri100_01109.wav,1220,ok
libri360_00794,./data/audio_clean/libri360_00794.wav,1221,ok
libri360_01864,./data/audio_clean/libri360_01864.wav,1222,ok
libri360_01993,./data/audio_clean/libri360_01993.wav,1223,ok
libri100_01988,./data/audio_clean/libri100_01988.wav,1224,ok
libri360_00426,./data/audio_clean/libri360_00426.wav,1225,ok
libri100_02875,./data/audio_clean/libri100_02875.wav,1226,ok
libri360_00214,./data/audio_clean/libri360_00214.wav,1227,ok
libri360_01768,./data/audio_clean/libri360_01768.wav,1228,ok
libri100_01010,./data/audio_clean/libri100_01010.wav,1229,ok
libri360_00199,./data/audio_clean/libri360_00199.wav,1230,ok
libri100_00754,./data/audio_clean/libri100_00754.wav,1231,ok
libri360_00371,./data/audio_clean/libri360_00371.wav,1232,ok
libri100_01951,./data/audio_clean/libri100_01951.wav,1233,ok
libri360_01376,./data/audio_clean/libri360_01376.wav,1234,ok
libri100_01941,./data/audio_clean/libri100_01941.wav,1235,ok
libri360_00916,./data/audio_clean/libri360_00916.wav,1236,ok
libri100_02512,./data/audio_clean/libri100_02512.wav,1237,ok
libri100_01756,./data/audio_clean/libri100_01756.wav,1238,ok
libri360_00963,./data/audio_clean/libri360_00963.wav,1239,ok
libri360_00606,./data/audio_clean/libri360_00606.wav,1240,ok
libri100_02561,./data/audio_clean/libri100_02561.wav,1241,ok
libri100_02942,./data/audio_clean/libri100_02942.wav,1242,ok
libri100_02845,./data/audio_clean/libri100_02845.wav,1243,ok
libri100_00636,./data/audio_clean/libri100_00636.wav,1244,ok
libri100_00578,./data/audio_clean/libri100_00578.wav,1245,ok
libri100_00952,./data/audio_clean/libri100_00952.wav,1246,ok
libri100_02733,./data/audio_clean/libri100_02733.wav,1247,ok
libri100_00821,./data/audio_clean/libri100_00821.wav,1248,ok
libri100_01277,./data/audio_clean/libri100_01277.wav,1249,ok
libri100_02921,./data/audio_clean/libri100_02921.wav,1250,ok
libri100_00457,./data/audio_clean/libri100_00457.wav,1251,ok
libri100_00367,./data/audio_clean/libri100_00367.wav,1252,ok
libri360_00008,./data/audio_clean/libri360_00008.wav,1253,ok
libri100_01028,./data/audio_clean/libri100_01028.wav,1254,ok
libri100_01322,./data/audio_clean/libri100_01322.wav,1255,ok
libri100_02742,./data/audio_clean/libri100_02742.wav,1256,ok
libri100_02688,./data/audio_clean/libri100_02688.wav,1257,ok
libri100_01475,./data/audio_clean/libri100_01475.wav,1258,ok
libri360_01534,./data/audio_clean/libri360_01534.wav,1259,ok
libri100_02926,./data/audio_clean/libri100_02926.wav,1260,ok
libri100_00852,./data/audio_clean/libri100_00852.wav,1261,ok
libri100_02539,./data/audio_clean/libri100_02539.wav,1262,ok
libri100_02439,./data/audio_clean/libri100_02439.wav,1263,ok
libri100_02396,./data/audio_clean/libri100_02396.wav,1264,ok
libri100_00858,./data/audio_clean/libri100_00858.wav,1265,ok
libri100_01132,./data/audio_clean/libri100_01132.wav,1266,ok
libri100_00072,./data/audio_clean/libri100_00072.wav,1267,ok
libri100_02495,./data/audio_clean/libri100_02495.wav,1268,ok
libri100_02933,./data/audio_clean/libri100_02933.wav,1269,ok
libri360_00773,./data/audio_clean/libri360_00773.wav,1270,ok
libri360_01307,./data/audio_clean/libri360_01307.wav,1271,ok
libri360_00645,./data/audio_clean/libri360_00645.wav,1272,ok
libri360_01892,./data/audio_clean/libri360_01892.wav,1273,ok
libri360_01934,./data/audio_clean/libri360_01934.wav,1274,ok
libri100_01698,./data/audio_clean/libri100_01698.wav,1275,ok
libri100_01870,./data/audio_clean/libri100_01870.wav,1276,ok
libri360_00747,./data/audio_clean/libri360_00747.wav,1277,ok
libri360_01095,./data/audio_clean/libri360_01095.wav,1278,ok
libri360_00373,./data/audio_clean/libri360_00373.wav,1279,ok
libri360_00919,./data/audio_clean/libri360_00919.wav,1280,ok
libri100_02352,./data/audio_clean/libri100_02352.wav,1281,ok
libri100_02604,./data/audio_clean/libri100_02604.wav,1282,ok
libri100_00522,./data/audio_clean/libri100_00522.wav,1283,ok
libri360_01156,./data/audio_clean/libri360_01156.wav,1284,ok
libri100_02624,./data/audio_clean/libri100_02624.wav,1285,ok
libri100_01312,./data/audio_clean/libri100_01312.wav,1286,ok
libri360_00460,./data/audio_clean/libri360_00460.wav,1287,ok
libri360_00381,./data/audio_clean/libri360_00381.wav,1288,ok
libri100_00113,./data/audio_clean/libri100_00113.wav,1289,ok
libri360_01784,./data/audio_clean/libri360_01784.wav,1290,ok
libri100_01981,./data/audio_clean/libri100_01981.wav,1291,ok
libri100_02870,./data/audio_clean/libri100_02870.wav,1292,ok
libri360_01204,./data/audio_clean/libri360_01204.wav,1293,ok
libri360_01873,./data/audio_clean/libri360_01873.wav,1294,ok
libri100_02275,./data/audio_clean/libri100_02275.wav,1295,ok
libri360_00079,./data/audio_clean/libri360_00079.wav,1296,ok
libri360_00736,./data/audio_clean/libri360_00736.wav,1297,ok
libri100_00130,./data/audio_clean/libri100_00130.wav,1298,ok
libri100_02885,./data/audio_clean/libri100_02885.wav,1299,ok
libri100_00557,./data/audio_clean/libri100_00557.wav,1300,ok
libri360_00118,./data/audio_clean/libri360_00118.wav,1301,ok
libri100_00686,./data/audio_clean/libri100_00686.wav,1302,ok
libri360_01343,./data/audio_clean/libri360_01343.wav,1303,ok
libri360_01406,./data/audio_clean/libri360_01406.wav,1304,ok
libri360_00938,./data/audio_clean/libri360_00938.wav,1305,ok
libri360_01297,./data/audio_clean/libri360_01297.wav,1306,ok
libri100_01493,./data/audio_clean/libri100_01493.wav,1307,ok
libri100_02205,./data/audio_clean/libri100_02205.wav,1308,ok
libri100_00530,./data/audio_clean/libri100_00530.wav,1309,ok
libri100_01059,./data/audio_clean/libri100_01059.wav,1310,ok
libri100_02357,./data/audio_clean/libri100_02357.wav,1311,ok
libri360_00356,./data/audio_clean/libri360_00356.wav,1312,ok
libri360_00486,./data/audio_clean/libri360_00486.wav,1313,ok
libri100_02719,./data/audio_clean/libri100_02719.wav,1314,ok
libri100_00023,./data/audio_clean/libri100_00023.wav,1315,ok
libri360_00722,./data/audio_clean/libri360_00722.wav,1316,ok
libri100_02035,./data/audio_clean/libri100_02035.wav,1317,ok
libri360_01987,./data/audio_clean/libri360_01987.wav,1318,ok
libri100_02869,./data/audio_clean/libri100_02869.wav,1319,ok
libri360_00552,./data/audio_clean/libri360_00552.wav,1320,ok
libri360_01138,./data/audio_clean/libri360_01138.wav,1321,ok
libri360_00790,./data/audio_clean/libri360_00790.wav,1322,ok
libri360_01356,./data/audio_clean/libri360_01356.wav,1323,ok
libri100_00928,./data/audio_clean/libri100_00928.wav,1324,ok
libri100_01830,./data/audio_clean/libri100_01830.wav,1325,ok
libri360_01389,./data/audio_clean/libri360_01389.wav,1326,ok
libri100_00176,./data/audio_clean/libri100_00176.wav,1327,ok
libri360_00569,./data/audio_clean/libri360_00569.wav,1328,ok
libri360_01633,./data/audio_clean/libri360_01633.wav,1329,ok
libri100_01718,./data/audio_clean/libri100_01718.wav,1330,ok
libri360_01219,./data/audio_clean/libri360_01219.wav,1331,ok
libri360_01368,./data/audio_clean/libri360_01368.wav,1332,ok
libri100_00135,./data/audio_clean/libri100_00135.wav,1333,ok
libri100_02223,./data/audio_clean/libri100_02223.wav,1334,ok
libri360_00400,./data/audio_clean/libri360_00400.wav,1335,ok
libri100_01299,./data/audio_clean/libri100_01299.wav,1336,ok
libri360_00880,./data/audio_clean/libri360_00880.wav,1337,ok
libri100_00800,./data/audio_clean/libri100_00800.wav,1338,ok
libri100_00669,./data/audio_clean/libri100_00669.wav,1339,ok
libri100_01355,./data/audio_clean/libri100_01355.wav,1340,ok
libri360_00424,./data/audio_clean/libri360_00424.wav,1341,ok
libri360_01656,./data/audio_clean/libri360_01656.wav,1342,ok
libri100_01047,./data/audio_clean/libri100_01047.wav,1343,ok
libri100_02240,./data/audio_clean/libri100_02240.wav,1344,ok
libri360_01053,./data/audio_clean/libri360_01053.wav,1345,ok
libri100_02995,./data/audio_clean/libri100_02995.wav,1346,ok
libri360_00097,./data/audio_clean/libri360_00097.wav,1347,ok
libri360_00376,./data/audio_clean/libri360_00376.wav,1348,ok
libri360_00120,./data/audio_clean/libri360_00120.wav,1349,ok
libri100_01657,./data/audio_clean/libri100_01657.wav,1350,ok
libri100_01098,./data/audio_clean/libri100_01098.wav,1351,ok
libri100_01780,./data/audio_clean/libri100_01780.wav,1352,ok
libri360_00881,./data/audio_clean/libri360_00881.wav,1353,ok
libri360_00777,./data/audio_clean/libri360_00777.wav,1354,ok
libri360_01665,./data/audio_clean/libri360_01665.wav,1355,ok
libri100_00850,./data/audio_clean/libri100_00850.wav,1356,ok
libri100_02799,./data/audio_clean/libri100_02799.wav,1357,ok
libri360_01623,./data/audio_clean/libri360_01623.wav,1358,ok
libri360_00228,./data/audio_clean/libri360_00228.wav,1359,ok
libri100_01897,./data/audio_clean/libri100_01897.wav,1360,ok
libri100_02835,./data/audio_clean/libri100_02835.wav,1361,ok
libri100_00123,./data/audio_clean/libri100_00123.wav,1362,ok
libri100_00081,./data/audio_clean/libri100_00081.wav,1363,ok
libri100_00441,./data/audio_clean/libri100_00441.wav,1364,ok
libri360_00922,./data/audio_clean/libri360_00922.wav,1365,ok
libri100_00028,./data/audio_clean/libri100_00028.wav,1366,ok
libri100_02177,./data/audio_clean/libri100_02177.wav,1367,ok
libri360_01153,./data/audio_clean/libri360_01153.wav,1368,ok
libri100_00034,./data/audio_clean/libri100_00034.wav,1369,ok
libri360_01629,./data/audio_clean/libri360_01629.wav,1370,ok
libri100_02438,./data/audio_clean/libri100_02438.wav,1371,ok
libri360_00215,./data/audio_clean/libri360_00215.wav,1372,ok
libri100_01632,./data/audio_clean/libri100_01632.wav,1373,ok
libri360_01191,./data/audio_clean/libri360_01191.wav,1374,ok
libri100_00861,./data/audio_clean/libri100_00861.wav,1375,ok
libri100_01164,./data/audio_clean/libri100_01164.wav,1376,ok
libri360_01961,./data/audio_clean/libri360_01961.wav,1377,ok
libri100_01461,./data/audio_clean/libri100_01461.wav,1378,ok
libri100_00648,./data/audio_clean/libri100_00648.wav,1379,ok
libri100_02382,./data/audio_clean/libri100_02382.wav,1380,ok
libri100_00024,./data/audio_clean/libri100_00024.wav,1381,ok
libri100_01081,./data/audio_clean/libri100_01081.wav,1382,ok
libri100_01459,./data/audio_clean/libri100_01459.wav,1383,ok
libri360_01357,./data/audio_clean/libri360_01357.wav,1384,ok
libri100_02761,./data/audio_clean/libri100_02761.wav,1385,ok
libri100_01023,./data/audio_clean/libri100_01023.wav,1386,ok
libri360_01242,./data/audio_clean/libri360_01242.wav,1387,ok
libri360_00321,./data/audio_clean/libri360_00321.wav,1388,ok
libri100_00790,./data/audio_clean/libri100_00790.wav,1389,ok
libri100_01854,./data/audio_clean/libri100_01854.wav,1390,ok
libri100_00490,./data/audio_clean/libri100_00490.wav,1391,ok
libri100_00111,./data/audio_clean/libri100_00111.wav,1392,ok
libri360_01789,./data/audio_clean/libri360_01789.wav,1393,ok
libri100_02321,./data/audio_clean/libri100_02321.wav,1394,ok
libri360_01760,./data/audio_clean/libri360_01760.wav,1395,ok
libri100_00386,./data/audio_clean/libri100_00386.wav,1396,ok
libri100_01043,./data/audio_clean/libri100_01043.wav,1397,ok
libri360_01256,./data/audio_clean/libri360_01256.wav,1398,ok
libri100_01060,./data/audio_clean/libri100_01060.wav,1399,ok
libri360_00490,./data/audio_clean/libri360_00490.wav,1400,ok
libri360_00289,./data/audio_clean/libri360_00289.wav,1401,ok
libri100_02729,./data/audio_clean/libri100_02729.wav,1402,ok
libri100_00054,./data/audio_clean/libri100_00054.wav,1403,ok
libri360_01221,./data/audio_clean/libri360_01221.wav,1404,ok
libri100_01244,./data/audio_clean/libri100_01244.wav,1405,ok
libri100_02133,./data/audio_clean/libri100_02133.wav,1406,ok
libri360_00263,./data/audio_clean/libri360_00263.wav,1407,ok
libri360_01992,./data/audio_clean/libri360_01992.wav,1408,ok
libri100_01877,./data/audio_clean/libri100_01877.wav,1409,ok
libri100_02536,./data/audio_clean/libri100_02536.wav,1410,ok
libri100_01320,./data/audio_clean/libri100_01320.wav,1411,ok
libri100_01579,./data/audio_clean/libri100_01579.wav,1412,ok
libri100_00507,./data/audio_clean/libri100_00507.wav,1413,ok
libri360_01545,./data/audio_clean/libri360_01545.wav,1414,ok
libri100_02819,./data/audio_clean/libri100_02819.wav,1415,ok
libri100_02914,./data/audio_clean/libri100_02914.wav,1416,ok
libri100_01576,./data/audio_clean/libri100_01576.wav,1417,ok
libri100_02583,./data/audio_clean/libri100_02583.wav,1418,ok
libri360_01602,./data/audio_clean/libri360_01602.wav,1419,ok
libri100_02395,./data/audio_clean/libri100_02395.wav,1420,ok
libri100_00286,./data/audio_clean/libri100_00286.wav,1421,ok
libri100_00205,./data/audio_clean/libri100_00205.wav,1422,ok
libri360_00663,./data/audio_clean/libri360_00663.wav,1423,ok
libri360_01155,./data/audio_clean/libri360_01155.wav,1424,ok
libri100_02671,./data/audio_clean/libri100_02671.wav,1425,ok
libri360_01749,./data/audio_clean/libri360_01749.wav,1426,ok
libri100_01604,./data/audio_clean/libri100_01604.wav,1427,ok
libri100_00843,./data/audio_clean/libri100_00843.wav,1428,ok
libri100_00310,./data/audio_clean/libri100_00310.wav,1429,ok
libri360_01236,./data/audio_clean/libri360_01236.wav,1430,ok
libri100_02061,./data/audio_clean/libri100_02061.wav,1431,ok
libri360_01443,./data/audio_clean/libri360_01443.wav,1432,ok
libri100_02756,./data/audio_clean/libri100_02756.wav,1433,ok
libri360_01890,./data/audio_clean/libri360_01890.wav,1434,ok
libri100_01502,./data/audio_clean/libri100_01502.wav,1435,ok
libri100_01608,./data/audio_clean/libri100_01608.wav,1436,ok
libri360_01745,./data/audio_clean/libri360_01745.wav,1437,ok
libri100_01869,./data/audio_clean/libri100_01869.wav,1438,ok
libri360_00683,./data/audio_clean/libri360_00683.wav,1439,ok
libri100_00140,./data/audio_clean/libri100_00140.wav,1440,ok
libri100_00292,./data/audio_clean/libri100_00292.wav,1441,ok
libri360_00275,./data/audio_clean/libri360_00275.wav,1442,ok
libri100_02292,./data/audio_clean/libri100_02292.wav,1443,ok
libri100_00272,./data/audio_clean/libri100_00272.wav,1444,ok
libri100_00783,./data/audio_clean/libri100_00783.wav,1445,ok
libri360_01026,./data/audio_clean/libri360_01026.wav,1446,ok
libri360_00086,./data/audio_clean/libri360_00086.wav,1447,ok
libri100_00752,./data/audio_clean/libri100_00752.wav,1448,ok
libri360_01626,./data/audio_clean/libri360_01626.wav,1449,ok
libri360_00821,./data/audio_clean/libri360_00821.wav,1450,ok
libri100_01664,./data/audio_clean/libri100_01664.wav,1451,ok
libri100_00182,./data/audio_clean/libri100_00182.wav,1452,ok
libri100_00784,./data/audio_clean/libri100_00784.wav,1453,ok
libri360_00618,./data/audio_clean/libri360_00618.wav,1454,ok
libri100_00145,./data/audio_clean/libri100_00145.wav,1455,ok
libri100_00978,./data/audio_clean/libri100_00978.wav,1456,ok
libri100_02899,./data/audio_clean/libri100_02899.wav,1457,ok
libri100_01421,./data/audio_clean/libri100_01421.wav,1458,ok
libri360_01360,./data/audio_clean/libri360_01360.wav,1459,ok
libri100_02356,./data/audio_clean/libri100_02356.wav,1460,ok
libri360_00085,./data/audio_clean/libri360_00085.wav,1461,ok
libri100_02339,./data/audio_clean/libri100_02339.wav,1462,ok
libri100_00016,./data/audio_clean/libri100_00016.wav,1463,ok
libri100_01685,./data/audio_clean/libri100_01685.wav,1464,ok
libri100_00911,./data/audio_clean/libri100_00911.wav,1465,ok
libri100_01392,./data/audio_clean/libri100_01392.wav,1466,ok
libri100_01063,./data/audio_clean/libri100_01063.wav,1467,ok
libri100_00463,./data/audio_clean/libri100_00463.wav,1468,ok
libri100_01215,./data/audio_clean/libri100_01215.wav,1469,ok
libri360_01751,./data/audio_clean/libri360_01751.wav,1470,ok
libri100_02645,./data/audio_clean/libri100_02645.wav,1471,ok
libri360_01379,./data/audio_clean/libri360_01379.wav,1472,ok
libri100_00437,./data/audio_clean/libri100_00437.wav,1473,ok
libri100_00002,./data/audio_clean/libri100_00002.wav,1474,ok
libri100_00194,./data/audio_clean/libri100_00194.wav,1475,ok
libri360_01421,./data/audio_clean/libri360_01421.wav,1476,ok
libri100_02773,./data/audio_clean/libri100_02773.wav,1477,ok
libri100_01342,./data/audio_clean/libri100_01342.wav,1478,ok
libri360_01014,./data/audio_clean/libri360_01014.wav,1479,ok
libri360_00239,./data/audio_clean/libri360_00239.wav,1480,ok
libri100_02314,./data/audio_clean/libri100_02314.wav,1481,ok
libri100_02527,./data/audio_clean/libri100_02527.wav,1482,ok
libri100_00811,./data/audio_clean/libri100_00811.wav,1483,ok
libri100_02892,./data/audio_clean/libri100_02892.wav,1484,ok
libri360_00648,./data/audio_clean/libri360_00648.wav,1485,ok
libri360_00489,./data/audio_clean/libri360_00489.wav,1486,ok
libri360_00471,./data/audio_clean/libri360_00471.wav,1487,ok
libri100_00761,./data/audio_clean/libri100_00761.wav,1488,ok
libri360_01319,./data/audio_clean/libri360_01319.wav,1489,ok
libri100_02794,./data/audio_clean/libri100_02794.wav,1490,ok
libri360_00209,./data/audio_clean/libri360_00209.wav,1491,ok
libri100_01340,./data/audio_clean/libri100_01340.wav,1492,ok
libri100_00191,./data/audio_clean/libri100_00191.wav,1493,ok
libri100_02644,./data/audio_clean/libri100_02644.wav,1494,ok
libri360_01712,./data/audio_clean/libri360_01712.wav,1495,ok
libri360_01903,./data/audio_clean/libri360_01903.wav,1496,ok
libri100_02574,./data/audio_clean/libri100_02574.wav,1497,ok
libri100_00270,./data/audio_clean/libri100_00270.wav,1498,ok
libri360_01565,./data/audio_clean/libri360_01565.wav,1499,ok
libri360_01604,./data/audio_clean/libri360_01604.wav,1500,ok
libri100_00001,./data/audio_clean/libri100_00001.wav,1501,ok
libri360_00418,./data/audio_clean/libri360_00418.wav,1502,ok
libri360_01390,./data/audio_clean/libri360_01390.wav,1503,ok
libri360_01583,./data/audio_clean/libri360_01583.wav,1504,ok
libri100_02427,./data/audio_clean/libri100_02427.wav,1505,ok
libri100_02686,./data/audio_clean/libri100_02686.wav,1506,ok
libri360_01331,./data/audio_clean/libri360_01331.wav,1507,ok
libri360_00412,./data/audio_clean/libri360_00412.wav,1508,ok
libri360_00479,./data/audio_clean/libri360_00479.wav,1509,ok
libri360_01560,./data/audio_clean/libri360_01560.wav,1510,ok
libri100_00099,./data/audio_clean/libri100_00099.wav,1511,ok
libri100_01397,./data/audio_clean/libri100_01397.wav,1512,ok
libri360_00930,./data/audio_clean/libri360_00930.wav,1513,ok
libri100_02227,./data/audio_clean/libri100_02227.wav,1514,ok
libri100_02222,./data/audio_clean/libri100_02222.wav,1515,ok
libri360_01226,./data/audio_clean/libri360_01226.wav,1516,ok
libri360_01824,./data/audio_clean/libri360_01824.wav,1517,ok
libri360_01785,./data/audio_clean/libri360_01785.wav,1518,ok
libri100_00691,./data/audio_clean/libri100_00691.wav,1519,ok
libri360_01802,./data/audio_clean/libri360_01802.wav,1520,ok
libri100_00661,./data/audio_clean/libri100_00661.wav,1521,ok
libri100_02014,./data/audio_clean/libri100_02014.wav,1522,ok
libri100_01676,./data/audio_clean/libri100_01676.wav,1523,ok
libri360_00391,./data/audio_clean/libri360_00391.wav,1524,ok
libri100_01770,./data/audio_clean/libri100_01770.wav,1525,ok
libri360_00668,./data/audio_clean/libri360_00668.wav,1526,ok
libri100_00814,./data/audio_clean/libri100_00814.wav,1527,ok
libri100_01898,./data/audio_clean/libri100_01898.wav,1528,ok
libri100_02877,./data/audio_clean/libri100_02877.wav,1529,ok
libri100_00733,./data/audio_clean/libri100_00733.wav,1530,ok
libri360_01383,./data/audio_clean/libri360_01383.wav,1531,ok
libri100_01360,./data/audio_clean/libri100_01360.wav,1532,ok
libri100_01300,./data/audio_clean/libri100_01300.wav,1533,ok
libri360_01385,./data/audio_clean/libri360_01385.wav,1534,ok
libri100_01496,./data/audio_clean/libri100_01496.wav,1535,ok
libri100_02245,./data/audio_clean/libri100_02245.wav,1536,ok
libri100_02915,./data/audio_clean/libri100_02915.wav,1537,ok
libri100_00005,./data/audio_clean/libri100_00005.wav,1538,ok
libri100_01191,./data/audio_clean/libri100_01191.wav,1539,ok
libri360_01407,./data/audio_clean/libri360_01407.wav,1540,ok
libri100_00999,./data/audio_clean/libri100_00999.wav,1541,ok
libri360_01318,./data/audio_clean/libri360_01318.wav,1542,ok
libri100_00755,./data/audio_clean/libri100_00755.wav,1543,ok
libri100_01422,./data/audio_clean/libri100_01422.wav,1544,ok
libri360_01958,./data/audio_clean/libri360_01958.wav,1545,ok
libri360_01032,./data/audio_clean/libri360_01032.wav,1546,ok
libri100_01055,./data/audio_clean/libri100_01055.wav,1547,ok
libri100_02998,./data/audio_clean/libri100_02998.wav,1548,ok
libri360_00611,./data/audio_clean/libri360_00611.wav,1549,ok
libri100_02843,./data/audio_clean/libri100_02843.wav,1550,ok
libri360_00192,./data/audio_clean/libri360_00192.wav,1551,ok
libri100_02134,./data/audio_clean/libri100_02134.wav,1552,ok
libri100_00768,./data/audio_clean/libri100_00768.wav,1553,ok
libri100_02105,./data/audio_clean/libri100_02105.wav,1554,ok
libri360_00889,./data/audio_clean/libri360_00889.wav,1555,ok
libri360_01713,./data/audio_clean/libri360_01713.wav,1556,ok
libri100_01607,./data/audio_clean/libri100_01607.wav,1557,ok
libri360_00500,./data/audio_clean/libri360_00500.wav,1558,ok
libri100_00291,./data/audio_clean/libri100_00291.wav,1559,ok
libri360_00605,./data/audio_clean/libri360_00605.wav,1560,ok
libri100_02818,./data/audio_clean/libri100_02818.wav,1561,ok
libri100_01384,./data/audio_clean/libri100_01384.wav,1562,ok
libri100_02221,./data/audio_clean/libri100_02221.wav,1563,ok
libri100_02140,./data/audio_clean/libri100_02140.wav,1564,ok
libri100_00659,./data/audio_clean/libri100_00659.wav,1565,ok
libri100_01456,./data/audio_clean/libri100_01456.wav,1566,ok
libri100_02771,./data/audio_clean/libri100_02771.wav,1567,ok
libri100_00511,./data/audio_clean/libri100_00511.wav,1568,ok
libri100_00271,./data/audio_clean/libri100_00271.wav,1569,ok
libri100_02186,./data/audio_clean/libri100_02186.wav,1570,ok
libri100_00259,./data/audio_clean/libri100_00259.wav,1571,ok
libri100_02387,./data/audio_clean/libri100_02387.wav,1572,ok
libri100_00567,./data/audio_clean/libri100_00567.wav,1573,ok
libri100_01600,./data/audio_clean/libri100_01600.wav,1574,ok
libri360_01624,./data/audio_clean/libri360_01624.wav,1575,ok
libri360_01556,./data/audio_clean/libri360_01556.wav,1576,ok
libri360_01791,./data/audio_clean/libri360_01791.wav,1577,ok
libri100_02982,./data/audio_clean/libri100_02982.wav,1578,ok
libri100_02248,./data/audio_clean/libri100_02248.wav,1579,ok
libri100_02461,./data/audio_clean/libri100_02461.wav,1580,ok
libri100_02414,./data/audio_clean/libri100_02414.wav,1581,ok
libri100_02986,./data/audio_clean/libri100_02986.wav,1582,ok
libri360_00914,./data/audio_clean/libri360_00914.wav,1583,ok
libri100_02598,./data/audio_clean/libri100_02598.wav,1584,ok
libri360_01184,./data/audio_clean/libri360_01184.wav,1585,ok
libri100_00662,./data/audio_clean/libri100_00662.wav,1586,ok
libri100_01655,./data/audio_clean/libri100_01655.wav,1587,ok
libri100_01103,./data/audio_clean/libri100_01103.wav,1588,ok
libri100_01742,./data/audio_clean/libri100_01742.wav,1589,ok
libri360_00732,./data/audio_clean/libri360_00732.wav,1590,ok
libri100_01090,./data/audio_clean/libri100_01090.wav,1591,ok
libri100_02702,./data/audio_clean/libri100_02702.wav,1592,ok
libri360_00132,./data/audio_clean/libri360_00132.wav,1593,ok
libri100_02855,./data/audio_clean/libri100_02855.wav,1594,ok
libri360_00765,./data/audio_clean/libri360_00765.wav,1595,ok
libri360_01110,./data/audio_clean/libri360_01110.wav,1596,ok
libri100_01915,./data/audio_clean/libri100_01915.wav,1597,ok
libri360_01131,./data/audio_clean/libri360_01131.wav,1598,ok
libri100_00339,./data/audio_clean/libri100_00339.wav,1599,ok
libri360_01027,./data/audio_clean/libri360_01027.wav,1600,ok
libri360_01867,./data/audio_clean/libri360_01867.wav,1601,ok
libri100_01249,./data/audio_clean/libri100_01249.wav,1602,ok
libri100_02589,./data/audio_clean/libri100_02589.wav,1603,ok
libri360_00449,./data/audio_clean/libri360_00449.wav,1604,ok
libri360_01146,./data/audio_clean/libri360_01146.wav,1605,ok
libri100_01204,./data/audio_clean/libri100_01204.wav,1606,ok
libri100_01775,./data/audio_clean/libri100_01775.wav,1607,ok
libri100_01929,./data/audio_clean/libri100_01929.wav,1608,ok
libri100_02338,./data/audio_clean/libri100_02338.wav,1609,ok
libri100_01588,./data/audio_clean/libri100_01588.wav,1610,ok
libri100_02179,./data/audio_clean/libri100_02179.wav,1611,ok
libri100_00899,./data/audio_clean/libri100_00899.wav,1612,ok
libri360_00034,./data/audio_clean/libri360_00034.wav,1613,ok
libri100_02904,./data/audio_clean/libri100_02904.wav,1614,ok
libri360_01587,./data/audio_clean/libri360_01587.wav,1615,ok
libri360_01380,./data/audio_clean/libri360_01380.wav,1616,ok
libri100_02129,./data/audio_clean/libri100_02129.wav,1617,ok
libri100_01726,./data/audio_clean/libri100_01726.wav,1618,ok
libri360_01430,./data/audio_clean/libri360_01430.wav,1619,ok
libri100_02767,./data/audio_clean/libri100_02767.wav,1620,ok
libri360_00875,./data/audio_clean/libri360_00875.wav,1621,ok
libri100_02977,./data/audio_clean/libri100_02977.wav,1622,ok
libri100_02676,./data/audio_clean/libri100_02676.wav,1623,ok
libri100_00870,./data/audio_clean/libri100_00870.wav,1624,ok
libri100_02522,./data/audio_clean/libri100_02522.wav,1625,ok
libri360_00468,./data/audio_clean/libri360_00468.wav,1626,ok
libri360_00451,./data/audio_clean/libri360_00451.wav,1627,ok
libri360_00457,./data/audio_clean/libri360_00457.wav,1628,ok
libri360_00721,./data/audio_clean/libri360_00721.wav,1629,ok
libri360_00861,./data/audio_clean/libri360_00861.wav,1630,ok
libri100_01549,./data/audio_clean/libri100_01549.wav,1631,ok
libri360_00720,./data/audio_clean/libri360_00720.wav,1632,ok
libri100_00751,./data/audio_clean/libri100_00751.wav,1633,ok
libri100_02524,./data/audio_clean/libri100_02524.wav,1634,ok
libri100_01587,./data/audio_clean/libri100_01587.wav,1635,ok
libri100_02683,./data/audio_clean/libri100_02683.wav,1636,ok
libri360_00623,./data/audio_clean/libri360_00623.wav,1637,ok
libri360_00912,./data/audio_clean/libri360_00912.wav,1638,ok
libri100_02298,./data/audio_clean/libri100_02298.wav,1639,ok
libri360_01254,./data/audio_clean/libri360_01254.wav,1640,ok
libri100_02155,./data/audio_clean/libri100_02155.wav,1641,ok
libri360_00278,./data/audio_clean/libri360_00278.wav,1642,ok
libri360_00135,./data/audio_clean/libri360_00135.wav,1643,ok
libri100_02668,./data/audio_clean/libri100_02668.wav,1644,ok
libri360_00189,./data/audio_clean/libri360_00189.wav,1645,ok
libri360_01823,./data/audio_clean/libri360_01823.wav,1646,ok
libri100_00936,./data/audio_clean/libri100_00936.wav,1647,ok
libri100_01598,./data/audio_clean/libri100_01598.wav,1648,ok
libri100_00344,./data/audio_clean/libri100_00344.wav,1649,ok
libri360_01591,./data/audio_clean/libri360_01591.wav,1650,ok
libri100_01101,./data/audio_clean/libri100_01101.wav,1651,ok
libri100_00460,./data/audio_clean/libri100_00460.wav,1652,ok
libri100_02523,./data/audio_clean/libri100_02523.wav,1653,ok
libri360_01075,./data/audio_clean/libri360_01075.wav,1654,ok
libri360_00102,./data/audio_clean/libri360_00102.wav,1655,ok
libri100_00451,./data/audio_clean/libri100_00451.wav,1656,ok
libri360_01772,./data/audio_clean/libri360_01772.wav,1657,ok
libri360_00328,./data/audio_clean/libri360_00328.wav,1658,ok
libri100_00063,./data/audio_clean/libri100_00063.wav,1659,ok
libri100_01157,./data/audio_clean/libri100_01157.wav,1660,ok
libri360_01574,./data/audio_clean/libri360_01574.wav,1661,ok
libri100_02010,./data/audio_clean/libri100_02010.wav,1662,ok
libri360_01878,./data/audio_clean/libri360_01878.wav,1663,ok
libri360_00704,./data/audio_clean/libri360_00704.wav,1664,ok
libri100_01454,./data/audio_clean/libri100_01454.wav,1665,ok
libri100_01832,./data/audio_clean/libri100_01832.wav,1666,ok
libri100_01007,./data/audio_clean/libri100_01007.wav,1667,ok
libri100_02566,./data/audio_clean/libri100_02566.wav,1668,ok
libri360_00848,./data/audio_clean/libri360_00848.wav,1669,ok
libri100_02322,./data/audio_clean/libri100_02322.wav,1670,ok
libri100_01337,./data/audio_clean/libri100_01337.wav,1671,ok
libri100_01035,./data/audio_clean/libri100_01035.wav,1672,ok
libri100_01150,./data/audio_clean/libri100_01150.wav,1673,ok
libri360_00045,./data/audio_clean/libri360_00045.wav,1674,ok
libri100_01669,./data/audio_clean/libri100_01669.wav,1675,ok
libri100_00399,./data/audio_clean/libri100_00399.wav,1676,ok
libri360_01829,./data/audio_clean/libri360_01829.wav,1677,ok
libri360_01013,./data/audio_clean/libri360_01013.wav,1678,ok
libri100_00019,./data/audio_clean/libri100_00019.wav,1679,ok
libri100_00735,./data/audio_clean/libri100_00735.wav,1680,ok
libri360_01627,./data/audio_clean/libri360_01627.wav,1681,ok
libri360_00689,./data/audio_clean/libri360_00689.wav,1682,ok
libri360_01117,./data/audio_clean/libri360_01117.wav,1683,ok
libri360_01217,./data/audio_clean/libri360_01217.wav,1684,ok
libri100_00383,./data/audio_clean/libri100_00383.wav,1685,ok
libri100_00287,./data/audio_clean/libri100_00287.wav,1686,ok
libri100_02261,./data/audio_clean/libri100_02261.wav,1687,ok
libri360_00649,./data/audio_clean/libri360_00649.wav,1688,ok
libri100_00341,./data/audio_clean/libri100_00341.wav,1689,ok
libri100_01136,./data/audio_clean/libri100_01136.wav,1690,ok
libri100_00354,./data/audio_clean/libri100_00354.wav,1691,ok
libri100_01868,./data/audio_clean/libri100_01868.wav,1692,ok
libri100_01713,./data/audio_clean/libri100_01713.wav,1693,ok
libri360_01671,./data/audio_clean/libri360_01671.wav,1694,ok
libri100_01301,./data/audio_clean/libri100_01301.wav,1695,ok
libri360_01942,./data/audio_clean/libri360_01942.wav,1696,ok
libri100_00380,./data/audio_clean/libri100_00380.wav,1697,ok
libri360_01940,./data/audio_clean/libri360_01940.wav,1698,ok
libri100_00785,./data/audio_clean/libri100_00785.wav,1699,ok
libri360_01353,./data/audio_clean/libri360_01353.wav,1700,ok
libri360_01790,./data/audio_clean/libri360_01790.wav,1701,ok
libri360_01639,./data/audio_clean/libri360_01639.wav,1702,ok
libri100_01892,./data/audio_clean/libri100_01892.wav,1703,ok
libri360_01908,./data/audio_clean/libri360_01908.wav,1704,ok
libri360_00440,./data/audio_clean/libri360_00440.wav,1705,ok
libri100_00289,./data/audio_clean/libri100_00289.wav,1706,ok
libri100_01420,./data/audio_clean/libri100_01420.wav,1707,ok
libri360_01756,./data/audio_clean/libri360_01756.wav,1708,ok
libri100_02060,./data/audio_clean/libri100_02060.wav,1709,ok
libri100_00239,./data/audio_clean/libri100_00239.wav,1710,ok
libri360_00591,./data/audio_clean/libri360_00591.wav,1711,ok
libri360_01210,./data/audio_clean/libri360_01210.wav,1712,ok
libri100_00241,./data/audio_clean/libri100_00241.wav,1713,ok
libri100_01743,./data/audio_clean/libri100_01743.wav,1714,ok
libri360_01821,./data/audio_clean/libri360_01821.wav,1715,ok
libri100_01376,./data/audio_clean/libri100_01376.wav,1716,ok
libri360_00544,./data/audio_clean/libri360_00544.wav,1717,ok
libri100_02418,./data/audio_clean/libri100_02418.wav,1718,ok
libri100_01258,./data/audio_clean/libri100_01258.wav,1719,ok
libri100_02456,./data/audio_clean/libri100_02456.wav,1720,ok
libri100_01639,./data/audio_clean/libri100_01639.wav,1721,ok
libri360_00929,./data/audio_clean/libri360_00929.wav,1722,ok
libri360_01451,./data/audio_clean/libri360_01451.wav,1723,ok
libri100_02503,./data/audio_clean/libri100_02503.wav,1724,ok
libri100_02839,./data/audio_clean/libri100_02839.wav,1725,ok
libri100_01264,./data/audio_clean/libri100_01264.wav,1726,ok
libri360_01667,./data/audio_clean/libri360_01667.wav,1727,ok
libri100_01731,./data/audio_clean/libri100_01731.wav,1728,ok
libri100_02923,./data/audio_clean/libri100_02923.wav,1729,ok
libri360_01991,./data/audio_clean/libri360_01991.wav,1730,ok
libri360_00836,./data/audio_clean/libri360_00836.wav,1731,ok
libri100_01202,./data/audio_clean/libri100_01202.wav,1732,ok
libri100_02196,./data/audio_clean/libri100_02196.wav,1733,ok
libri360_01463,./data/audio_clean/libri360_01463.wav,1734,ok
libri100_00795,./data/audio_clean/libri100_00795.wav,1735,ok
libri360_01497,./data/audio_clean/libri360_01497.wav,1736,ok
libri100_00641,./data/audio_clean/libri100_00641.wav,1737,ok
libri100_01308,./data/audio_clean/libri100_01308.wav,1738,ok
libri100_01080,./data/audio_clean/libri100_01080.wav,1739,ok
libri360_01198,./data/audio_clean/libri360_01198.wav,1740,ok
libri360_00103,./data/audio_clean/libri360_00103.wav,1741,ok
libri100_00537,./data/audio_clean/libri100_00537.wav,1742,ok
libri100_01987,./data/audio_clean/libri100_01987.wav,1743,ok
libri100_01992,./data/audio_clean/libri100_01992.wav,1744,ok
libri360_01922,./data/audio_clean/libri360_01922.wav,1745,ok
libri360_00674,./data/audio_clean/libri360_00674.wav,1746,ok
libri100_00749,./data/audio_clean/libri100_00749.wav,1747,ok
libri100_02130,./data/audio_clean/libri100_02130.wav,1748,ok
libri360_01605,./data/audio_clean/libri360_01605.wav,1749,ok
libri100_01637,./data/audio_clean/libri100_01637.wav,1750,ok
libri100_00208,./data/audio_clean/libri100_00208.wav,1751,ok
libri360_01152,./data/audio_clean/libri360_01152.wav,1752,ok
libri100_00128,./data/audio_clean/libri100_00128.wav,1753,ok
libri360_00977,./data/audio_clean/libri360_00977.wav,1754,ok
libri360_00408,./data/audio_clean/libri360_00408.wav,1755,ok
libri360_00320,./data/audio_clean/libri360_00320.wav,1756,ok
libri360_00497,./data/audio_clean/libri360_00497.wav,1757,ok
libri100_00570,./data/audio_clean/libri100_00570.wav,1758,ok
libri360_00360,./data/audio_clean/libri360_00360.wav,1759,ok
libri100_02477,./data/audio_clean/libri100_02477.wav,1760,ok
libri360_00015,./data/audio_clean/libri360_00015.wav,1761,ok
libri360_01858,./data/audio_clean/libri360_01858.wav,1762,ok
libri100_00796,./data/audio_clean/libri100_00796.wav,1763,ok
libri100_00879,./data/audio_clean/libri100_00879.wav,1764,ok
libri360_01290,./data/audio_clean/libri360_01290.wav,1765,ok
libri100_00920,./data/audio_clean/libri100_00920.wav,1766,ok
libri100_00404,./data/audio_clean/libri100_00404.wav,1767,ok
libri100_01257,./data/audio_clean/libri100_01257.wav,1768,ok
libri360_01312,./data/audio_clean/libri360_01312.wav,1769,ok
libri100_00059,./data/audio_clean/libri100_00059.wav,1770,ok
libri100_01986,./data/audio_clean/libri100_01986.wav,1771,ok
libri360_01382,./data/audio_clean/libri360_01382.wav,1772,ok
libri360_00656,./data/audio_clean/libri360_00656.wav,1773,ok
libri360_01125,./data/audio_clean/libri360_01125.wav,1774,ok
libri360_00584,./data/audio_clean/libri360_00584.wav,1775,ok
libri100_00377,./data/audio_clean/libri100_00377.wav,1776,ok
libri360_01724,./data/audio_clean/libri360_01724.wav,1777,ok
libri100_00829,./data/audio_clean/libri100_00829.wav,1778,ok
libri360_00247,./data/audio_clean/libri360_00247.wav,1779,ok
libri360_01843,./data/audio_clean/libri360_01843.wav,1780,ok
libri100_00946,./data/audio_clean/libri100_00946.wav,1781,ok
libri360_01504,./data/audio_clean/libri360_01504.wav,1782,ok
libri100_01146,./data/audio_clean/libri100_01146.wav,1783,ok
libri100_00677,./data/audio_clean/libri100_00677.wav,1784,ok
libri100_02954,./data/audio_clean/libri100_02954.wav,1785,ok
libri360_00858,./data/audio_clean/libri360_00858.wav,1786,ok
libri100_02052,./data/audio_clean/libri100_02052.wav,1787,ok
libri100_01056,./data/audio_clean/libri100_01056.wav,1788,ok
libri100_02544,./data/audio_clean/libri100_02544.wav,1789,ok
libri360_01294,./data/audio_clean/libri360_01294.wav,1790,ok
libri100_02069,./data/audio_clean/libri100_02069.wav,1791,ok
libri100_02975,./data/audio_clean/libri100_02975.wav,1792,ok
libri360_00013,./data/audio_clean/libri360_00013.wav,1793,ok
libri100_02462,./data/audio_clean/libri100_02462.wav,1794,ok
libri100_01327,./data/audio_clean/libri100_01327.wav,1795,ok
libri100_02379,./data/audio_clean/libri100_02379.wav,1796,ok
libri100_01739,./data/audio_clean/libri100_01739.wav,1797,ok
libri360_00734,./data/audio_clean/libri360_00734.wav,1798,ok
libri360_01338,./data/audio_clean/libri360_01338.wav,1799,ok
libri100_01455,./data/audio_clean/libri100_01455.wav,1800,ok
libri360_00402,./data/audio_clean/libri360_00402.wav,1801,ok
libri100_00091,./data/audio_clean/libri100_00091.wav,1802,ok
libri360_01233,./data/audio_clean/libri360_01233.wav,1803,ok
libri100_02922,./data/audio_clean/libri100_02922.wav,1804,ok
libri360_00022,./data/audio_clean/libri360_00022.wav,1805,ok
libri360_00538,./data/audio_clean/libri360_00538.wav,1806,ok
libri100_01426,./data/audio_clean/libri100_01426.wav,1807,ok
libri100_02847,./data/audio_clean/libri100_02847.wav,1808,ok
libri360_01959,./data/audio_clean/libri360_01959.wav,1809,ok
libri100_02306,./data/audio_clean/libri100_02306.wav,1810,ok
libri100_00975,./data/audio_clean/libri100_00975.wav,1811,ok
libri100_02949,./data/audio_clean/libri100_02949.wav,1812,ok
libri100_00989,./data/audio_clean/libri100_00989.wav,1813,ok
libri100_02022,./data/audio_clean/libri100_02022.wav,1814,ok
libri100_02121,./data/audio_clean/libri100_02121.wav,1815,ok
libri360_00840,./data/audio_clean/libri360_00840.wav,1816,ok
libri100_02605,./data/audio_clean/libri100_02605.wav,1817,ok
libri100_00702,./data/audio_clean/libri100_00702.wav,1818,ok
libri100_00638,./data/audio_clean/libri100_00638.wav,1819,ok
libri100_02857,./data/audio_clean/libri100_02857.wav,1820,ok
libri100_00290,./data/audio_clean/libri100_00290.wav,1821,ok
libri100_01495,./data/audio_clean/libri100_01495.wav,1822,ok
libri360_00504,./data/audio_clean/libri360_00504.wav,1823,ok
libri360_01435,./data/audio_clean/libri360_01435.wav,1824,ok
libri100_00175,./data/audio_clean/libri100_00175.wav,1825,ok
libri100_00851,./data/audio_clean/libri100_00851.wav,1826,ok
libri100_02596,./data/audio_clean/libri100_02596.wav,1827,ok
libri360_00324,./data/audio_clean/libri360_00324.wav,1828,ok
libri360_01298,./data/audio_clean/libri360_01298.wav,1829,ok
libri100_00050,./data/audio_clean/libri100_00050.wav,1830,ok
libri360_01167,./data/audio_clean/libri360_01167.wav,1831,ok
libri360_00350,./data/audio_clean/libri360_00350.wav,1832,ok
libri360_01121,./data/audio_clean/libri360_01121.wav,1833,ok
libri100_02738,./data/audio_clean/libri100_02738.wav,1834,ok
libri100_01205,./data/audio_clean/libri100_01205.wav,1835,ok
libri360_00514,./data/audio_clean/libri360_00514.wav,1836,ok
libri360_01137,./data/audio_clean/libri360_01137.wav,1837,ok
libri100_00948,./data/audio_clean/libri100_00948.wav,1838,ok
libri100_00801,./data/audio_clean/libri100_00801.wav,1839,ok
libri100_00766,./data/audio_clean/libri100_00766.wav,1840,ok
libri100_02332,./data/audio_clean/libri100_02332.wav,1841,ok
libri100_00452,./data/audio_clean/libri100_00452.wav,1842,ok
libri100_02535,./data/audio_clean/libri100_02535.wav,1843,ok
libri100_01408,./data/audio_clean/libri100_01408.wav,1844,ok
libri360_00048,./data/audio_clean/libri360_00048.wav,1845,ok
libri360_00369,./data/audio_clean/libri360_00369.wav,1846,ok
libri100_01062,./data/audio_clean/libri100_01062.wav,1847,ok
libri360_00031,./data/audio_clean/libri360_00031.wav,1848,ok
libri360_01052,./data/audio_clean/libri360_01052.wav,1849,ok
libri360_00068,./data/audio_clean/libri360_00068.wav,1850,ok
libri360_00431,./data/audio_clean/libri360_00431.wav,1851,ok
libri100_00201,./data/audio_clean/libri100_00201.wav,1852,ok
libri360_00590,./data/audio_clean/libri360_00590.wav,1853,ok
libri100_00216,./data/audio_clean/libri100_00216.wav,1854,ok
libri100_01976,./data/audio_clean/libri100_01976.wav,1855,ok
libri100_02836,./data/audio_clean/libri100_02836.wav,1856,ok
libri100_00679,./data/audio_clean/libri100_00679.wav,1857,ok
libri100_02268,./data/audio_clean/libri100_02268.wav,1858,ok
libri100_00818,./data/audio_clean/libri100_00818.wav,1859,ok
libri100_01324,./data/audio_clean/libri100_01324.wav,1860,ok
libri360_00851,./data/audio_clean/libri360_00851.wav,1861,ok
libri100_02805,./data/audio_clean/libri100_02805.wav,1862,ok
libri100_01153,./data/audio_clean/libri100_01153.wav,1863,ok
libri100_00090,./data/audio_clean/libri100_00090.wav,1864,ok
libri100_01254,./data/audio_clean/libri100_01254.wav,1865,ok
libri100_02443,./data/audio_clean/libri100_02443.wav,1866,ok
libri100_00340,./data/audio_clean/libri100_00340.wav,1867,ok
libri100_00727,./data/audio_clean/libri100_00727.wav,1868,ok
libri360_00018,./data/audio_clean/libri360_00018.wav,1869,ok
libri100_01346,./data/audio_clean/libri100_01346.wav,1870,ok
libri100_02811,./data/audio_clean/libri100_02811.wav,1871,ok
libri360_00304,./data/audio_clean/libri360_00304.wav,1872,ok
libri100_00223,./data/audio_clean/libri100_00223.wav,1873,ok
libri100_02117,./data/audio_clean/libri100_02117.wav,1874,ok
libri360_00896,./data/audio_clean/libri360_00896.wav,1875,ok
libri100_02293,./data/audio_clean/libri100_02293.wav,1876,ok
libri100_01995,./data/audio_clean/libri100_01995.wav,1877,ok
libri100_02242,./data/audio_clean/libri100_02242.wav,1878,ok
libri100_02137,./data/audio_clean/libri100_02137.wav,1879,ok
libri100_01833,./data/audio_clean/libri100_01833.wav,1880,ok
libri100_01436,./data/audio_clean/libri100_01436.wav,1881,ok
libri100_00736,./data/audio_clean/libri100_00736.wav,1882,ok
libri100_01619,./data/audio_clean/libri100_01619.wav,1883,ok
libri100_00075,./data/audio_clean/libri100_00075.wav,1884,ok
libri100_01113,./data/audio_clean/libri100_01113.wav,1885,ok
libri360_01589,./data/audio_clean/libri360_01589.wav,1886,ok
libri100_02092,./data/audio_clean/libri100_02092.wav,1887,ok
libri100_02937,./data/audio_clean/libri100_02937.wav,1888,ok
libri360_00396,./data/audio_clean/libri360_00396.wav,1889,ok
libri360_00153,./data/audio_clean/libri360_00153.wav,1890,ok
libri360_00599,./data/audio_clean/libri360_00599.wav,1891,ok
libri360_01761,./data/audio_clean/libri360_01761.wav,1892,ok
libri100_00820,./data/audio_clean/libri100_00820.wav,1893,ok
libri100_01192,./data/audio_clean/libri100_01192.wav,1894,ok
libri360_00014,./data/audio_clean/libri360_00014.wav,1895,ok
libri360_01458,./data/audio_clean/libri360_01458.wav,1896,ok
libri360_00532,./data/audio_clean/libri360_00532.wav,1897,ok
libri360_00000,./data/audio_clean/libri360_00000.wav,1898,ok
libri360_01112,./data/audio_clean/libri360_01112.wav,1899,ok
libri100_02540,./data/audio_clean/libri100_02540.wav,1900,ok
libri100_00866,./data/audio_clean/libri100_00866.wav,1901,ok
libri100_01464,./data/audio_clean/libri100_01464.wav,1902,ok
libri100_02375,./data/audio_clean/libri100_02375.wav,1903,ok
libri360_01747,./data/audio_clean/libri360_01747.wav,1904,ok
libri100_02919,./data/audio_clean/libri100_02919.wav,1905,ok
libri100_00495,./data/audio_clean/libri100_00495.wav,1906,ok
libri360_01674,./data/audio_clean/libri360_01674.wav,1907,ok
libri100_02296,./data/audio_clean/libri100_02296.wav,1908,ok
libri360_00506,./data/audio_clean/libri360_00506.wav,1909,ok
libri100_02894,./data/audio_clean/libri100_02894.wav,1910,ok
libri100_01378,./data/audio_clean/libri100_01378.wav,1911,ok
libri100_02226,./data/audio_clean/libri100_02226.wav,1912,ok
libri360_01047,./data/audio_clean/libri360_01047.wav,1913,ok
libri360_01857,./data/audio_clean/libri360_01857.wav,1914,ok
libri360_00740,./data/audio_clean/libri360_00740.wav,1915,ok
libri100_02832,./data/audio_clean/libri100_02832.wav,1916,ok
libri360_01316,./data/audio_clean/libri360_01316.wav,1917,ok
libri360_01555,./data/audio_clean/libri360_01555.wav,1918,ok
libri100_02747,./data/audio_clean/libri100_02747.wav,1919,ok
libri100_02413,./data/audio_clean/libri100_02413.wav,1920,ok
libri360_00047,./data/audio_clean/libri360_00047.wav,1921,ok
libri100_02415,./data/audio_clean/libri100_02415.wav,1922,ok
libri100_00429,./data/audio_clean/libri100_00429.wav,1923,ok
libri360_00421,./data/audio_clean/libri360_00421.wav,1924,ok
libri360_01669,./data/audio_clean/libri360_01669.wav,1925,ok
libri360_01335,./data/audio_clean/libri360_01335.wav,1926,ok
libri100_00055,./data/audio_clean/libri100_00055.wav,1927,ok
libri360_00636,./data/audio_clean/libri360_00636.wav,1928,ok
libri100_02096,./data/audio_clean/libri100_02096.wav,1929,ok
libri360_00494,./data/audio_clean/libri360_00494.wav,1930,ok
libri100_02703,./data/audio_clean/libri100_02703.wav,1931,ok
libri360_00258,./data/audio_clean/libri360_00258.wav,1932,ok
libri100_01212,./data/audio_clean/libri100_01212.wav,1933,ok
libri100_00409,./data/audio_clean/libri100_00409.wav,1934,ok
libri360_01881,./data/audio_clean/libri360_01881.wav,1935,ok
libri360_00701,./data/audio_clean/libri360_00701.wav,1936,ok
libri360_00313,./data/audio_clean/libri360_00313.wav,1937,ok
libri360_01179,./data/audio_clean/libri360_01179.wav,1938,ok
libri360_00980,./data/audio_clean/libri360_00980.wav,1939,ok
libri100_02675,./data/audio_clean/libri100_02675.wav,1940,ok
libri360_01200,./data/audio_clean/libri360_01200.wav,1941,ok
libri100_00574,./data/audio_clean/libri100_00574.wav,1942,ok
libri360_01492,./data/audio_clean/libri360_01492.wav,1943,ok
libri100_00667,./data/audio_clean/libri100_00667.wav,1944,ok
libri360_01778,./data/audio_clean/libri360_01778.wav,1945,ok
libri100_01601,./data/audio_clean/libri100_01601.wav,1946,ok
libri100_01179,./data/audio_clean/libri100_01179.wav,1947,ok
libri100_01005,./data/audio_clean/libri100_01005.wav,1948,ok
libri100_01296,./data/audio_clean/libri100_01296.wav,1949,ok
libri100_02549,./data/audio_clean/libri100_02549.wav,1950,ok
libri360_01074,./data/audio_clean/libri360_01074.wav,1951,ok
libri360_00995,./data/audio_clean/libri360_00995.wav,1952,ok
libri360_01941,./data/audio_clean/libri360_01941.wav,1953,ok
libri360_00804,./data/audio_clean/libri360_00804.wav,1954,ok
libri360_01569,./data/audio_clean/libri360_01569.wav,1955,ok
libri100_00643,./data/audio_clean/libri100_00643.wav,1956,ok
libri100_00981,./data/audio_clean/libri100_00981.wav,1957,ok
libri360_01310,./data/audio_clean/libri360_01310.wav,1958,ok
libri100_02865,./data/audio_clean/libri100_02865.wav,1959,ok
libri360_00631,./data/audio_clean/libri360_00631.wav,1960,ok
libri360_00657,./data/audio_clean/libri360_00657.wav,1961,ok
libri360_00129,./data/audio_clean/libri360_00129.wav,1962,ok
libri360_01085,./data/audio_clean/libri360_01085.wav,1963,ok
libri100_02796,./data/audio_clean/libri100_02796.wav,1964,ok
libri360_01109,./data/audio_clean/libri360_01109.wav,1965,ok
libri100_01333,./data/audio_clean/libri100_01333.wav,1966,ok
libri360_00610,./data/audio_clean/libri360_00610.wav,1967,ok
libri100_01686,./data/audio_clean/libri100_01686.wav,1968,ok
libri100_01670,./data/audio_clean/libri100_01670.wav,1969,ok
libri100_02908,./data/audio_clean/libri100_02908.wav,1970,ok
libri100_00685,./data/audio_clean/libri100_00685.wav,1971,ok
libri100_00901,./data/audio_clean/libri100_00901.wav,1972,ok
libri360_00220,./data/audio_clean/libri360_00220.wav,1973,ok
libri100_02050,./data/audio_clean/libri100_02050.wav,1974,ok
libri100_01646,./data/audio_clean/libri100_01646.wav,1975,ok
libri100_02327,./data/audio_clean/libri100_02327.wav,1976,ok
libri100_02993,./data/audio_clean/libri100_02993.wav,1977,ok
libri100_01723,./data/audio_clean/libri100_01723.wav,1978,ok
libri100_00680,./data/audio_clean/libri100_00680.wav,1979,ok
libri100_00810,./data/audio_clean/libri100_00810.wav,1980,ok
libri100_02609,./data/audio_clean/libri100_02609.wav,1981,ok
libri360_01567,./data/audio_clean/libri360_01567.wav,1982,ok
libri360_01081,./data/audio_clean/libri360_01081.wav,1983,ok
libri360_00778,./data/audio_clean/libri360_00778.wav,1984,ok
libri100_02091,./data/audio_clean/libri100_02091.wav,1985,ok
libri360_01391,./data/audio_clean/libri360_01391.wav,1986,ok
libri100_02380,./data/audio_clean/libri100_02380.wav,1987,ok
libri100_02421,./data/audio_clean/libri100_02421.wav,1988,ok
libri100_01216,./data/audio_clean/libri100_01216.wav,1989,ok
libri360_00983,./data/audio_clean/libri360_00983.wav,1990,ok
libri100_02713,./data/audio_clean/libri100_02713.wav,1991,ok
libri100_01476,./data/audio_clean/libri100_01476.wav,1992,ok
libri100_00505,./data/audio_clean/libri100_00505.wav,1993,ok
libri360_01577,./data/audio_clean/libri360_01577.wav,1994,ok
libri360_00726,./data/audio_clean/libri360_00726.wav,1995,ok
libri360_01062,./data/audio_clean/libri360_01062.wav,1996,ok
libri100_00157,./data/audio_clean/libri100_00157.wav,1997,ok
libri100_01602,./data/audio_clean/libri100_01602.wav,1998,ok
libri360_01372,./data/audio_clean/libri360_01372.wav,1999,ok
libri100_02697,./data/audio_clean/libri100_02697.wav,2000,ok
libri100_00862,./data/audio_clean/libri100_00862.wav,2001,ok
libri100_02578,./data/audio_clean/libri100_02578.wav,2002,ok
libri100_00890,./data/audio_clean/libri100_00890.wav,2003,ok
libri360_01631,./data/audio_clean/libri360_01631.wav,2004,ok
libri360_01701,./data/audio_clean/libri360_01701.wav,2005,ok
libri360_01128,./data/audio_clean/libri360_01128.wav,2006,ok
libri360_01681,./data/audio_clean/libri360_01681.wav,2007,ok
libri100_02255,./data/audio_clean/libri100_02255.wav,2008,ok
libri360_01640,./data/audio_clean/libri360_01640.wav,2009,ok
libri100_00550,./data/audio_clean/libri100_00550.wav,2010,ok
libri100_00284,./data/audio_clean/libri100_00284.wav,2011,ok
libri100_02021,./data/audio_clean/libri100_02021.wav,2012,ok
libri100_00779,./data/audio_clean/libri100_00779.wav,2013,ok
libri100_01403,./data/audio_clean/libri100_01403.wav,2014,ok
libri360_00709,./data/audio_clean/libri360_00709.wav,2015,ok
libri100_01067,./data/audio_clean/libri100_01067.wav,2016,ok
libri100_02984,./data/audio_clean/libri100_02984.wav,2017,ok
libri100_02853,./data/audio_clean/libri100_02853.wav,2018,ok
libri100_02003,./data/audio_clean/libri100_02003.wav,2019,ok
libri100_01853,./data/audio_clean/libri100_01853.wav,2020,ok
libri100_02664,./data/audio_clean/libri100_02664.wav,2021,ok
libri100_02081,./data/audio_clean/libri100_02081.wav,2022,ok
libri360_01553,./data/audio_clean/libri360_01553.wav,2023,ok
libri360_01960,./data/audio_clean/libri360_01960.wav,2024,ok
libri100_02064,./data/audio_clean/libri100_02064.wav,2025,ok
libri360_00180,./data/audio_clean/libri360_00180.wav,2026,ok
libri100_00847,./data/audio_clean/libri100_00847.wav,2027,ok
libri100_02202,./data/audio_clean/libri100_02202.wav,2028,ok
libri360_01244,./data/audio_clean/libri360_01244.wav,2029,ok
libri100_00788,./data/audio_clean/libri100_00788.wav,2030,ok
libri360_00305,./data/audio_clean/libri360_00305.wav,2031,ok
libri360_00183,./data/audio_clean/libri360_00183.wav,2032,ok
libri100_01606,./data/audio_clean/libri100_01606.wav,2033,ok
libri100_01224,./data/audio_clean/libri100_01224.wav,2034,ok
libri360_01271,./data/audio_clean/libri360_01271.wav,2035,ok
libri100_02112,./data/audio_clean/libri100_02112.wav,2036,ok
libri360_00705,./data/audio_clean/libri360_00705.wav,2037,ok
libri100_00724,./data/audio_clean/libri100_00724.wav,2038,ok
libri100_00183,./data/audio_clean/libri100_00183.wav,2039,ok
libri360_01972,./data/audio_clean/libri360_01972.wav,2040,ok
libri360_01914,./data/audio_clean/libri360_01914.wav,2041,ok
libri360_01955,./data/audio_clean/libri360_01955.wav,2042,ok
libri360_00164,./data/audio_clean/libri360_00164.wav,2043,ok
libri360_00351,./data/audio_clean/libri360_00351.wav,2044,ok
libri360_00581,./data/audio_clean/libri360_00581.wav,2045,ok
libri360_01096,./data/audio_clean/libri360_01096.wav,2046,ok
libri360_01912,./data/audio_clean/libri360_01912.wav,2047,ok
libri100_00418,./data/audio_clean/libri100_00418.wav,2048,ok
libri100_01104,./data/audio_clean/libri100_01104.wav,2049,ok
libri100_01474,./data/audio_clean/libri100_01474.wav,2050,ok
libri360_00756,./data/audio_clean/libri360_00756.wav,2051,ok
libri100_02368,./data/audio_clean/libri100_02368.wav,2052,ok
libri360_00522,./data/audio_clean/libri360_00522.wav,2053,ok
libri100_00374,./data/audio_clean/libri100_00374.wav,2054,ok
libri360_01079,./data/audio_clean/libri360_01079.wav,2055,ok
libri360_00044,./data/audio_clean/libri360_00044.wav,2056,ok
libri360_01036,./data/audio_clean/libri360_01036.wav,2057,ok
libri100_01595,./data/audio_clean/libri100_01595.wav,2058,ok
libri360_01162,./data/audio_clean/libri360_01162.wav,2059,ok
libri100_02074,./data/audio_clean/libri100_02074.wav,2060,ok
libri100_02783,./data/audio_clean/libri100_02783.wav,2061,ok
libri100_01097,./data/audio_clean/libri100_01097.wav,2062,ok
libri360_01371,./data/audio_clean/libri360_01371.wav,2063,ok
libri360_00837,./data/audio_clean/libri360_00837.wav,2064,ok
libri100_02559,./data/audio_clean/libri100_02559.wav,2065,ok
libri360_00033,./data/audio_clean/libri360_00033.wav,2066,ok
libri100_00351,./data/audio_clean/libri100_00351.wav,2067,ok
libri360_01038,./data/audio_clean/libri360_01038.wav,2068,ok
libri100_00760,./data/audio_clean/libri100_00760.wav,2069,ok
libri360_00583,./data/audio_clean/libri360_00583.wav,2070,ok
libri100_01537,./data/audio_clean/libri100_01537.wav,2071,ok
libri100_01457,./data/audio_clean/libri100_01457.wav,2072,ok
libri360_01262,./data/audio_clean/libri360_01262.wav,2073,ok
libri360_00162,./data/audio_clean/libri360_00162.wav,2074,ok
libri360_00287,./data/audio_clean/libri360_00287.wav,2075,ok
libri360_00366,./data/audio_clean/libri360_00366.wav,2076,ok
libri100_00121,./data/audio_clean/libri100_00121.wav,2077,ok
libri100_01336,./data/audio_clean/libri100_01336.wav,2078,ok
libri100_02473,./data/audio_clean/libri100_02473.wav,2079,ok
libri100_01395,./data/audio_clean/libri100_01395.wav,2080,ok
libri100_00311,./data/audio_clean/libri100_00311.wav,2081,ok
libri100_00950,./data/audio_clean/libri100_00950.wav,2082,ok
libri100_01790,./data/audio_clean/libri100_01790.wav,2083,ok
libri100_00400,./data/audio_clean/libri100_00400.wav,2084,ok
libri100_00219,./data/audio_clean/libri100_00219.wav,2085,ok
libri100_01416,./data/audio_clean/libri100_01416.wav,2086,ok
libri360_01193,./data/audio_clean/libri360_01193.wav,2087,ok
libri100_00321,./data/audio_clean/libri100_00321.wav,2088,ok
libri100_02182,./data/audio_clean/libri100_02182.wav,2089,ok
libri100_01572,./data/audio_clean/libri100_01572.wav,2090,ok
libri100_01358,./data/audio_clean/libri100_01358.wav,2091,ok
libri100_01593,./data/audio_clean/libri100_01593.wav,2092,ok
libri100_00984,./data/audio_clean/libri100_00984.wav,2093,ok
libri100_02463,./data/audio_clean/libri100_02463.wav,2094,ok
libri100_02758,./data/audio_clean/libri100_02758.wav,2095,ok
libri100_00315,./data/audio_clean/libri100_00315.wav,2096,ok
libri100_02991,./data/audio_clean/libri100_02991.wav,2097,ok
libri100_02653,./data/audio_clean/libri100_02653.wav,2098,ok
libri360_00718,./data/audio_clean/libri360_00718.wav,2099,ok
libri360_00148,./data/audio_clean/libri360_00148.wav,2100,ok
libri100_01288,./data/audio_clean/libri100_01288.wav,2101,ok
libri100_02150,./data/audio_clean/libri100_02150.wav,2102,ok
libri360_00761,./data/audio_clean/libri360_00761.wav,2103,ok
libri360_01769,./data/audio_clean/libri360_01769.wav,2104,ok
libri360_01213,./data/audio_clean/libri360_01213.wav,2105,ok
libri100_00190,./data/audio_clean/libri100_00190.wav,2106,ok
libri100_02526,./data/audio_clean/libri100_02526.wav,2107,ok
libri100_01947,./data/audio_clean/libri100_01947.wav,2108,ok
libri360_01547,./data/audio_clean/libri360_01547.wav,2109,ok
libri100_00941,./data/audio_clean/libri100_00941.wav,2110,ok
libri100_00174,./data/audio_clean/libri100_00174.wav,2111,ok
libri360_01309,./data/audio_clean/libri360_01309.wav,2112,ok
libri360_00529,./data/audio_clean/libri360_00529.wav,2113,ok
libri360_01130,./data/audio_clean/libri360_01130.wav,2114,ok
libri360_00824,./data/audio_clean/libri360_00824.wav,2115,ok
libri360_00620,./data/audio_clean/libri360_00620.wav,2116,ok
libri360_01411,./data/audio_clean/libri360_01411.wav,2117,ok
libri360_01107,./data/audio_clean/libri360_01107.wav,2118,ok
libri360_01000,./data/audio_clean/libri360_01000.wav,2119,ok
libri360_01800,./data/audio_clean/libri360_01800.wav,2120,ok
libri100_02241,./data/audio_clean/libri100_02241.wav,2121,ok
libri360_00487,./data/audio_clean/libri360_00487.wav,2122,ok
libri360_00322,./data/audio_clean/libri360_00322.wav,2123,ok
libri360_01459,./data/audio_clean/libri360_01459.wav,2124,ok
libri100_02353,./data/audio_clean/libri100_02353.wav,2125,ok
libri360_00642,./data/audio_clean/libri360_00642.wav,2126,ok
libri100_02846,./data/audio_clean/libri100_02846.wav,2127,ok
libri100_00925,./data/audio_clean/libri100_00925.wav,2128,ok
libri360_00390,./data/audio_clean/libri360_00390.wav,2129,ok
libri100_01880,./data/audio_clean/libri100_01880.wav,2130,ok
libri100_02754,./data/audio_clean/libri100_02754.wav,2131,ok
libri100_02164,./data/audio_clean/libri100_02164.wav,2132,ok
libri100_02408,./data/audio_clean/libri100_02408.wav,2133,ok
libri100_01625,./data/audio_clean/libri100_01625.wav,2134,ok
libri100_01094,./data/audio_clean/libri100_01094.wav,2135,ok
libri100_02564,./data/audio_clean/libri100_02564.wav,2136,ok
libri100_01033,./data/audio_clean/libri100_01033.wav,2137,ok
libri360_00204,./data/audio_clean/libri360_00204.wav,2138,ok
libri100_02264,./data/audio_clean/libri100_02264.wav,2139,ok
libri100_00609,./data/audio_clean/libri100_00609.wav,2140,ok
libri100_02472,./data/audio_clean/libri100_02472.wav,2141,ok
libri100_00394,./data/audio_clean/libri100_00394.wav,2142,ok
libri100_00438,./data/audio_clean/libri100_00438.wav,2143,ok
libri100_00734,./data/audio_clean/libri100_00734.wav,2144,ok
libri100_02961,./data/audio_clean/libri100_02961.wav,2145,ok
libri360_01076,./data/audio_clean/libri360_01076.wav,2146,ok
libri100_00070,./data/audio_clean/libri100_00070.wav,2147,ok
libri100_01174,./data/audio_clean/libri100_01174.wav,2148,ok
libri360_01090,./data/audio_clean/libri360_01090.wav,2149,ok
libri100_02935,./data/audio_clean/libri100_02935.wav,2150,ok
libri360_01447,./data/audio_clean/libri360_01447.wav,2151,ok
libri100_01684,./data/audio_clean/libri100_01684.wav,2152,ok
libri360_00707,./data/audio_clean/libri360_00707.wav,2153,ok
libri100_02313,./data/audio_clean/libri100_02313.wav,2154,ok
libri360_01031,./data/audio_clean/libri360_01031.wav,2155,ok
libri360_00941,./data/audio_clean/libri360_00941.wav,2156,ok
libri100_00247,./data/audio_clean/libri100_00247.wav,2157,ok
libri100_02657,./data/audio_clean/libri100_02657.wav,2158,ok
libri100_01867,./data/audio_clean/libri100_01867.wav,2159,ok
libri100_02071,./data/audio_clean/libri100_02071.wav,2160,ok
libri360_01775,./data/audio_clean/libri360_01775.wav,2161,ok
libri100_02481,./data/audio_clean/libri100_02481.wav,2162,ok
libri360_00331,./data/audio_clean/libri360_00331.wav,2163,ok
libri100_00278,./data/audio_clean/libri100_00278.wav,2164,ok
libri360_01573,./data/audio_clean/libri360_01573.wav,2165,ok
libri100_02507,./data/audio_clean/libri100_02507.wav,2166,ok
libri100_01689,./data/audio_clean/libri100_01689.wav,2167,ok
libri360_01865,./data/audio_clean/libri360_01865.wav,2168,ok
libri100_00198,./data/audio_clean/libri100_00198.wav,2169,ok
libri100_00304,./data/audio_clean/libri100_00304.wav,2170,ok
libri100_00138,./data/audio_clean/libri100_00138.wav,2171,ok
libri360_01588,./data/audio_clean/libri360_01588.wav,2172,ok
libri100_00240,./data/audio_clean/libri100_00240.wav,2173,ok
libri100_02267,./data/audio_clean/libri100_02267.wav,2174,ok
libri100_02000,./data/audio_clean/libri100_02000.wav,2175,ok
libri100_02575,./data/audio_clean/libri100_02575.wav,2176,ok
libri100_00693,./data/audio_clean/libri100_00693.wav,2177,ok
libri360_01354,./data/audio_clean/libri360_01354.wav,2178,ok
libri100_00689,./data/audio_clean/libri100_00689.wav,2179,ok
libri100_01887,./data/audio_clean/libri100_01887.wav,2180,ok
libri100_02009,./data/audio_clean/libri100_02009.wav,2181,ok
libri360_01683,./data/audio_clean/libri360_01683.wav,2182,ok
libri100_01054,./data/audio_clean/libri100_01054.wav,2183,ok
libri360_00156,./data/audio_clean/libri360_00156.wav,2184,ok
libri100_02045,./data/audio_clean/libri100_02045.wav,2185,ok
libri100_01006,./data/audio_clean/libri100_01006.wav,2186,ok
libri100_02541,./data/audio_clean/libri100_02541.wav,2187,ok
libri360_00427,./data/audio_clean/libri360_00427.wav,2188,ok
libri100_01351,./data/audio_clean/libri100_01351.wav,2189,ok
libri100_00803,./data/audio_clean/libri100_00803.wav,2190,ok
libri100_00624,./data/audio_clean/libri100_00624.wav,2191,ok
libri360_00932,./data/audio_clean/libri360_00932.wav,2192,ok
libri360_00405,./data/audio_clean/libri360_00405.wav,2193,ok
libri100_02440,./data/audio_clean/libri100_02440.wav,2194,ok
libri360_00029,./data/audio_clean/libri360_00029.wav,2195,ok
libri100_00597,./data/audio_clean/libri100_00597.wav,2196,ok
libri360_01499,./data/audio_clean/libri360_01499.wav,2197,ok
libri100_00187,./data/audio_clean/libri100_00187.wav,2198,ok
libri100_01695,./data/audio_clean/libri100_01695.wav,2199,ok
libri100_01281,./data/audio_clean/libri100_01281.wav,2200,ok
libri100_01518,./data/audio_clean/libri100_01518.wav,2201,ok
libri100_02251,./data/audio_clean/libri100_02251.wav,2202,ok
libri100_01311,./data/audio_clean/libri100_01311.wav,2203,ok
libri360_01054,./data/audio_clean/libri360_01054.wav,2204,ok
libri360_01361,./data/audio_clean/libri360_01361.wav,2205,ok
libri360_01512,./data/audio_clean/libri360_01512.wav,2206,ok
libri360_01774,./data/audio_clean/libri360_01774.wav,2207,ok
libri100_02100,./data/audio_clean/libri100_02100.wav,2208,ok
libri100_01473,./data/audio_clean/libri100_01473.wav,2209,ok
libri360_01803,./data/audio_clean/libri360_01803.wav,2210,ok
libri100_01471,./data/audio_clean/libri100_01471.wav,2211,ok
libri100_02790,./data/audio_clean/libri100_02790.wav,2212,ok
libri100_01909,./data/audio_clean/libri100_01909.wav,2213,ok
libri360_01897,./data/audio_clean/libri360_01897.wav,2214,ok
libri100_01159,./data/audio_clean/libri100_01159.wav,2215,ok
libri360_01172,./data/audio_clean/libri360_01172.wav,2216,ok
libri360_01716,./data/audio_clean/libri360_01716.wav,2217,ok
libri360_01377,./data/audio_clean/libri360_01377.wav,2218,ok
libri360_00446,./data/audio_clean/libri360_00446.wav,2219,ok
libri100_02938,./data/audio_clean/libri100_02938.wav,2220,ok
libri360_01487,./data/audio_clean/libri360_01487.wav,2221,ok
libri100_02419,./data/audio_clean/libri100_02419.wav,2222,ok
libri360_00903,./data/audio_clean/libri360_00903.wav,2223,ok
libri100_00867,./data/audio_clean/libri100_00867.wav,2224,ok
libri360_01063,./data/audio_clean/libri360_01063.wav,2225,ok
libri100_01241,./data/audio_clean/libri100_01241.wav,2226,ok
libri100_01363,./data/audio_clean/libri100_01363.wav,2227,ok
libri100_00855,./data/audio_clean/libri100_00855.wav,2228,ok
libri100_01963,./data/audio_clean/libri100_01963.wav,2229,ok
libri360_01579,./data/audio_clean/libri360_01579.wav,2230,ok
libri100_00770,./data/audio_clean/libri100_00770.wav,2231,ok
libri360_01471,./data/audio_clean/libri360_01471.wav,2232,ok
libri360_00887,./data/audio_clean/libri360_00887.wav,2233,ok
libri100_01544,./data/audio_clean/libri100_01544.wav,2234,ok
libri100_01099,./data/audio_clean/libri100_01099.wav,2235,ok
libri360_01192,./data/audio_clean/libri360_01192.wav,2236,ok
libri100_00780,./data/audio_clean/libri100_00780.wav,2237,ok
libri360_01913,./data/audio_clean/libri360_01913.wav,2238,ok
libri360_01517,./data/audio_clean/libri360_01517.wav,2239,ok
libri360_00407,./data/audio_clean/libri360_00407.wav,2240,ok
libri100_02907,./data/audio_clean/libri100_02907.wav,2241,ok
libri100_02534,./data/audio_clean/libri100_02534.wav,2242,ok
libri100_02510,./data/audio_clean/libri100_02510.wav,2243,ok
libri100_00832,./data/audio_clean/libri100_00832.wav,2244,ok
libri360_00593,./data/audio_clean/libri360_00593.wav,2245,ok
libri360_01143,./data/audio_clean/libri360_01143.wav,2246,ok
libri360_01287,./data/audio_clean/libri360_01287.wav,2247,ok
libri360_01373,./data/audio_clean/libri360_01373.wav,2248,ok
libri100_02170,./data/audio_clean/libri100_02170.wav,2249,ok
libri360_00818,./data/audio_clean/libri360_00818.wav,2250,ok
libri100_01690,./data/audio_clean/libri100_01690.wav,2251,ok
libri100_02371,./data/audio_clean/libri100_02371.wav,2252,ok
libri100_02328,./data/audio_clean/libri100_02328.wav,2253,ok
libri100_00591,./data/audio_clean/libri100_00591.wav,2254,ok
libri100_01231,./data/audio_clean/libri100_01231.wav,2255,ok
libri360_00010,./data/audio_clean/libri360_00010.wav,2256,ok
libri360_01444,./data/audio_clean/libri360_01444.wav,2257,ok
libri100_02989,./data/audio_clean/libri100_02989.wav,2258,ok
libri100_02203,./data/audio_clean/libri100_02203.wav,2259,ok
libri100_00753,./data/audio_clean/libri100_00753.wav,2260,ok
libri100_01541,./data/audio_clean/libri100_01541.wav,2261,ok
libri360_00236,./data/audio_clean/libri360_00236.wav,2262,ok
libri100_00611,./data/audio_clean/libri100_00611.wav,2263,ok
libri360_00795,./data/audio_clean/libri360_00795.wav,2264,ok
libri100_01705,./data/audio_clean/libri100_01705.wav,2265,ok
libri360_00107,./data/audio_clean/libri360_00107.wav,2266,ok
libri100_02148,./data/audio_clean/libri100_02148.wav,2267,ok
libri360_01907,./data/audio_clean/libri360_01907.wav,2268,ok
libri100_01410,./data/audio_clean/libri100_01410.wav,2269,ok
libri100_00192,./data/audio_clean/libri100_00192.wav,2270,ok
libri360_01817,./data/audio_clean/libri360_01817.wav,2271,ok
libri360_01968,./data/audio_clean/libri360_01968.wav,2272,ok
libri100_01749,./data/audio_clean/libri100_01749.wav,2273,ok
libri100_02490,./data/audio_clean/libri100_02490.wav,2274,ok
libri360_00527,./data/audio_clean/libri360_00527.wav,2275,ok
libri360_00653,./data/audio_clean/libri360_00653.wav,2276,ok
libri100_01127,./data/audio_clean/libri100_01127.wav,2277,ok
libri100_01230,./data/audio_clean/libri100_01230.wav,2278,ok
libri100_01693,./data/audio_clean/libri100_01693.wav,2279,ok
libri100_00905,./data/audio_clean/libri100_00905.wav,2280,ok
libri360_01108,./data/audio_clean/libri360_01108.wav,2281,ok
libri360_00510,./data/audio_clean/libri360_00510.wav,2282,ok
libri100_02434,./data/audio_clean/libri100_02434.wav,2283,ok
libri360_01251,./data/audio_clean/libri360_01251.wav,2284,ok
libri100_01313,./data/audio_clean/libri100_01313.wav,2285,ok
libri100_01306,./data/audio_clean/libri100_01306.wav,2286,ok
libri100_02674,./data/audio_clean/libri100_02674.wav,2287,ok
libri360_01122,./data/audio_clean/libri360_01122.wav,2288,ok
libri360_00666,./data/audio_clean/libri360_00666.wav,2289,ok
libri360_01561,./data/audio_clean/libri360_01561.wav,2290,ok
libri100_00231,./data/audio_clean/libri100_00231.wav,2291,ok
libri360_01905,./data/audio_clean/libri360_01905.wav,2292,ok
libri360_00195,./data/audio_clean/libri360_00195.wav,2293,ok
libri100_00959,./data/audio_clean/libri100_00959.wav,2294,ok
libri360_01439,./data/audio_clean/libri360_01439.wav,2295,ok
libri360_01825,./data/audio_clean/libri360_01825.wav,2296,ok
libri360_00016,./data/audio_clean/libri360_00016.wav,2297,ok
libri100_01002,./data/audio_clean/libri100_01002.wav,2298,ok
libri100_02695,./data/audio_clean/libri100_02695.wav,2299,ok
libri360_01995,./data/audio_clean/libri360_01995.wav,2300,ok
libri100_00137,./data/audio_clean/libri100_00137.wav,2301,ok
libri100_00413,./data/audio_clean/libri100_00413.wav,2302,ok
libri100_02918,./data/audio_clean/libri100_02918.wav,2303,ok
libri100_00844,./data/audio_clean/libri100_00844.wav,2304,ok
libri360_00917,./data/audio_clean/libri360_00917.wav,2305,ok
libri360_00685,./data/audio_clean/libri360_00685.wav,2306,ok
libri100_01717,./data/audio_clean/libri100_01717.wav,2307,ok
libri100_00131,./data/audio_clean/libri100_00131.wav,2308,ok
libri100_00462,./data/audio_clean/libri100_00462.wav,2309,ok
libri360_01787,./data/audio_clean/libri360_01787.wav,2310,ok
libri100_01129,./data/audio_clean/libri100_01129.wav,2311,ok
libri100_00635,./data/audio_clean/libri100_00635.wav,2312,ok
libri360_01023,./data/audio_clean/libri360_01023.wav,2313,ok
libri100_01886,./data/audio_clean/libri100_01886.wav,2314,ok
libri360_01869,./data/audio_clean/libri360_01869.wav,2315,ok
libri360_01216,./data/audio_clean/libri360_01216.wav,2316,ok
libri100_01553,./data/audio_clean/libri100_01553.wav,2317,ok
libri100_02178,./data/audio_clean/libri100_02178.wav,2318,ok
libri360_00950,./data/audio_clean/libri360_00950.wav,2319,ok
libri360_00749,./data/audio_clean/libri360_00749.wav,2320,ok
libri360_01225,./data/audio_clean/libri360_01225.wav,2321,ok
libri100_02480,./data/audio_clean/libri100_02480.wav,2322,ok
libri100_00093,./data/audio_clean/libri100_00093.wav,2323,ok
libri100_00014,./data/audio_clean/libri100_00014.wav,2324,ok
libri360_01999,./data/audio_clean/libri360_01999.wav,2325,ok
libri100_00521,./data/audio_clean/libri100_00521.wav,2326,ok
libri360_01670,./data/audio_clean/libri360_01670.wav,2327,ok
libri360_00760,./data/audio_clean/libri360_00760.wav,2328,ok
libri100_02200,./data/audio_clean/libri100_02200.wav,2329,ok
libri100_00731,./data/audio_clean/libri100_00731.wav,2330,ok
libri100_00485,./data/audio_clean/libri100_00485.wav,2331,ok
libri100_01424,./data/audio_clean/libri100_01424.wav,2332,ok
libri100_00544,./data/audio_clean/libri100_00544.wav,2333,ok
libri100_02208,./data/audio_clean/libri100_02208.wav,2334,ok
libri360_01199,./data/audio_clean/libri360_01199.wav,2335,ok
libri100_01538,./data/audio_clean/libri100_01538.wav,2336,ok
libri100_01546,./data/audio_clean/libri100_01546.wav,2337,ok
libri360_00093,./data/audio_clean/libri360_00093.wav,2338,ok
libri360_00982,./data/audio_clean/libri360_00982.wav,2339,ok
libri360_00592,./data/audio_clean/libri360_00592.wav,2340,ok
libri360_01538,./data/audio_clean/libri360_01538.wav,2341,ok
libri100_00554,./data/audio_clean/libri100_00554.wav,2342,ok
libri360_00988,./data/audio_clean/libri360_00988.wav,2343,ok
libri360_00266,./data/audio_clean/libri360_00266.wav,2344,ok
libri360_00099,./data/audio_clean/libri360_00099.wav,2345,ok
libri100_02594,./data/audio_clean/libri100_02594.wav,2346,ok
libri100_01933,./data/audio_clean/libri100_01933.wav,2347,ok
libri100_00282,./data/audio_clean/libri100_00282.wav,2348,ok
libri100_00246,./data/audio_clean/libri100_00246.wav,2349,ok
libri360_01029,./data/audio_clean/libri360_01029.wav,2350,ok
libri100_00261,./data/audio_clean/libri100_00261.wav,2351,ok
libri100_02821,./data/audio_clean/libri100_02821.wav,2352,ok
libri360_01974,./data/audio_clean/libri360_01974.wav,2353,ok
libri360_00217,./data/audio_clean/libri360_00217.wav,2354,ok
libri100_00299,./data/audio_clean/libri100_00299.wav,2355,ok
libri100_00892,./data/audio_clean/libri100_00892.wav,2356,ok
libri100_00012,./data/audio_clean/libri100_00012.wav,2357,ok
libri360_01549,./data/audio_clean/libri360_01549.wav,2358,ok
libri360_00384,./data/audio_clean/libri360_00384.wav,2359,ok
libri360_00931,./data/audio_clean/libri360_00931.wav,2360,ok
libri100_01262,./data/audio_clean/libri100_01262.wav,2361,ok
libri100_01893,./data/audio_clean/libri100_01893.wav,2362,ok
libri360_00425,./data/audio_clean/libri360_00425.wav,2363,ok
libri360_01142,./data/audio_clean/libri360_01142.wav,2364,ok
libri360_00343,./data/audio_clean/libri360_00343.wav,2365,ok
libri360_00309,./data/audio_clean/libri360_00309.wav,2366,ok
libri360_00873,./data/audio_clean/libri360_00873.wav,2367,ok
libri360_01880,./data/audio_clean/libri360_01880.wav,2368,ok
libri100_00540,./data/audio_clean/libri100_00540.wav,2369,ok
libri100_02752,./data/audio_clean/libri100_02752.wav,2370,ok
libri100_00227,./data/audio_clean/libri100_00227.wav,2371,ok
libri100_01824,./data/audio_clean/libri100_01824.wav,2372,ok
libri360_01495,./data/audio_clean/libri360_01495.wav,2373,ok
libri360_01278,./data/audio_clean/libri360_01278.wav,2374,ok
libri360_00071,./data/audio_clean/libri360_00071.wav,2375,ok
libri100_00841,./data/audio_clean/libri100_00841.wav,2376,ok
libri100_00476,./data/audio_clean/libri100_00476.wav,2377,ok
libri360_00957,./data/audio_clean/libri360_00957.wav,2378,ok
libri360_01853,./data/audio_clean/libri360_01853.wav,2379,ok
libri100_02450,./data/audio_clean/libri100_02450.wav,2380,ok
libri360_00860,./data/audio_clean/libri360_00860.wav,2381,ok
libri100_00613,./data/audio_clean/libri100_00613.wav,2382,ok
libri360_00237,./data/audio_clean/libri360_00237.wav,2383,ok
libri360_00801,./data/audio_clean/libri360_00801.wav,2384,ok
libri100_00828,./data/audio_clean/libri100_00828.wav,2385,ok
libri360_01171,./data/audio_clean/libri360_01171.wav,2386,ok
libri100_02243,./data/audio_clean/libri100_02243.wav,2387,ok
libri100_00252,./data/audio_clean/libri100_00252.wav,2388,ok
libri100_00459,./data/audio_clean/libri100_00459.wav,2389,ok
libri100_02310,./data/audio_clean/libri100_02310.wav,2390,ok
libri100_00319,./data/audio_clean/libri100_00319.wav,2391,ok
libri100_01481,./data/audio_clean/libri100_01481.wav,2392,ok
libri100_02163,./data/audio_clean/libri100_02163.wav,2393,ok
libri360_00260,./data/audio_clean/libri360_00260.wav,2394,ok
libri360_00347,./data/audio_clean/libri360_00347.wav,2395,ok
libri100_00335,./data/audio_clean/libri100_00335.wav,2396,ok
libri100_01013,./data/audio_clean/libri100_01013.wav,2397,ok
libri100_00894,./data/audio_clean/libri100_00894.wav,2398,ok
libri360_01157,./data/audio_clean/libri360_01157.wav,2399,ok
libri100_01928,./data/audio_clean/libri100_01928.wav,2400,ok
libri360_01477,./data/audio_clean/libri360_01477.wav,2401,ok
libri360_00600,./data/audio_clean/libri360_00600.wav,2402,ok
libri100_01530,./data/audio_clean/libri100_01530.wav,2403,ok
libri360_01285,./data/audio_clean/libri360_01285.wav,2404,ok
libri100_00627,./data/audio_clean/libri100_00627.wav,2405,ok
libri100_01958,./data/audio_clean/libri100_01958.wav,2406,ok
libri100_00547,./data/audio_clean/libri100_00547.wav,2407,ok
libri360_01727,./data/audio_clean/libri360_01727.wav,2408,ok
libri100_00904,./data/audio_clean/libri100_00904.wav,2409,ok
libri360_00924,./data/audio_clean/libri360_00924.wav,2410,ok
libri360_01699,./data/audio_clean/libri360_01699.wav,2411,ok
libri360_01748,./data/audio_clean/libri360_01748.wav,2412,ok
libri360_01714,./data/audio_clean/libri360_01714.wav,2413,ok
libri360_00895,./data/audio_clean/libri360_00895.wav,2414,ok
libri100_02453,./data/audio_clean/libri100_02453.wav,2415,ok
libri100_02716,./data/audio_clean/libri100_02716.wav,2416,ok
libri100_01256,./data/audio_clean/libri100_01256.wav,2417,ok
libri100_01906,./data/audio_clean/libri100_01906.wav,2418,ok
libri100_00484,./data/audio_clean/libri100_00484.wav,2419,ok
libri360_01399,./data/audio_clean/libri360_01399.wav,2420,ok
libri360_01084,./data/audio_clean/libri360_01084.wav,2421,ok
libri100_01472,./data/audio_clean/libri100_01472.wav,2422,ok
libri360_01649,./data/audio_clean/libri360_01649.wav,2423,ok
libri100_00046,./data/audio_clean/libri100_00046.wav,2424,ok
libri100_02346,./data/audio_clean/libri100_02346.wav,2425,ok
libri360_01227,./data/audio_clean/libri360_01227.wav,2426,ok
libri100_01236,./data/audio_clean/libri100_01236.wav,2427,ok
libri360_00255,./data/audio_clean/libri360_00255.wav,2428,ok
libri100_01093,./data/audio_clean/libri100_01093.wav,2429,ok
libri100_01829,./data/audio_clean/libri100_01829.wav,2430,ok
libri100_00964,./data/audio_clean/libri100_00964.wav,2431,ok
libri360_01548,./data/audio_clean/libri360_01548.wav,2432,ok
libri100_01068,./data/audio_clean/libri100_01068.wav,2433,ok
libri100_00027,./data/audio_clean/libri100_00027.wav,2434,ok
libri100_02717,./data/audio_clean/libri100_02717.wav,2435,ok
libri100_01325,./data/audio_clean/libri100_01325.wav,2436,ok
libri360_01500,./data/audio_clean/libri360_01500.wav,2437,ok
libri100_00575,./data/audio_clean/libri100_00575.wav,2438,ok
libri360_01655,./data/audio_clean/libri360_01655.wav,2439,ok
libri100_00390,./data/audio_clean/libri100_00390.wav,2440,ok
libri360_00507,./data/audio_clean/libri360_00507.wav,2441,ok
libri360_01956,./data/audio_clean/libri360_01956.wav,2442,ok
libri360_00226,./data/audio_clean/libri360_00226.wav,2443,ok
libri360_00062,./data/audio_clean/libri360_00062.wav,2444,ok
libri360_01750,./data/audio_clean/libri360_01750.wav,2445,ok
libri100_01660,./data/audio_clean/libri100_01660.wav,2446,ok
libri100_00718,./data/audio_clean/libri100_00718.wav,2447,ok
libri100_00791,./data/audio_clean/libri100_00791.wav,2448,ok
libri100_02325,./data/audio_clean/libri100_02325.wav,2449,ok
libri360_01185,./data/audio_clean/libri360_01185.wav,2450,ok
libri100_01380,./data/audio_clean/libri100_01380.wav,2451,ok
libri360_00831,./data/audio_clean/libri360_00831.wav,2452,ok
libri100_02891,./data/audio_clean/libri100_02891.wav,2453,ok
libri100_01053,./data/audio_clean/libri100_01053.wav,2454,ok
libri100_01879,./data/audio_clean/libri100_01879.wav,2455,ok
libri360_00012,./data/audio_clean/libri360_00012.wav,2456,ok
libri100_01354,./data/audio_clean/libri100_01354.wav,2457,ok
libri100_00461,./data/audio_clean/libri100_00461.wav,2458,ok
libri100_00789,./data/audio_clean/libri100_00789.wav,2459,ok
libri360_00128,./data/audio_clean/libri360_00128.wav,2460,ok
libri100_01917,./data/audio_clean/libri100_01917.wav,2461,ok
libri360_01814,./data/audio_clean/libri360_01814.wav,2462,ok
libri100_00549,./data/audio_clean/libri100_00549.wav,2463,ok
libri100_02849,./data/audio_clean/libri100_02849.wav,2464,ok
libri100_02600,./data/audio_clean/libri100_02600.wav,2465,ok
libri360_01472,./data/audio_clean/libri360_01472.wav,2466,ok
libri100_01861,./data/audio_clean/libri100_01861.wav,2467,ok
libri360_01212,./data/audio_clean/libri360_01212.wav,2468,ok
libri100_01372,./data/audio_clean/libri100_01372.wav,2469,ok
libri360_01257,./data/audio_clean/libri360_01257.wav,2470,ok
libri100_02948,./data/audio_clean/libri100_02948.wav,2471,ok
libri100_02326,./data/audio_clean/libri100_02326.wav,2472,ok
libri100_02556,./data/audio_clean/libri100_02556.wav,2473,ok
libri100_00037,./data/audio_clean/libri100_00037.wav,2474,ok
libri100_00153,./data/audio_clean/libri100_00153.wav,2475,ok
libri360_00404,./data/audio_clean/libri360_00404.wav,2476,ok
libri360_01136,./data/audio_clean/libri360_01136.wav,2477,ok
libri100_02029,./data/audio_clean/libri100_02029.wav,2478,ok
libri360_00419,./data/audio_clean/libri360_00419.wav,2479,ok
libri100_00148,./data/audio_clean/libri100_00148.wav,2480,ok
libri100_00720,./data/audio_clean/libri100_00720.wav,2481,ok
libri100_01711,./data/audio_clean/libri100_01711.wav,2482,ok
libri360_00019,./data/audio_clean/libri360_00019.wav,2483,ok
libri360_00791,./data/audio_clean/libri360_00791.wav,2484,ok
libri100_02191,./data/audio_clean/libri100_02191.wav,2485,ok
libri360_00974,./data/audio_clean/libri360_00974.wav,2486,ok
libri360_01195,./data/audio_clean/libri360_01195.wav,2487,ok
libri100_00366,./data/audio_clean/libri100_00366.wav,2488,ok
libri100_00242,./data/audio_clean/libri100_00242.wav,2489,ok
libri100_02879,./data/audio_clean/libri100_02879.wav,2490,ok
libri360_01284,./data/audio_clean/libri360_01284.wav,2491,ok
libri100_01176,./data/audio_clean/libri100_01176.wav,2492,ok
libri100_00816,./data/audio_clean/libri100_00816.wav,2493,ok
libri360_01703,./data/audio_clean/libri360_01703.wav,2494,ok
libri360_00291,./data/audio_clean/libri360_00291.wav,2495,ok
libri100_01666,./data/audio_clean/libri100_01666.wav,2496,ok
libri100_00646,./data/audio_clean/libri100_00646.wav,2497,ok
libri100_02254,./data/audio_clean/libri100_02254.wav,2498,ok
libri360_00091,./data/audio_clean/libri360_00091.wav,2499,ok
libri100_02901,./data/audio_clean/libri100_02901.wav,2500,ok
libri360_01010,./data/audio_clean/libri360_01010.wav,2501,ok
libri100_01934,./data/audio_clean/libri100_01934.wav,2502,ok
libri360_01431,./data/audio_clean/libri360_01431.wav,2503,ok
libri100_01692,./data/audio_clean/libri100_01692.wav,2504,ok
libri360_01728,./data/audio_clean/libri360_01728.wav,2505,ok
libri360_00484,./data/audio_clean/libri360_00484.wav,2506,ok
libri100_00953,./data/audio_clean/libri100_00953.wav,2507,ok
libri360_00844,./data/audio_clean/libri360_00844.wav,2508,ok
libri360_00993,./data/audio_clean/libri360_00993.wav,2509,ok
libri360_00524,./data/audio_clean/libri360_00524.wav,2510,ok
libri100_00993,./data/audio_clean/libri100_00993.wav,2511,ok
libri100_00980,./data/audio_clean/libri100_00980.wav,2512,ok
libri100_02403,./data/audio_clean/libri100_02403.wav,2513,ok
libri360_00764,./data/audio_clean/libri360_00764.wav,2514,ok
libri100_00447,./data/audio_clean/libri100_00447.wav,2515,ok
libri360_00442,./data/audio_clean/libri360_00442.wav,2516,ok
libri100_01112,./data/audio_clean/libri100_01112.wav,2517,ok
libri100_02302,./data/audio_clean/libri100_02302.wav,2518,ok
libri100_01110,./data/audio_clean/libri100_01110.wav,2519,ok
libri100_02206,./data/audio_clean/libri100_02206.wav,2520,ok
libri360_01939,./data/audio_clean/libri360_01939.wav,2521,ok
libri360_01668,./data/audio_clean/libri360_01668.wav,2522,ok
libri100_01962,./data/audio_clean/libri100_01962.wav,2523,ok
libri100_01050,./data/audio_clean/libri100_01050.wav,2524,ok
libri360_00327,./data/audio_clean/libri360_00327.wav,2525,ok
libri100_01418,./data/audio_clean/libri100_01418.wav,2526,ok
libri100_02800,./data/audio_clean/libri100_02800.wav,2527,ok
libri360_01983,./data/audio_clean/libri360_01983.wav,2528,ok
libri360_01813,./data/audio_clean/libri360_01813.wav,2529,ok
libri100_02861,./data/audio_clean/libri100_02861.wav,2530,ok
libri360_00359,./data/audio_clean/libri360_00359.wav,2531,ok
libri360_00463,./data/audio_clean/libri360_00463.wav,2532,ok
libri360_00832,./data/audio_clean/libri360_00832.wav,2533,ok
libri100_02990,./data/audio_clean/libri100_02990.wav,2534,ok
libri360_01250,./data/audio_clean/libri360_01250.wav,2535,ok
libri360_00076,./data/audio_clean/libri360_00076.wav,2536,ok
libri360_00560,./data/audio_clean/libri360_00560.wav,2537,ok
libri100_01120,./data/audio_clean/libri100_01120.wav,2538,ok
libri100_02295,./data/audio_clean/libri100_02295.wav,2539,ok
libri100_01428,./data/audio_clean/libri100_01428.wav,2540,ok
libri100_01965,./data/audio_clean/libri100_01965.wav,2541,ok
libri100_02828,./data/audio_clean/libri100_02828.wav,2542,ok
libri100_02002,./data/audio_clean/libri100_02002.wav,2543,ok
libri360_01491,./data/audio_clean/libri360_01491.wav,2544,ok
libri100_01183,./data/audio_clean/libri100_01183.wav,2545,ok
libri100_01219,./data/audio_clean/libri100_01219.wav,2546,ok
libri100_00921,./data/audio_clean/libri100_00921.wav,2547,ok
libri360_01255,./data/audio_clean/libri360_01255.wav,2548,ok
libri360_00253,./data/audio_clean/libri360_00253.wav,2549,ok
libri100_01142,./data/audio_clean/libri100_01142.wav,2550,ok
libri100_01009,./data/audio_clean/libri100_01009.wav,2551,ok
libri100_00787,./data/audio_clean/libri100_00787.wav,2552,ok
libri360_00216,./data/audio_clean/libri360_00216.wav,2553,ok
libri360_01341,./data/audio_clean/libri360_01341.wav,2554,ok
libri100_01082,./data/audio_clean/libri100_01082.wav,2555,ok
libri100_01451,./data/audio_clean/libri100_01451.wav,2556,ok
libri100_02237,./data/audio_clean/libri100_02237.wav,2557,ok
libri100_01402,./data/audio_clean/libri100_01402.wav,2558,ok
libri100_02183,./data/audio_clean/libri100_02183.wav,2559,ok
libri360_01365,./data/audio_clean/libri360_01365.wav,2560,ok
libri360_01345,./data/audio_clean/libri360_01345.wav,2561,ok
libri100_01285,./data/audio_clean/libri100_01285.wav,2562,ok
libri360_01434,./data/audio_clean/libri360_01434.wav,2563,ok
libri360_01898,./data/audio_clean/libri360_01898.wav,2564,ok
libri360_01478,./data/audio_clean/libri360_01478.wav,2565,ok
libri360_01762,./data/audio_clean/libri360_01762.wav,2566,ok
libri360_00534,./data/audio_clean/libri360_00534.wav,2567,ok
libri100_00849,./data/audio_clean/libri100_00849.wav,2568,ok
libri100_02124,./data/audio_clean/libri100_02124.wav,2569,ok
libri100_00565,./data/audio_clean/libri100_00565.wav,2570,ok
libri100_00255,./data/audio_clean/libri100_00255.wav,2571,ok
libri360_00813,./data/audio_clean/libri360_00813.wav,2572,ok
libri100_02504,./data/audio_clean/libri100_02504.wav,2573,ok
libri360_00864,./data/audio_clean/libri360_00864.wav,2574,ok
libri100_01680,./data/audio_clean/libri100_01680.wav,2575,ok
libri360_00877,./data/audio_clean/libri360_00877.wav,2576,ok
libri100_01691,./data/audio_clean/libri100_01691.wav,2577,ok
libri100_00620,./data/audio_clean/libri100_00620.wav,2578,ok
libri100_01715,./data/audio_clean/libri100_01715.wav,2579,ok
libri100_01284,./data/audio_clean/libri100_01284.wav,2580,ok
libri360_01480,./data/audio_clean/libri360_01480.wav,2581,ok
libri100_00781,./data/audio_clean/libri100_00781.wav,2582,ok
libri360_00697,./data/audio_clean/libri360_00697.wav,2583,ok
libri100_02345,./data/audio_clean/libri100_02345.wav,2584,ok
libri100_00129,./data/audio_clean/libri100_00129.wav,2585,ok
libri100_00992,./data/audio_clean/libri100_00992.wav,2586,ok
libri100_00605,./data/audio_clean/libri100_00605.wav,2587,ok
libri360_00430,./data/audio_clean/libri360_00430.wav,2588,ok
libri360_01838,./data/audio_clean/libri360_01838.wav,2589,ok
libri360_01163,./data/audio_clean/libri360_01163.wav,2590,ok
libri100_02147,./data/audio_clean/libri100_02147.wav,2591,ok
libri100_00698,./data/audio_clean/libri100_00698.wav,2592,ok
libri100_01967,./data/audio_clean/libri100_01967.wav,2593,ok
libri100_02614,./data/audio_clean/libri100_02614.wav,2594,ok
libri360_01868,./data/audio_clean/libri360_01868.wav,2595,ok
libri100_00932,./data/audio_clean/libri100_00932.wav,2596,ok
libri100_02365,./data/audio_clean/libri100_02365.wav,2597,ok
libri100_02369,./data/audio_clean/libri100_02369.wav,2598,ok
libri100_01087,./data/audio_clean/libri100_01087.wav,2599,ok
libri100_01943,./data/audio_clean/libri100_01943.wav,2600,ok
libri360_00348,./data/audio_clean/libri360_00348.wav,2601,ok
libri360_00119,./data/audio_clean/libri360_00119.wav,2602,ok
libri360_01909,./data/audio_clean/libri360_01909.wav,2603,ok
libri100_01260,./data/audio_clean/libri100_01260.wav,2604,ok
libri360_01129,./data/audio_clean/libri360_01129.wav,2605,ok
libri100_02766,./data/audio_clean/libri100_02766.wav,2606,ok
libri100_00448,./data/audio_clean/libri100_00448.wav,2607,ok
libri100_01356,./data/audio_clean/libri100_01356.wav,2608,ok
libri100_01508,./data/audio_clean/libri100_01508.wav,2609,ok
libri100_00068,./data/audio_clean/libri100_00068.wav,2610,ok
libri100_01945,./data/audio_clean/libri100_01945.wav,2611,ok
libri100_01227,./data/audio_clean/libri100_01227.wav,2612,ok
libri100_02305,./data/audio_clean/libri100_02305.wav,2613,ok
libri360_01996,./data/audio_clean/libri360_01996.wav,2614,ok
libri100_02180,./data/audio_clean/libri100_02180.wav,2615,ok
libri100_02087,./data/audio_clean/libri100_02087.wav,2616,ok
libri100_02077,./data/audio_clean/libri100_02077.wav,2617,ok
libri100_01377,./data/audio_clean/libri100_01377.wav,2618,ok
libri360_00669,./data/audio_clean/libri360_00669.wav,2619,ok
libri360_00953,./data/audio_clean/libri360_00953.wav,2620,ok
libri360_01709,./data/audio_clean/libri360_01709.wav,2621,ok
libri100_01609,./data/audio_clean/libri100_01609.wav,2622,ok
libri360_01237,./data/audio_clean/libri360_01237.wav,2623,ok
libri360_01609,./data/audio_clean/libri360_01609.wav,2624,ok
libri360_01301,./data/audio_clean/libri360_01301.wav,2625,ok
libri360_00911,./data/audio_clean/libri360_00911.wav,2626,ok
libri360_00793,./data/audio_clean/libri360_00793.wav,2627,ok
libri100_02992,./data/audio_clean/libri100_02992.wav,2628,ok
libri360_00918,./data/audio_clean/libri360_00918.wav,2629,ok
libri100_00610,./data/audio_clean/libri100_00610.wav,2630,ok
libri360_00947,./data/audio_clean/libri360_00947.wav,2631,ok
libri100_02127,./data/audio_clean/libri100_02127.wav,2632,ok
libri100_01940,./data/audio_clean/libri100_01940.wav,2633,ok
libri360_00379,./data/audio_clean/libri360_00379.wav,2634,ok
libri360_01719,./data/audio_clean/libri360_01719.wav,2635,ok
libri360_01848,./data/audio_clean/libri360_01848.wav,2636,ok
libri100_02678,./data/audio_clean/libri100_02678.wav,2637,ok
libri100_00164,./data/audio_clean/libri100_00164.wav,2638,ok
libri100_02048,./data/audio_clean/libri100_02048.wav,2639,ok
libri100_01644,./data/audio_clean/libri100_01644.wav,2640,ok
libri100_02085,./data/audio_clean/libri100_02085.wav,2641,ok
libri100_02960,./data/audio_clean/libri100_02960.wav,2642,ok
libri360_00944,./data/audio_clean/libri360_00944.wav,2643,ok
libri360_01061,./data/audio_clean/libri360_01061.wav,2644,ok
libri100_01497,./data/audio_clean/libri100_01497.wav,2645,ok
libri360_01852,./data/audio_clean/libri360_01852.wav,2646,ok
libri100_02972,./data/audio_clean/libri100_02972.wav,2647,ok
libri100_01528,./data/audio_clean/libri100_01528.wav,2648,ok
libri100_01613,./data/audio_clean/libri100_01613.wav,2649,ok
libri360_01105,./data/audio_clean/libri360_01105.wav,2650,ok
libri100_00527,./data/audio_clean/libri100_00527.wav,2651,ok
libri100_00486,./data/audio_clean/libri100_00486.wav,2652,ok
libri100_02502,./data/audio_clean/libri100_02502.wav,2653,ok
libri360_01337,./data/audio_clean/libri360_01337.wav,2654,ok
libri360_00762,./data/audio_clean/libri360_00762.wav,2655,ok
libri100_02863,./data/audio_clean/libri100_02863.wav,2656,ok
libri100_01844,./data/audio_clean/libri100_01844.wav,2657,ok
libri100_02065,./data/audio_clean/libri100_02065.wav,2658,ok
libri360_01596,./data/audio_clean/libri360_01596.wav,2659,ok
libri360_00643,./data/audio_clean/libri360_00643.wav,2660,ok
libri100_01182,./data/audio_clean/libri100_01182.wav,2661,ok
libri360_01653,./data/audio_clean/libri360_01653.wav,2662,ok
libri100_01484,./data/audio_clean/libri100_01484.wav,2663,ok
libri100_00797,./data/audio_clean/libri100_00797.wav,2664,ok
libri100_02301,./data/audio_clean/libri100_02301.wav,2665,ok
libri100_02335,./data/audio_clean/libri100_02335.wav,2666,ok
libri100_00209,./data/audio_clean/libri100_00209.wav,2667,ok
libri360_00387,./data/audio_clean/libri360_00387.wav,2668,ok
libri360_00792,./data/audio_clean/libri360_00792.wav,2669,ok
libri360_00616,./data/audio_clean/libri360_00616.wav,2670,ok
libri100_01651,./data/audio_clean/libri100_01651.wav,2671,ok
libri360_00835,./data/audio_clean/libri360_00835.wav,2672,ok
libri360_00830,./data/audio_clean/libri360_00830.wav,2673,ok
libri100_00548,./data/audio_clean/libri100_00548.wav,2674,ok
libri100_01765,./data/audio_clean/libri100_01765.wav,2675,ok
libri100_00440,./data/audio_clean/libri100_00440.wav,2676,ok
libri360_00926,./data/audio_clean/libri360_00926.wav,2677,ok
libri360_01348,./data/audio_clean/libri360_01348.wav,2678,ok
libri360_01904,./data/audio_clean/libri360_01904.wav,2679,ok
libri100_01927,./data/audio_clean/libri100_01927.wav,2680,ok
libri100_02679,./data/audio_clean/libri100_02679.wav,2681,ok
libri100_02447,./data/audio_clean/libri100_02447.wav,2682,ok
libri100_02027,./data/audio_clean/libri100_02027.wav,2683,ok
libri100_01152,./data/audio_clean/libri100_01152.wav,2684,ok
libri100_02722,./data/audio_clean/libri100_02722.wav,2685,ok
libri100_00199,./data/audio_clean/libri100_00199.wav,2686,ok
libri360_00053,./data/audio_clean/libri360_00053.wav,2687,ok
libri100_02389,./data/audio_clean/libri100_02389.wav,2688,ok
libri360_00498,./data/audio_clean/libri360_00498.wav,2689,ok
libri360_00979,./data/audio_clean/libri360_00979.wav,2690,ok
libri360_00070,./data/audio_clean/libri360_00070.wav,2691,ok
libri360_00624,./data/audio_clean/libri360_00624.wav,2692,ok
libri100_01610,./data/audio_clean/libri100_01610.wav,2693,ok
libri100_00368,./data/audio_clean/libri100_00368.wav,2694,ok
libri360_01875,./data/audio_clean/libri360_01875.wav,2695,ok
libri100_02968,./data/audio_clean/libri100_02968.wav,2696,ok
libri360_01442,./data/audio_clean/libri360_01442.wav,2697,ok
libri100_02042,./data/audio_clean/libri100_02042.wav,2698,ok
libri360_01220,./data/audio_clean/libri360_01220.wav,2699,ok
libri100_02108,./data/audio_clean/libri100_02108.wav,2700,ok
libri100_02040,./data/audio_clean/libri100_02040.wav,2701,ok
libri100_00652,./data/audio_clean/libri100_00652.wav,2702,ok
libri360_00742,./data/audio_clean/libri360_00742.wav,2703,ok
libri100_02740,./data/audio_clean/libri100_02740.wav,2704,ok
libri100_02366,./data/audio_clean/libri100_02366.wav,2705,ok
libri360_01384,./data/audio_clean/libri360_01384.wav,2706,ok
libri100_00654,./data/audio_clean/libri100_00654.wav,2707,ok
libri100_01016,./data/audio_clean/libri100_01016.wav,2708,ok
libri100_01712,./data/audio_clean/libri100_01712.wav,2709,ok
libri360_01828,./data/audio_clean/libri360_01828.wav,2710,ok
libri100_01573,./data/audio_clean/libri100_01573.wav,2711,ok
libri100_01188,./data/audio_clean/libri100_01188.wav,2712,ok
libri360_01103,./data/audio_clean/libri360_01103.wav,2713,ok
libri100_00396,./data/audio_clean/libri100_00396.wav,2714,ok
libri100_00577,./data/audio_clean/libri100_00577.wav,2715,ok
libri100_01015,./data/audio_clean/libri100_01015.wav,2716,ok
libri360_01215,./data/audio_clean/libri360_01215.wav,2717,ok
libri360_01812,./data/audio_clean/libri360_01812.wav,2718,ok
libri100_00501,./data/audio_clean/libri100_00501.wav,2719,ok
libri100_01910,./data/audio_clean/libri100_01910.wav,2720,ok
libri360_00060,./data/audio_clean/libri360_00060.wav,2721,ok
libri100_02739,./data/audio_clean/libri100_02739.wav,2722,ok
libri100_00434,./data/audio_clean/libri100_00434.wav,2723,ok
libri100_02887,./data/audio_clean/libri100_02887.wav,2724,ok
libri100_02109,./data/audio_clean/libri100_02109.wav,2725,ok
libri360_00759,./data/audio_clean/libri360_00759.wav,2726,ok
libri360_01261,./data/audio_clean/libri360_01261.wav,2727,ok
libri360_00601,./data/audio_clean/libri360_00601.wav,2728,ok
libri100_01414,./data/audio_clean/libri100_01414.wav,2729,ok
libri360_01971,./data/audio_clean/libri360_01971.wav,2730,ok
libri360_00614,./data/audio_clean/libri360_00614.wav,2731,ok
libri360_01019,./data/audio_clean/libri360_01019.wav,2732,ok
libri100_02484,./data/audio_clean/libri100_02484.wav,2733,ok
libri100_01393,./data/audio_clean/libri100_01393.wav,2734,ok
libri100_00835,./data/audio_clean/libri100_00835.wav,2735,ok
libri100_01902,./data/audio_clean/libri100_01902.wav,2736,ok
libri100_01983,./data/audio_clean/libri100_01983.wav,2737,ok
libri360_01240,./data/audio_clean/libri360_01240.wav,2738,ok
libri100_01800,./data/audio_clean/libri100_01800.wav,2739,ok
libri360_00959,./data/audio_clean/libri360_00959.wav,2740,ok
libri360_00575,./data/audio_clean/libri360_00575.wav,2741,ok
libri100_00298,./data/audio_clean/libri100_00298.wav,2742,ok
libri360_00602,./data/audio_clean/libri360_00602.wav,2743,ok
libri100_01218,./data/audio_clean/libri100_01218.wav,2744,ok
libri100_02930,./data/audio_clean/libri100_02930.wav,2745,ok
libri100_01003,./data/audio_clean/libri100_01003.wav,2746,ok
libri100_01978,./data/audio_clean/libri100_01978.wav,2747,ok
libri360_00797,./data/audio_clean/libri360_00797.wav,2748,ok
libri100_02629,./data/audio_clean/libri100_02629.wav,2749,ok
libri100_01186,./data/audio_clean/libri100_01186.wav,2750,ok
libri100_02958,./data/audio_clean/libri100_02958.wav,2751,ok
libri100_02568,./data/audio_clean/libri100_02568.wav,2752,ok
libri100_02039,./data/audio_clean/libri100_02039.wav,2753,ok
libri100_00124,./data/audio_clean/libri100_00124.wav,2754,ok
libri360_00072,./data/audio_clean/libri360_00072.wav,2755,ok
libri360_00188,./data/audio_clean/libri360_00188.wav,2756,ok
libri360_01269,./data/audio_clean/libri360_01269.wav,2757,ok
libri100_02343,./data/audio_clean/libri100_02343.wav,2758,ok
libri100_00863,./data/audio_clean/libri100_00863.wav,2759,ok
libri100_02667,./data/audio_clean/libri100_02667.wav,2760,ok
libri100_01084,./data/audio_clean/libri100_01084.wav,2761,ok
libri100_02362,./data/audio_clean/libri100_02362.wav,2762,ok
libri100_02627,./data/audio_clean/libri100_02627.wav,2763,ok
libri360_00452,./data/audio_clean/libri360_00452.wav,2764,ok
libri100_00332,./data/audio_clean/libri100_00332.wav,2765,ok
libri100_00116,./data/audio_clean/libri100_00116.wav,2766,ok
libri360_01777,./data/audio_clean/libri360_01777.wav,2767,ok
libri360_01664,./data/audio_clean/libri360_01664.wav,2768,ok
libri100_01382,./data/audio_clean/libri100_01382.wav,2769,ok
libri360_01932,./data/audio_clean/libri360_01932.wav,2770,ok
libri360_00635,./data/audio_clean/libri360_00635.wav,2771,ok
libri360_00659,./data/audio_clean/libri360_00659.wav,2772,ok
libri360_01324,./data/audio_clean/libri360_01324.wav,2773,ok
libri360_00184,./data/audio_clean/libri360_00184.wav,2774,ok
libri100_02378,./data/audio_clean/libri100_02378.wav,2775,ok
libri100_02424,./data/audio_clean/libri100_02424.wav,2776,ok
libri100_00690,./data/audio_clean/libri100_00690.wav,2777,ok
libri100_02625,./data/audio_clean/libri100_02625.wav,2778,ok
libri100_02058,./data/audio_clean/libri100_02058.wav,2779,ok
libri360_00218,./data/audio_clean/libri360_00218.wav,2780,ok
libri360_01039,./data/audio_clean/libri360_01039.wav,2781,ok
libri100_02516,./data/audio_clean/libri100_02516.wav,2782,ok
libri360_00578,./data/audio_clean/libri360_00578.wav,2783,ok
libri100_02560,./data/audio_clean/libri100_02560.wav,2784,ok
libri100_00512,./data/audio_clean/libri100_00512.wav,2785,ok
libri100_02936,./data/audio_clean/libri100_02936.wav,2786,ok
libri100_02256,./data/audio_clean/libri100_02256.wav,2787,ok
libri100_02601,./data/audio_clean/libri100_02601.wav,2788,ok
libri100_00804,./data/audio_clean/libri100_00804.wav,2789,ok
libri360_00890,./data/audio_clean/libri360_00890.wav,2790,ok
libri360_01948,./data/audio_clean/libri360_01948.wav,2791,ok
libri360_00250,./data/audio_clean/libri360_00250.wav,2792,ok
libri100_02125,./data/audio_clean/libri100_02125.wav,2793,ok
libri100_01417,./data/audio_clean/libri100_01417.wav,2794,ok
libri100_00923,./data/audio_clean/libri100_00923.wav,2795,ok
libri100_01321,./data/audio_clean/libri100_01321.wav,2796,ok
libri360_00146,./data/audio_clean/libri360_00146.wav,2797,ok
libri100_00674,./data/audio_clean/libri100_00674.wav,2798,ok
libri100_01245,./data/audio_clean/libri100_01245.wav,2799,ok
libri360_01097,./data/audio_clean/libri360_01097.wav,2800,ok
libri100_02122,./data/audio_clean/libri100_02122.wav,2801,ok
libri100_00508,./data/audio_clean/libri100_00508.wav,2802,ok
libri360_01585,./data/audio_clean/libri360_01585.wav,2803,ok
libri360_00613,./data/audio_clean/libri360_00613.wav,2804,ok
libri360_01292,./data/audio_clean/libri360_01292.wav,2805,ok
libri360_00233,./data/audio_clean/libri360_00233.wav,2806,ok
libri100_00745,./data/audio_clean/libri100_00745.wav,2807,ok
libri100_02407,./data/audio_clean/libri100_02407.wav,2808,ok
libri100_02620,./data/audio_clean/libri100_02620.wav,2809,ok
libri360_00612,./data/audio_clean/libri360_00612.wav,2810,ok
libri100_00525,./data/audio_clean/libri100_00525.wav,2811,ok
libri100_01411,./data/audio_clean/libri100_01411.wav,2812,ok
libri100_02119,./data/audio_clean/libri100_02119.wav,2813,ok
libri100_02785,./data/audio_clean/libri100_02785.wav,2814,ok
libri100_01908,./data/audio_clean/libri100_01908.wav,2815,ok
libri100_01843,./data/audio_clean/libri100_01843.wav,2816,ok
libri100_02873,./data/audio_clean/libri100_02873.wav,2817,ok
libri100_02631,./data/audio_clean/libri100_02631.wav,2818,ok
libri100_01298,./data/audio_clean/libri100_01298.wav,2819,ok
libri100_00513,./data/audio_clean/libri100_00513.wav,2820,ok
libri360_00958,./data/audio_clean/libri360_00958.wav,2821,ok
libri360_00935,./data/audio_clean/libri360_00935.wav,2822,ok
libri100_01677,./data/audio_clean/libri100_01677.wav,2823,ok
libri360_00174,./data/audio_clean/libri360_00174.wav,2824,ok
libri100_02153,./data/audio_clean/libri100_02153.wav,2825,ok
libri360_00007,./data/audio_clean/libri360_00007.wav,2826,ok
libri360_00277,./data/audio_clean/libri360_00277.wav,2827,ok
libri360_01620,./data/audio_clean/libri360_01620.wav,2828,ok
libri360_00256,./data/audio_clean/libri360_00256.wav,2829,ok
libri100_00353,./data/audio_clean/libri100_00353.wav,2830,ok
libri100_02880,./data/audio_clean/libri100_02880.wav,2831,ok
libri100_00531,./data/audio_clean/libri100_00531.wav,2832,ok
libri100_02259,./data/audio_clean/libri100_02259.wav,2833,ok
libri100_01914,./data/audio_clean/libri100_01914.wav,2834,ok
libri100_01511,./data/audio_clean/libri100_01511.wav,2835,ok
libri100_02344,./data/audio_clean/libri100_02344.wav,2836,ok
libri360_00680,./data/audio_clean/libri360_00680.wav,2837,ok
libri100_01478,./data/audio_clean/libri100_01478.wav,2838,ok
libri360_00526,./data/audio_clean/libri360_00526.wav,2839,ok
libri360_01230,./data/audio_clean/libri360_01230.wav,2840,ok
libri100_00969,./data/audio_clean/libri100_00969.wav,2841,ok
libri360_00096,./data/audio_clean/libri360_00096.wav,2842,ok
libri360_01288,./data/audio_clean/libri360_01288.wav,2843,ok
libri100_00497,./data/audio_clean/libri100_00497.wav,2844,ok
libri360_00549,./data/audio_clean/libri360_00549.wav,2845,ok
libri100_02083,./data/audio_clean/libri100_02083.wav,2846,ok
libri100_01480,./data/audio_clean/libri100_01480.wav,2847,ok
libri360_00684,./data/audio_clean/libri360_00684.wav,2848,ok
libri360_01057,./data/audio_clean/libri360_01057.wav,2849,ok
libri360_01840,./data/audio_clean/libri360_01840.wav,2850,ok
libri100_01228,./data/audio_clean/libri100_01228.wav,2851,ok
libri100_01189,./data/audio_clean/libri100_01189.wav,2852,ok
libri100_02220,./data/audio_clean/libri100_02220.wav,2853,ok
libri100_02252,./data/audio_clean/libri100_02252.wav,2854,ok
libri100_00265,./data/audio_clean/libri100_00265.wav,2855,ok
libri360_01234,./data/audio_clean/libri360_01234.wav,2856,ok
libri100_02735,./data/audio_clean/libri100_02735.wav,2857,ok
libri100_01309,./data/audio_clean/libri100_01309.wav,2858,ok
libri100_02793,./data/audio_clean/libri100_02793.wav,2859,ok
libri100_00359,./data/audio_clean/libri100_00359.wav,2860,ok
libri100_01823,./data/audio_clean/libri100_01823.wav,2861,ok
libri100_00707,./data/audio_clean/libri100_00707.wav,2862,ok
libri360_00315,./data/audio_clean/libri360_00315.wav,2863,ok
libri360_00318,./data/audio_clean/libri360_00318.wav,2864,ok
libri360_00783,./data/audio_clean/libri360_00783.wav,2865,ok
libri100_00502,./data/audio_clean/libri100_00502.wav,2866,ok
libri360_01692,./data/audio_clean/libri360_01692.wav,2867,ok
libri360_01346,./data/audio_clean/libri360_01346.wav,2868,ok
libri360_01016,./data/audio_clean/libri360_01016.wav,2869,ok
libri100_01169,./data/audio_clean/libri100_01169.wav,2870,ok
libri100_02506,./data/audio_clean/libri100_02506.wav,2871,ok
libri100_00878,./data/audio_clean/libri100_00878.wav,2872,ok
libri100_01827,./data/audio_clean/libri100_01827.wav,2873,ok
libri360_01012,./data/audio_clean/libri360_01012.wav,2874,ok
libri100_01066,./data/audio_clean/libri100_01066.wav,2875,ok
libri360_01700,./data/audio_clean/libri360_01700.wav,2876,ok
libri360_01807,./data/audio_clean/libri360_01807.wav,2877,ok
libri360_01568,./data/audio_clean/libri360_01568.wav,2878,ok
libri100_01585,./data/audio_clean/libri100_01585.wav,2879,ok
libri100_02120,./data/audio_clean/libri100_02120.wav,2880,ok
libri360_01625,./data/audio_clean/libri360_01625.wav,2881,ok
libri360_01315,./data/audio_clean/libri360_01315.wav,2882,ok
libri100_00106,./data/audio_clean/libri100_00106.wav,2883,ok
libri100_00464,./data/audio_clean/libri100_00464.wav,2884,ok
libri360_01953,./data/audio_clean/libri360_01953.wav,2885,ok
libri360_00540,./data/audio_clean/libri360_00540.wav,2886,ok
libri100_02660,./data/audio_clean/libri100_02660.wav,2887,ok
libri100_01287,./data/audio_clean/libri100_01287.wav,2888,ok
libri360_00744,./data/audio_clean/libri360_00744.wav,2889,ok
libri360_01767,./data/audio_clean/libri360_01767.wav,2890,ok
libri100_02168,./data/audio_clean/libri100_02168.wav,2891,ok
libri360_00101,./data/audio_clean/libri360_00101.wav,2892,ok
libri360_01539,./data/audio_clean/libri360_01539.wav,2893,ok
libri360_00310,./data/audio_clean/libri360_00310.wav,2894,ok
libri360_01710,./data/audio_clean/libri360_01710.wav,2895,ok
libri100_01523,./data/audio_clean/libri100_01523.wav,2896,ok
libri360_01133,./data/audio_clean/libri360_01133.wav,2897,ok
libri360_01202,./data/audio_clean/libri360_01202.wav,2898,ok
libri100_02781,./data/audio_clean/libri100_02781.wav,2899,ok
libri100_00628,./data/audio_clean/libri100_00628.wav,2900,ok
libri360_00292,./data/audio_clean/libri360_00292.wav,2901,ok
libri100_00132,./data/audio_clean/libri100_00132.wav,2902,ok
libri100_02323,./data/audio_clean/libri100_02323.wav,2903,ok
libri100_01568,./data/audio_clean/libri100_01568.wav,2904,ok
libri100_01483,./data/audio_clean/libri100_01483.wav,2905,ok
libri100_01500,./data/audio_clean/libri100_01500.wav,2906,ok
libri100_02642,./data/audio_clean/libri100_02642.wav,2907,ok
libri100_00966,./data/audio_clean/libri100_00966.wav,2908,ok
libri100_00275,./data/audio_clean/libri100_00275.wav,2909,ok
libri360_01077,./data/audio_clean/libri360_01077.wav,2910,ok
libri100_00142,./data/audio_clean/libri100_00142.wav,2911,ok
libri100_01794,./data/audio_clean/libri100_01794.wav,2912,ok
libri360_00459,./data/audio_clean/libri360_00459.wav,2913,ok
libri100_02488,./data/audio_clean/libri100_02488.wav,2914,ok
libri360_01801,./data/audio_clean/libri360_01801.wav,2915,ok
libri360_00654,./data/audio_clean/libri360_00654.wav,2916,ok
libri100_00655,./data/audio_clean/libri100_00655.wav,2917,ok
libri100_02782,./data/audio_clean/libri100_02782.wav,2918,ok
libri100_02101,./data/audio_clean/libri100_02101.wav,2919,ok
libri360_01420,./data/audio_clean/libri360_01420.wav,2920,ok
libri100_01663,./data/audio_clean/libri100_01663.wav,2921,ok
libri100_02611,./data/audio_clean/libri100_02611.wav,2922,ok
libri100_02749,./data/audio_clean/libri100_02749.wav,2923,ok
libri100_00307,./data/audio_clean/libri100_00307.wav,2924,ok
libri100_00234,./data/audio_clean/libri100_00234.wav,2925,ok
libri360_00733,./data/audio_clean/libri360_00733.wav,2926,ok
libri360_00927,./data/audio_clean/libri360_00927.wav,2927,ok
libri100_01781,./data/audio_clean/libri100_01781.wav,2928,ok
libri360_00382,./data/audio_clean/libri360_00382.wav,2929,ok
libri100_01444,./data/audio_clean/libri100_01444.wav,2930,ok
libri360_00417,./data/audio_clean/libri360_00417.wav,2931,ok
libri100_01831,./data/audio_clean/libri100_01831.wav,2932,ok
libri100_01439,./data/audio_clean/libri100_01439.wav,2933,ok
libri100_01818,./data/audio_clean/libri100_01818.wav,2934,ok
libri100_02825,./data/audio_clean/libri100_02825.wav,2935,ok
libri100_00682,./data/audio_clean/libri100_00682.wav,2936,ok
libri100_01745,./data/audio_clean/libri100_01745.wav,2937,ok
libri100_02939,./data/audio_clean/libri100_02939.wav,2938,ok
libri360_00989,./data/audio_clean/libri360_00989.wav,2939,ok
libri360_01900,./data/audio_clean/libri360_01900.wav,2940,ok
libri100_01255,./data/audio_clean/libri100_01255.wav,2941,ok
libri100_01210,./data/audio_clean/libri100_01210.wav,2942,ok
libri360_00696,./data/audio_clean/libri360_00696.wav,2943,ok
libri360_00438,./data/audio_clean/libri360_00438.wav,2944,ok
libri100_00327,./data/audio_clean/libri100_00327.wav,2945,ok
libri360_00136,./data/audio_clean/libri360_00136.wav,2946,ok
libri100_01315,./data/audio_clean/libri100_01315.wav,2947,ok
libri100_01203,./data/audio_clean/libri100_01203.wav,2948,ok
libri100_02234,./data/audio_clean/libri100_02234.wav,2949,ok
libri100_00739,./data/audio_clean/libri100_00739.wav,2950,ok
libri360_00355,./data/audio_clean/libri360_00355.wav,2951,ok
libri360_00894,./data/audio_clean/libri360_00894.wav,2952,ok
libri360_00985,./data/audio_clean/libri360_00985.wav,2953,ok
libri100_01738,./data/audio_clean/libri100_01738.wav,2954,ok
libri100_00338,./data/audio_clean/libri100_00338.wav,2955,ok
libri360_01494,./data/audio_clean/libri360_01494.wav,2956,ok
libri100_02126,./data/audio_clean/libri100_02126.wav,2957,ok
libri360_00750,./data/audio_clean/libri360_00750.wav,2958,ok
libri360_00435,./data/audio_clean/libri360_00435.wav,2959,ok
libri100_02834,./data/audio_clean/libri100_02834.wav,2960,ok
libri360_01611,./data/audio_clean/libri360_01611.wav,2961,ok
libri360_01524,./data/audio_clean/libri360_01524.wav,2962,ok
libri360_00604,./data/audio_clean/libri360_00604.wav,2963,ok
libri360_00251,./data/audio_clean/libri360_00251.wav,2964,ok
libri360_00715,./data/audio_clean/libri360_00715.wav,2965,ok
libri100_01638,./data/audio_clean/libri100_01638.wav,2966,ok
libri100_01789,./data/audio_clean/libri100_01789.wav,2967,ok
libri100_01507,./data/audio_clean/libri100_01507.wav,2968,ok
libri100_00509,./data/audio_clean/libri100_00509.wav,2969,ok
libri360_00518,./data/audio_clean/libri360_00518.wav,2970,ok
libri360_01073,./data/audio_clean/libri360_01073.wav,2971,ok
libri100_02685,./data/audio_clean/libri100_02685.wav,2972,ok
libri360_00075,./data/audio_clean/libri360_00075.wav,2973,ok
libri360_00028,./data/audio_clean/libri360_00028.wav,2974,ok
libri100_01171,./data/audio_clean/libri100_01171.wav,2975,ok
libri100_00782,./data/audio_clean/libri100_00782.wav,2976,ok
libri100_02649,./data/audio_clean/libri100_02649.wav,2977,ok
libri100_00149,./data/audio_clean/libri100_00149.wav,2978,ok
libri100_01037,./data/audio_clean/libri100_01037.wav,2979,ok
libri360_01619,./data/audio_clean/libri360_01619.wav,2980,ok
libri100_02224,./data/audio_clean/libri100_02224.wav,2981,ok
libri360_01520,./data/audio_clean/libri360_01520.wav,2982,ok
libri100_02111,./data/audio_clean/libri100_02111.wav,2983,ok
libri360_00833,./data/audio_clean/libri360_00833.wav,2984,ok
libri360_01680,./data/audio_clean/libri360_01680.wav,2985,ok
libri100_00171,./data/audio_clean/libri100_00171.wav,2986,ok
libri360_01510,./data/audio_clean/libri360_01510.wav,2987,ok
libri100_00179,./data/audio_clean/libri100_00179.wav,2988,ok
libri100_00825,./data/audio_clean/libri100_00825.wav,2989,ok
libri360_01440,./data/audio_clean/libri360_01440.wav,2990,ok
libri360_01078,./data/audio_clean/libri360_01078.wav,2991,ok
libri100_01874,./data/audio_clean/libri100_01874.wav,2992,ok
libri100_02932,./data/audio_clean/libri100_02932.wav,2993,ok
libri360_00803,./data/audio_clean/libri360_00803.wav,2994,ok
libri360_01805,./data/audio_clean/libri360_01805.wav,2995,ok
libri100_00746,./data/audio_clean/libri100_00746.wav,2996,ok
libri100_02587,./data/audio_clean/libri100_02587.wav,2997,ok
libri360_01141,./data/audio_clean/libri360_01141.wav,2998,ok
libri100_02848,./data/audio_clean/libri100_02848.wav,2999,ok
libri100_01903,./data/audio_clean/libri100_01903.wav,3000,ok
libri100_02804,./data/audio_clean/libri100_02804.wav,3001,ok
libri360_00528,./data/audio_clean/libri360_00528.wav,3002,ok
libri360_01050,./data/audio_clean/libri360_01050.wav,3003,ok
libri100_02236,./data/audio_clean/libri100_02236.wav,3004,ok
libri360_00906,./data/audio_clean/libri360_00906.wav,3005,ok
libri100_00181,./data/audio_clean/libri100_00181.wav,3006,ok
libri100_00546,./data/audio_clean/libri100_00546.wav,3007,ok
libri100_01361,./data/audio_clean/libri100_01361.wav,3008,ok
libri360_00011,./data/audio_clean/libri360_00011.wav,3009,ok
libri100_02383,./data/audio_clean/libri100_02383.wav,3010,ok
libri360_00556,./data/audio_clean/libri360_00556.wav,3011,ok
libri360_01515,./data/audio_clean/libri360_01515.wav,3012,ok
libri100_02691,./data/audio_clean/libri100_02691.wav,3013,ok
libri360_00002,./data/audio_clean/libri360_00002.wav,3014,ok
libri100_00987,./data/audio_clean/libri100_00987.wav,3015,ok
libri100_01412,./data/audio_clean/libri100_01412.wav,3016,ok
libri100_00276,./data/audio_clean/libri100_00276.wav,3017,ok
libri360_01582,./data/audio_clean/libri360_01582.wav,3018,ok
libri100_00066,./data/audio_clean/libri100_00066.wav,3019,ok
libri100_01038,./data/audio_clean/libri100_01038.wav,3020,ok
libri100_01529,./data/audio_clean/libri100_01529.wav,3021,ok
libri100_01584,./data/audio_clean/libri100_01584.wav,3022,ok
libri100_02603,./data/audio_clean/libri100_02603.wav,3023,ok
libri360_00175,./data/audio_clean/libri360_00175.wav,3024,ok
libri100_01925,./data/audio_clean/libri100_01925.wav,3025,ok
libri100_01599,./data/audio_clean/libri100_01599.wav,3026,ok
libri360_01327,./data/audio_clean/libri360_01327.wav,3027,ok
libri100_02269,./data/audio_clean/libri100_02269.wav,3028,ok
libri360_00197,./data/audio_clean/libri360_00197.wav,3029,ok
libri360_00319,./data/audio_clean/libri360_00319.wav,3030,ok
libri100_02228,./data/audio_clean/libri100_02228.wav,3031,ok
libri360_00678,./data/audio_clean/libri360_00678.wav,3032,ok
libri100_00277,./data/audio_clean/libri100_00277.wav,3033,ok
libri100_01477,./data/audio_clean/libri100_01477.wav,3034,ok
libri100_02144,./data/audio_clean/libri100_02144.wav,3035,ok
libri100_00350,./data/audio_clean/libri100_00350.wav,3036,ok
libri100_02737,./data/audio_clean/libri100_02737.wav,3037,ok
libri360_01613,./data/audio_clean/libri360_01613.wav,3038,ok
libri360_01986,./data/audio_clean/libri360_01986.wav,3039,ok
libri100_01706,./data/audio_clean/libri100_01706.wav,3040,ok
libri100_02337,./data/audio_clean/libri100_02337.wav,3041,ok
libri100_00985,./data/audio_clean/libri100_00985.wav,3042,ok
libri100_01445,./data/audio_clean/libri100_01445.wav,3043,ok
libri100_02518,./data/audio_clean/libri100_02518.wav,3044,ok
libri100_00006,./data/audio_clean/libri100_00006.wav,3045,ok
libri360_00410,./data/audio_clean/libri360_00410.wav,3046,ok
libri100_01193,./data/audio_clean/libri100_01193.wav,3047,ok
libri100_00588,./data/audio_clean/libri100_00588.wav,3048,ok
libri360_01034,./data/audio_clean/libri360_01034.wav,3049,ok
libri100_00990,./data/audio_clean/libri100_00990.wav,3050,ok
libri100_02355,./data/audio_clean/libri100_02355.wav,3051,ok
libri100_02110,./data/audio_clean/libri100_02110.wav,3052,ok
libri100_02588,./data/audio_clean/libri100_02588.wav,3053,ok
libri100_00067,./data/audio_clean/libri100_00067.wav,3054,ok
libri100_02195,./data/audio_clean/libri100_02195.wav,3055,ok
libri360_01859,./data/audio_clean/libri360_01859.wav,3056,ok
libri100_02047,./data/audio_clean/libri100_02047.wav,3057,ok
libri360_00535,./data/audio_clean/libri360_00535.wav,3058,ok
libri360_01804,./data/audio_clean/libri360_01804.wav,3059,ok
libri100_01872,./data/audio_clean/libri100_01872.wav,3060,ok
libri100_02551,./data/audio_clean/libri100_02551.wav,3061,ok
libri360_01126,./data/audio_clean/libri360_01126.wav,3062,ok
libri360_00496,./data/audio_clean/libri360_00496.wav,3063,ok
libri100_00976,./data/audio_clean/libri100_00976.wav,3064,ok
libri100_00195,./data/audio_clean/libri100_00195.wav,3065,ok
libri100_01233,./data/audio_clean/libri100_01233.wav,3066,ok
libri100_00973,./data/audio_clean/libri100_00973.wav,3067,ok
libri100_01180,./data/audio_clean/libri100_01180.wav,3068,ok
libri100_00455,./data/audio_clean/libri100_00455.wav,3069,ok
libri360_01899,./data/audio_clean/libri360_01899.wav,3070,ok
libri100_02161,./data/audio_clean/libri100_02161.wav,3071,ok
libri100_02493,./data/audio_clean/libri100_02493.wav,3072,ok
libri360_00662,./data/audio_clean/libri360_00662.wav,3073,ok
libri360_01279,./data/audio_clean/libri360_01279.wav,3074,ok
libri100_00612,./data/audio_clean/libri100_00612.wav,3075,ok
libri100_00883,./data/audio_clean/libri100_00883.wav,3076,ok
libri360_00358,./data/audio_clean/libri360_00358.wav,3077,ok
libri100_00077,./data/audio_clean/libri100_00077.wav,3078,ok
libri100_00324,./data/audio_clean/libri100_00324.wav,3079,ok
libri360_01113,./data/audio_clean/libri360_01113.wav,3080,ok
libri100_02520,./data/audio_clean/libri100_02520.wav,3081,ok
libri100_01837,./data/audio_clean/libri100_01837.wav,3082,ok
libri360_00159,./data/audio_clean/libri360_00159.wav,3083,ok
libri100_02889,./data/audio_clean/libri100_02889.wav,3084,ok
libri360_01592,./data/audio_clean/libri360_01592.wav,3085,ok
libri100_02851,./data/audio_clean/libri100_02851.wav,3086,ok
libri100_01935,./data/audio_clean/libri100_01935.wav,3087,ok
libri360_01159,./data/audio_clean/libri360_01159.wav,3088,ok
libri100_00156,./data/audio_clean/libri100_00156.wav,3089,ok
libri360_00202,./data/audio_clean/libri360_00202.wav,3090,ok
libri100_00598,./data/audio_clean/libri100_00598.wav,3091,ok
libri100_01373,./data/audio_clean/libri100_01373.wav,3092,ok
libri360_01336,./data/audio_clean/libri360_01336.wav,3093,ok
libri100_02927,./data/audio_clean/libri100_02927.wav,3094,ok
libri360_00767,./data/audio_clean/libri360_00767.wav,3095,ok
libri100_01305,./data/audio_clean/libri100_01305.wav,3096,ok
libri360_01281,./data/audio_clean/libri360_01281.wav,3097,ok
libri100_00919,./data/audio_clean/libri100_00919.wav,3098,ok
libri360_00997,./data/audio_clean/libri360_00997.wav,3099,ok
libri360_00477,./data/audio_clean/libri360_00477.wav,3100,ok
libri360_01088,./data/audio_clean/libri360_01088.wav,3101,ok
libri100_00965,./data/audio_clean/libri100_00965.wav,3102,ok
libri100_01531,./data/audio_clean/libri100_01531.wav,3103,ok
libri100_02056,./data/audio_clean/libri100_02056.wav,3104,ok
libri100_01623,./data/audio_clean/libri100_01623.wav,3105,ok
libri100_00218,./data/audio_clean/libri100_00218.wav,3106,ok
libri360_00769,./data/audio_clean/libri360_00769.wav,3107,ok
libri100_00109,./data/audio_clean/libri100_00109.wav,3108,ok
libri360_00819,./data/audio_clean/libri360_00819.wav,3109,ok
libri100_01847,./data/audio_clean/libri100_01847.wav,3110,ok
libri100_00909,./data/audio_clean/libri100_00909.wav,3111,ok
libri360_00501,./data/audio_clean/libri360_00501.wav,3112,ok
libri360_01985,./data/audio_clean/libri360_01985.wav,3113,ok
libri100_00603,./data/audio_clean/libri100_00603.wav,3114,ok
libri360_00670,./data/audio_clean/libri360_00670.wav,3115,ok
libri360_01489,./data/audio_clean/libri360_01489.wav,3116,ok
libri100_01117,./data/audio_clean/libri100_01117.wav,3117,ok
libri360_01721,./data/audio_clean/libri360_01721.wav,3118,ok
libri360_00125,./data/audio_clean/libri360_00125.wav,3119,ok
libri100_00343,./data/audio_clean/libri100_00343.wav,3120,ok
libri360_00167,./data/audio_clean/libri360_00167.wav,3121,ok
libri360_01454,./data/audio_clean/libri360_01454.wav,3122,ok
libri100_02113,./data/audio_clean/libri100_02113.wav,3123,ok
libri100_02913,./data/audio_clean/libri100_02913.wav,3124,ok
libri360_01265,./data/audio_clean/libri360_01265.wav,3125,ok
libri360_01481,./data/audio_clean/libri360_01481.wav,3126,ok
libri100_01520,./data/audio_clean/libri100_01520.wav,3127,ok
libri360_01320,./data/audio_clean/libri360_01320.wav,3128,ok
libri100_02626,./data/audio_clean/libri100_02626.wav,3129,ok
libri100_00213,./data/audio_clean/libri100_00213.wav,3130,ok
libri360_00948,./data/audio_clean/libri360_00948.wav,3131,ok
libri360_01990,./data/audio_clean/libri360_01990.wav,3132,ok
libri360_01708,./data/audio_clean/libri360_01708.wav,3133,ok
libri100_00817,./data/audio_clean/libri100_00817.wav,3134,ok
libri100_00663,./data/audio_clean/libri100_00663.wav,3135,ok
libri100_01714,./data/audio_clean/libri100_01714.wav,3136,ok
libri100_02160,./data/audio_clean/libri100_02160.wav,3137,ok
libri360_01300,./data/audio_clean/libri360_01300.wav,3138,ok
libri100_01564,./data/audio_clean/libri100_01564.wav,3139,ok
libri100_01154,./data/audio_clean/libri100_01154.wav,3140,ok
libri360_00151,./data/audio_clean/libri360_00151.wav,3141,ok
libri360_00316,./data/audio_clean/libri360_00316.wav,3142,ok
libri360_01810,./data/audio_clean/libri360_01810.wav,3143,ok
libri360_00252,./data/audio_clean/libri360_00252.wav,3144,ok
libri100_01506,./data/audio_clean/libri100_01506.wav,3145,ok
libri360_00370,./data/audio_clean/libri360_00370.wav,3146,ok
libri100_01921,./data/audio_clean/libri100_01921.wav,3147,ok
libri100_01267,./data/audio_clean/libri100_01267.wav,3148,ok
libri360_01295,./data/audio_clean/libri360_01295.wav,3149,ok
libri360_01148,./data/audio_clean/libri360_01148.wav,3150,ok
libri100_00958,./data/audio_clean/libri100_00958.wav,3151,ok
libri360_00340,./data/audio_clean/libri360_00340.wav,3152,ok
libri360_00066,./data/audio_clean/libri360_00066.wav,3153,ok
libri360_00081,./data/audio_clean/libri360_00081.wav,3154,ok
libri100_01167,./data/audio_clean/libri100_01167.wav,3155,ok
libri360_01600,./data/audio_clean/libri360_01600.wav,3156,ok
libri100_01819,./data/audio_clean/libri100_01819.wav,3157,ok
libri100_00972,./data/audio_clean/libri100_00972.wav,3158,ok
libri100_02947,./data/audio_clean/libri100_02947.wav,3159,ok
libri360_00842,./data/audio_clean/libri360_00842.wav,3160,ok
libri100_01492,./data/audio_clean/libri100_01492.wav,3161,ok
libri360_01349,./data/audio_clean/libri360_01349.wav,3162,ok
libri100_00178,./data/audio_clean/libri100_00178.wav,3163,ok
libri360_01502,./data/audio_clean/libri360_01502.wav,3164,ok
libri360_01936,./data/audio_clean/libri360_01936.wav,3165,ok
libri100_00678,./data/audio_clean/libri100_00678.wav,3166,ok
libri360_00335,./data/audio_clean/libri360_00335.wav,3167,ok
libri360_00158,./data/audio_clean/libri360_00158.wav,3168,ok
libri360_01087,./data/audio_clean/libri360_01087.wav,3169,ok
libri100_00740,./data/audio_clean/libri100_00740.wav,3170,ok
libri100_00664,./data/audio_clean/libri100_00664.wav,3171,ok
libri100_00631,./data/audio_clean/libri100_00631.wav,3172,ok
libri100_01543,./data/audio_clean/libri100_01543.wav,3173,ok
libri360_00628,./data/audio_clean/libri360_00628.wav,3174,ok
libri100_00536,./data/audio_clean/libri100_00536.wav,3175,ok
libri360_00843,./data/audio_clean/libri360_00843.wav,3176,ok
libri360_00206,./data/audio_clean/libri360_00206.wav,3177,ok
libri100_01379,./data/audio_clean/libri100_01379.wav,3178,ok
libri360_00474,./data/audio_clean/libri360_00474.wav,3179,ok
libri360_00314,./data/audio_clean/libri360_00314.wav,3180,ok
libri360_00219,./data/audio_clean/libri360_00219.wav,3181,ok
libri360_00025,./data/audio_clean/libri360_00025.wav,3182,ok
libri100_02210,./data/audio_clean/libri100_02210.wav,3183,ok
libri360_00157,./data/audio_clean/libri360_00157.wav,3184,ok
libri100_02079,./data/audio_clean/libri100_02079.wav,3185,ok
libri360_01759,./data/audio_clean/libri360_01759.wav,3186,ok
libri360_00934,./data/audio_clean/libri360_00934.wav,3187,ok
libri100_00316,./data/audio_clean/libri100_00316.wav,3188,ok
libri360_01475,./data/audio_clean/libri360_01475.wav,3189,ok
libri360_01684,./data/audio_clean/libri360_01684.wav,3190,ok
libri100_00927,./data/audio_clean/libri100_00927.wav,3191,ok
libri100_00786,./data/audio_clean/libri100_00786.wav,3192,ok
libri100_01991,./data/audio_clean/libri100_01991.wav,3193,ok
libri360_00138,./data/audio_clean/libri360_00138.wav,3194,ok
libri100_01399,./data/audio_clean/libri100_01399.wav,3195,ok
libri100_00877,./data/audio_clean/libri100_00877.wav,3196,ok
libri360_01040,./data/audio_clean/libri360_01040.wav,3197,ok
libri360_00515,./data/audio_clean/libri360_00515.wav,3198,ok
libri360_00753,./data/audio_clean/libri360_00753.wav,3199,ok
libri100_00074,./data/audio_clean/libri100_00074.wav,3200,ok
libri360_00394,./data/audio_clean/libri360_00394.wav,3201,ok
libri100_02082,./data/audio_clean/libri100_02082.wav,3202,ok
libri100_01734,./data/audio_clean/libri100_01734.wav,3203,ok
libri360_00779,./data/audio_clean/libri360_00779.wav,3204,ok
libri360_00281,./data/audio_clean/libri360_00281.wav,3205,ok
libri100_00382,./data/audio_clean/libri100_00382.wav,3206,ok
libri100_02156,./data/audio_clean/libri100_02156.wav,3207,ok
libri100_02807,./data/audio_clean/libri100_02807.wav,3208,ok
libri360_00299,./data/audio_clean/libri360_00299.wav,3209,ok
libri360_00517,./data/audio_clean/libri360_00517.wav,3210,ok
libri360_01181,./data/audio_clean/libri360_01181.wav,3211,ok
libri100_00523,./data/audio_clean/libri100_00523.wav,3212,ok
libri360_00712,./data/audio_clean/libri360_00712.wav,3213,ok
libri360_00655,./data/audio_clean/libri360_00655.wav,3214,ok
libri100_01542,./data/audio_clean/libri100_01542.wav,3215,ok
libri100_02289,./data/audio_clean/libri100_02289.wav,3216,ok
libri360_01306,./data/audio_clean/libri360_01306.wav,3217,ok
libri100_02903,./data/audio_clean/libri100_02903.wav,3218,ok
libri100_02437,./data/audio_clean/libri100_02437.wav,3219,ok
libri100_00528,./data/audio_clean/libri100_00528.wav,3220,ok
libri100_01605,./data/audio_clean/libri100_01605.wav,3221,ok
libri360_01622,./data/audio_clean/libri360_01622.wav,3222,ok
libri100_02860,./data/audio_clean/libri100_02860.wav,3223,ok
libri100_02687,./data/audio_clean/libri100_02687.wav,3224,ok
libri360_00383,./data/audio_clean/libri360_00383.wav,3225,ok
libri100_01432,./data/audio_clean/libri100_01432.wav,3226,ok
libri100_00579,./data/audio_clean/libri100_00579.wav,3227,ok
libri360_01086,./data/audio_clean/libri360_01086.wav,3228,ok
libri100_02386,./data/audio_clean/libri100_02386.wav,3229,ok
libri100_00333,./data/audio_clean/libri100_00333.wav,3230,ok
libri100_01365,./data/audio_clean/libri100_01365.wav,3231,ok
libri100_00615,./data/audio_clean/libri100_00615.wav,3232,ok
libri100_02468,./data/audio_clean/libri100_02468.wav,3233,ok
libri360_00660,./data/audio_clean/libri360_00660.wav,3234,ok
libri100_02964,./data/audio_clean/libri100_02964.wav,3235,ok
libri100_01032,./data/audio_clean/libri100_01032.wav,3236,ok
libri100_01163,./data/audio_clean/libri100_01163.wav,3237,ok
libri100_01583,./data/audio_clean/libri100_01583.wav,3238,ok
libri100_02778,./data/audio_clean/libri100_02778.wav,3239,ok
libri100_02285,./data/audio_clean/libri100_02285.wav,3240,ok
libri100_00387,./data/audio_clean/libri100_00387.wav,3241,ok
libri360_00571,./data/audio_clean/libri360_00571.wav,3242,ok
libri360_00638,./data/audio_clean/libri360_00638.wav,3243,ok
libri100_01370,./data/audio_clean/libri100_01370.wav,3244,ok
libri100_02651,./data/audio_clean/libri100_02651.wav,3245,ok
libri360_01296,./data/audio_clean/libri360_01296.wav,3246,ok
libri360_00232,./data/audio_clean/libri360_00232.wav,3247,ok
libri360_00682,./data/audio_clean/libri360_00682.wav,3248,ok
libri100_02448,./data/audio_clean/libri100_02448.wav,3249,ok
libri100_02780,./data/audio_clean/libri100_02780.wav,3250,ok
libri100_01385,./data/audio_clean/libri100_01385.wav,3251,ok
libri360_00172,./data/audio_clean/libri360_00172.wav,3252,ok
libri100_01674,./data/audio_clean/libri100_01674.wav,3253,ok
libri100_01586,./data/audio_clean/libri100_01586.wav,3254,ok
libri100_01158,./data/audio_clean/libri100_01158.wav,3255,ok
libri100_01527,./data/audio_clean/libri100_01527.wav,3256,ok
libri100_01490,./data/audio_clean/libri100_01490.wav,3257,ok
libri100_00650,./data/audio_clean/libri100_00650.wav,3258,ok
libri100_02497,./data/audio_clean/libri100_02497.wav,3259,ok
libri100_02141,./data/audio_clean/libri100_02141.wav,3260,ok
libri360_00386,./data/audio_clean/libri360_00386.wav,3261,ok
libri360_01920,./data/audio_clean/libri360_01920.wav,3262,ok
libri100_01793,./data/audio_clean/libri100_01793.wav,3263,ok
libri100_02898,./data/audio_clean/libri100_02898.wav,3264,ok
libri100_01014,./data/audio_clean/libri100_01014.wav,3265,ok
libri360_01678,./data/audio_clean/libri360_01678.wav,3266,ok
libri100_00706,./data/audio_clean/libri100_00706.wav,3267,ok
libri100_02646,./data/audio_clean/libri100_02646.wav,3268,ok
libri360_01408,./data/audio_clean/libri360_01408.wav,3269,ok
libri100_00345,./data/audio_clean/libri100_00345.wav,3270,ok
libri100_02925,./data/audio_clean/libri100_02925.wav,3271,ok
libri100_01406,./data/audio_clean/libri100_01406.wav,3272,ok
libri100_00423,./data/audio_clean/libri100_00423.wav,3273,ok
libri100_01845,./data/audio_clean/libri100_01845.wav,3274,ok
libri100_00253,./data/audio_clean/libri100_00253.wav,3275,ok
libri360_01763,./data/audio_clean/libri360_01763.wav,3276,ok
libri100_02053,./data/audio_clean/libri100_02053.wav,3277,ok
libri100_01948,./data/audio_clean/libri100_01948.wav,3278,ok
libri360_01794,./data/audio_clean/libri360_01794.wav,3279,ok
libri100_01316,./data/audio_clean/libri100_01316.wav,3280,ok
libri100_00771,./data/audio_clean/libri100_00771.wav,3281,ok
libri100_02669,./data/audio_clean/libri100_02669.wav,3282,ok
libri100_02341,./data/audio_clean/libri100_02341.wav,3283,ok
libri100_01842,./data/audio_clean/libri100_01842.wav,3284,ok
libri100_00168,./data/audio_clean/libri100_00168.wav,3285,ok
libri360_01070,./data/audio_clean/libri360_01070.wav,3286,ok
libri360_00243,./data/audio_clean/libri360_00243.wav,3287,ok
libri360_01635,./data/audio_clean/libri360_01635.wav,3288,ok
libri100_02377,./data/audio_clean/libri100_02377.wav,3289,ok
libri100_01895,./data/audio_clean/libri100_01895.wav,3290,ok
libri100_01574,./data/audio_clean/libri100_01574.wav,3291,ok
libri100_02076,./data/audio_clean/libri100_02076.wav,3292,ok
libri100_02433,./data/audio_clean/libri100_02433.wav,3293,ok
libri360_00664,./data/audio_clean/libri360_00664.wav,3294,ok
libri360_01879,./data/audio_clean/libri360_01879.wav,3295,ok
libri360_01194,./data/audio_clean/libri360_01194.wav,3296,ok
libri100_00314,./data/audio_clean/libri100_00314.wav,3297,ok
libri100_01175,./data/audio_clean/libri100_01175.wav,3298,ok
libri360_01266,./data/audio_clean/libri360_01266.wav,3299,ok
libri100_00233,./data/audio_clean/libri100_00233.wav,3300,ok
libri100_00154,./data/audio_clean/libri100_00154.wav,3301,ok
libri360_00667,./data/audio_clean/libri360_00667.wav,3302,ok
libri100_01891,./data/audio_clean/libri100_01891.wav,3303,ok
libri100_01271,./data/audio_clean/libri100_01271.wav,3304,ok
libri100_00303,./data/audio_clean/libri100_00303.wav,3305,ok
libri360_00554,./data/audio_clean/libri360_00554.wav,3306,ok
libri100_01441,./data/audio_clean/libri100_01441.wav,3307,ok
libri100_00230,./data/audio_clean/libri100_00230.wav,3308,ok
libri360_01551,./data/audio_clean/libri360_01551.wav,3309,ok
libri100_01125,./data/audio_clean/libri100_01125.wav,3310,ok
libri360_01001,./data/audio_clean/libri360_01001.wav,3311,ok
libri100_01240,./data/audio_clean/libri100_01240.wav,3312,ok
libri100_02586,./data/audio_clean/libri100_02586.wav,3313,ok
libri100_01811,./data/audio_clean/libri100_01811.wav,3314,ok
libri360_01473,./data/audio_clean/libri360_01473.wav,3315,ok
libri100_00279,./data/audio_clean/libri100_00279.wav,3316,ok
libri100_01801,./data/audio_clean/libri100_01801.wav,3317,ok
libri100_00618,./data/audio_clean/libri100_00618.wav,3318,ok
libri100_01294,./data/audio_clean/libri100_01294.wav,3319,ok
libri360_01576,./data/audio_clean/libri360_01576.wav,3320,ok
libri360_01841,./data/audio_clean/libri360_01841.wav,3321,ok
libri100_02558,./data/audio_clean/libri100_02558.wav,3322,ok
libri360_00802,./data/audio_clean/libri360_00802.wav,3323,ok
libri100_02633,./data/audio_clean/libri100_02633.wav,3324,ok
libri360_00799,./data/audio_clean/libri360_00799.wav,3325,ok
libri100_02789,./data/audio_clean/libri100_02789.wav,3326,ok
libri100_01838,./data/audio_clean/libri100_01838.wav,3327,ok
libri360_00882,./data/audio_clean/libri360_00882.wav,3328,ok
libri360_01962,./data/audio_clean/libri360_01962.wav,3329,ok
libri100_02309,./data/audio_clean/libri100_02309.wav,3330,ok
libri360_00481,./data/audio_clean/libri360_00481.wav,3331,ok
libri100_01900,./data/audio_clean/libri100_01900.wav,3332,ok
libri100_02023,./data/audio_clean/libri100_02023.wav,3333,ok
libri100_02572,./data/audio_clean/libri100_02572.wav,3334,ok
libri360_00165,./data/audio_clean/libri360_00165.wav,3335,ok
libri100_00725,./data/audio_clean/libri100_00725.wav,3336,ok
libri360_00847,./data/audio_clean/libri360_00847.wav,3337,ok
libri100_02684,./data/audio_clean/libri100_02684.wav,3338,ok
libri360_00109,./data/audio_clean/libri360_00109.wav,3339,ok
libri360_01938,./data/audio_clean/libri360_01938.wav,3340,ok
libri100_00626,./data/audio_clean/libri100_00626.wav,3341,ok
libri100_02467,./data/audio_clean/libri100_02467.wav,3342,ok
libri100_00710,./data/audio_clean/libri100_00710.wav,3343,ok
libri100_00808,./data/audio_clean/libri100_00808.wav,3344,ok
libri100_01048,./data/audio_clean/libri100_01048.wav,3345,ok
libri100_00599,./data/audio_clean/libri100_00599.wav,3346,ok
libri100_00421,./data/audio_clean/libri100_00421.wav,3347,ok
libri360_00755,./data/audio_clean/libri360_00755.wav,3348,ok
libri360_00710,./data/audio_clean/libri360_00710.wav,3349,ok
libri360_00338,./data/audio_clean/libri360_00338.wav,3350,ok
libri100_02643,./data/audio_clean/libri100_02643.wav,3351,ok
libri360_00354,./data/audio_clean/libri360_00354.wav,3352,ok
libri100_02979,./data/audio_clean/libri100_02979.wav,3353,ok
libri100_01438,./data/audio_clean/libri100_01438.wav,3354,ok
libri100_01431,./data/audio_clean/libri100_01431.wav,3355,ok
libri360_00179,./data/audio_clean/libri360_00179.wav,3356,ok
libri360_01786,./data/audio_clean/libri360_01786.wav,3357,ok
libri100_02088,./data/audio_clean/libri100_02088.wav,3358,ok
libri360_00627,./data/audio_clean/libri360_00627.wav,3359,ok
libri100_00467,./data/audio_clean/libri100_00467.wav,3360,ok
libri360_01694,./data/audio_clean/libri360_01694.wav,3361,ok
libri100_02090,./data/audio_clean/libri100_02090.wav,3362,ok
libri100_00312,./data/audio_clean/libri100_00312.wav,3363,ok
libri100_00688,./data/audio_clean/libri100_00688.wav,3364,ok
libri360_00191,./data/audio_clean/libri360_00191.wav,3365,ok
libri100_01364,./data/audio_clean/libri100_01364.wav,3366,ok
libri360_00665,./data/audio_clean/libri360_00665.wav,3367,ok
libri360_01529,./data/audio_clean/libri360_01529.wav,3368,ok
libri360_00676,./data/audio_clean/libri360_00676.wav,3369,ok
libri100_01270,./data/audio_clean/libri100_01270.wav,3370,ok
libri360_00928,./data/audio_clean/libri360_00928.wav,3371,ok
libri100_00322,./data/audio_clean/libri100_00322.wav,3372,ok
libri100_02146,./data/audio_clean/libri100_02146.wav,3373,ok
libri100_01640,./data/audio_clean/libri100_01640.wav,3374,ok
libri100_02412,./data/audio_clean/libri100_02412.wav,3375,ok
libri100_01784,./data/audio_clean/libri100_01784.wav,3376,ok
libri100_00996,./data/audio_clean/libri100_00996.wav,3377,ok
libri100_00433,./data/audio_clean/libri100_00433.wav,3378,ok
libri100_01788,./data/audio_clean/libri100_01788.wav,3379,ok
libri100_00360,./data/audio_clean/libri100_00360.wav,3380,ok
libri360_01317,./data/audio_clean/libri360_01317.wav,3381,ok
libri100_02824,./data/audio_clean/libri100_02824.wav,3382,ok
libri100_01884,./data/audio_clean/libri100_01884.wav,3383,ok
libri100_02531,./data/audio_clean/libri100_02531.wav,3384,ok
libri360_01260,./data/audio_clean/libri360_01260.wav,3385,ok
libri100_00703,./data/audio_clean/libri100_00703.wav,3386,ok
libri100_01330,./data/audio_clean/libri100_01330.wav,3387,ok
libri100_00085,./data/audio_clean/libri100_00085.wav,3388,ok
libri100_01659,./data/audio_clean/libri100_01659.wav,3389,ok
libri360_01228,./data/audio_clean/libri360_01228.wav,3390,ok
libri360_00439,./data/audio_clean/libri360_00439.wav,3391,ok
libri100_01710,./data/audio_clean/libri100_01710.wav,3392,ok
libri100_02622,./data/audio_clean/libri100_02622.wav,3393,ok
libri360_01332,./data/audio_clean/libri360_01332.wav,3394,ok
libri100_01656,./data/audio_clean/libri100_01656.wav,3395,ok
libri100_02348,./data/audio_clean/libri100_02348.wav,3396,ok
libri100_01758,./data/audio_clean/libri100_01758.wav,3397,ok
libri100_02358,./data/audio_clean/libri100_02358.wav,3398,ok
libri360_01326,./data/audio_clean/libri360_01326.wav,3399,ok
libri100_00318,./data/audio_clean/libri100_00318.wav,3400,ok
libri100_01883,./data/audio_clean/libri100_01883.wav,3401,ok
libri360_01695,./data/audio_clean/libri360_01695.wav,3402,ok
libri100_01786,./data/audio_clean/libri100_01786.wav,3403,ok
libri100_00173,./data/audio_clean/libri100_00173.wav,3404,ok
libri360_00039,./data/audio_clean/libri360_00039.wav,3405,ok
libri100_01626,./data/audio_clean/libri100_01626.wav,3406,ok
libri360_01637,./data/audio_clean/libri360_01637.wav,3407,ok
libri360_01617,./data/audio_clean/libri360_01617.wav,3408,ok
libri360_00302,./data/audio_clean/libri360_00302.wav,3409,ok
libri100_02736,./data/audio_clean/libri100_02736.wav,3410,ok
libri360_00413,./data/audio_clean/libri360_00413.wav,3411,ok
libri100_02288,./data/audio_clean/libri100_02288.wav,3412,ok
libri100_02049,./data/audio_clean/libri100_02049.wav,3413,ok
libri360_00909,./data/audio_clean/libri360_00909.wav,3414,ok
libri360_01304,./data/audio_clean/libri360_01304.wav,3415,ok
libri100_02181,./data/audio_clean/libri100_02181.wav,3416,ok
libri360_01571,./data/audio_clean/libri360_01571.wav,3417,ok
libri100_00529,./data/audio_clean/libri100_00529.wav,3418,ok
libri360_01792,./data/audio_clean/libri360_01792.wav,3419,ok
libri360_01966,./data/audio_clean/libri360_01966.wav,3420,ok
libri360_01822,./data/audio_clean/libri360_01822.wav,3421,ok
libri100_02037,./data/audio_clean/libri100_02037.wav,3422,ok
libri360_00447,./data/audio_clean/libri360_00447.wav,3423,ok
libri100_00491,./data/audio_clean/libri100_00491.wav,3424,ok
libri360_01725,./data/audio_clean/libri360_01725.wav,3425,ok
libri100_01185,./data/audio_clean/libri100_01185.wav,3426,ok
libri100_01046,./data/audio_clean/libri100_01046.wav,3427,ok
libri360_00130,./data/audio_clean/libri360_00130.wav,3428,ok
libri360_01401,./data/audio_clean/libri360_01401.wav,3429,ok
libri360_01921,./data/audio_clean/libri360_01921.wav,3430,ok
libri100_00865,./data/audio_clean/libri100_00865.wav,3431,ok
libri100_01234,./data/audio_clean/libri100_01234.wav,3432,ok
libri360_01964,./data/audio_clean/libri360_01964.wav,3433,ok
libri100_00031,./data/audio_clean/libri100_00031.wav,3434,ok
libri100_00224,./data/audio_clean/libri100_00224.wav,3435,ok
libri100_02454,./data/audio_clean/libri100_02454.wav,3436,ok
libri100_01618,./data/audio_clean/libri100_01618.wav,3437,ok
libri100_00903,./data/audio_clean/libri100_00903.wav,3438,ok
libri100_00186,./data/audio_clean/libri100_00186.wav,3439,ok
libri100_01263,./data/audio_clean/libri100_01263.wav,3440,ok
libri360_01650,./data/audio_clean/libri360_01650.wav,3441,ok
libri100_02158,./data/audio_clean/libri100_02158.wav,3442,ok
libri360_01311,./data/audio_clean/libri360_01311.wav,3443,ok
libri100_02429,./data/audio_clean/libri100_02429.wav,3444,ok
libri360_01776,./data/audio_clean/libri360_01776.wav,3445,ok
libri100_02777,./data/audio_clean/libri100_02777.wav,3446,ok
libri100_01160,./data/audio_clean/libri100_01160.wav,3447,ok
libri100_00454,./data/audio_clean/libri100_00454.wav,3448,ok
libri100_01760,./data/audio_clean/libri100_01760.wav,3449,ok
libri100_01413,./data/audio_clean/libri100_01413.wav,3450,ok
libri100_00466,./data/audio_clean/libri100_00466.wav,3451,ok
libri100_02098,./data/audio_clean/libri100_02098.wav,3452,ok
libri360_00092,./data/audio_clean/libri360_00092.wav,3453,ok
libri100_00882,./data/audio_clean/libri100_00882.wav,3454,ok
libri360_01726,./data/audio_clean/libri360_01726.wav,3455,ok
libri100_01696,./data/audio_clean/libri100_01696.wav,3456,ok
libri100_01810,./data/audio_clean/libri100_01810.wav,3457,ok
libri360_01037,./data/audio_clean/libri360_01037.wav,3458,ok
libri360_01758,./data/audio_clean/libri360_01758.wav,3459,ok
libri100_01736,./data/audio_clean/libri100_01736.wav,3460,ok
libri100_02711,./data/audio_clean/libri100_02711.wav,3461,ok
libri100_01814,./data/audio_clean/libri100_01814.wav,3462,ok
libri100_01114,./data/audio_clean/libri100_01114.wav,3463,ok
libri100_00334,./data/audio_clean/libri100_00334.wav,3464,ok
libri100_02760,./data/audio_clean/libri100_02760.wav,3465,ok
libri360_01615,./data/audio_clean/libri360_01615.wav,3466,ok
libri100_02530,./data/audio_clean/libri100_02530.wav,3467,ok
libri360_01104,./data/audio_clean/libri360_01104.wav,3468,ok
libri360_00617,./data/audio_clean/libri360_00617.wav,3469,ok
libri100_00637,./data/audio_clean/libri100_00637.wav,3470,ok
libri100_00215,./data/audio_clean/libri100_00215.wav,3471,ok
libri100_00347,./data/audio_clean/libri100_00347.wav,3472,ok
libri100_02442,./data/audio_clean/libri100_02442.wav,3473,ok
libri360_01527,./data/audio_clean/libri360_01527.wav,3474,ok
libri360_00181,./data/audio_clean/libri360_00181.wav,3475,ok
libri360_01321,./data/audio_clean/libri360_01321.wav,3476,ok
libri100_02955,./data/audio_clean/libri100_02955.wav,3477,ok
libri100_01276,./data/audio_clean/libri100_01276.wav,3478,ok
libri100_01515,./data/audio_clean/libri100_01515.wav,3479,ok
libri100_00644,./data/audio_clean/libri100_00644.wav,3480,ok
libri100_01396,./data/audio_clean/libri100_01396.wav,3481,ok
libri360_01490,./data/audio_clean/libri360_01490.wav,3482,ok
libri100_01719,./data/audio_clean/libri100_01719.wav,3483,ok
libri100_01540,./data/audio_clean/libri100_01540.wav,3484,ok
libri100_00881,./data/audio_clean/libri100_00881.wav,3485,ok
libri360_01687,./data/audio_clean/libri360_01687.wav,3486,ok
libri360_00056,./data/audio_clean/libri360_00056.wav,3487,ok
libri360_00737,./data/audio_clean/libri360_00737.wav,3488,ok
libri100_00125,./data/audio_clean/libri100_00125.wav,3489,ok
libri360_00785,./data/audio_clean/libri360_00785.wav,3490,ok
libri360_01367,./data/audio_clean/libri360_01367.wav,3491,ok
libri360_01808,./data/audio_clean/libri360_01808.wav,3492,ok
libri100_00285,./data/audio_clean/libri100_00285.wav,3493,ok
libri100_01641,./data/audio_clean/libri100_01641.wav,3494,ok
libri100_02692,./data/audio_clean/libri100_02692.wav,3495,ok
libri100_02319,./data/audio_clean/libri100_02319.wav,3496,ok
libri360_00975,./data/audio_clean/libri360_00975.wav,3497,ok
libri100_00743,./data/audio_clean/libri100_00743.wav,3498,ok
libri100_00025,./data/audio_clean/libri100_00025.wav,3499,ok
libri100_01437,./data/audio_clean/libri100_01437.wav,3500,ok
libri100_01391,./data/audio_clean/libri100_01391.wav,3501,ok
libri360_00886,./data/audio_clean/libri360_00886.wav,3502,ok
libri360_00122,./data/audio_clean/libri360_00122.wav,3503,ok
libri100_02878,./data/audio_clean/libri100_02878.wav,3504,ok
libri100_01119,./data/audio_clean/libri100_01119.wav,3505,ok
libri100_00738,./data/audio_clean/libri100_00738.wav,3506,ok
libri360_01004,./data/audio_clean/libri360_01004.wav,3507,ok
libri100_01095,./data/audio_clean/libri100_01095.wav,3508,ok
libri100_02840,./data/audio_clean/libri100_02840.wav,3509,ok
libri360_00397,./data/audio_clean/libri360_00397.wav,3510,ok
libri100_02694,./data/audio_clean/libri100_02694.wav,3511,ok
libri100_02494,./data/audio_clean/libri100_02494.wav,3512,ok
libri100_00107,./data/audio_clean/libri100_00107.wav,3513,ok
libri100_02280,./data/audio_clean/libri100_02280.wav,3514,ok
libri100_02632,./data/audio_clean/libri100_02632.wav,3515,ok
libri360_00815,./data/audio_clean/libri360_00815.wav,3516,ok
libri100_02513,./data/audio_clean/libri100_02513.wav,3517,ok
libri100_02546,./data/audio_clean/libri100_02546.wav,3518,ok
libri360_00352,./data/audio_clean/libri360_00352.wav,3519,ok
libri360_00897,./data/audio_clean/libri360_00897.wav,3520,ok
libri100_02297,./data/audio_clean/libri100_02297.wav,3521,ok
libri360_01069,./data/audio_clean/libri360_01069.wav,3522,ok
libri100_01757,./data/audio_clean/libri100_01757.wav,3523,ok
libri360_00306,./data/audio_clean/libri360_00306.wav,3524,ok
libri100_00926,./data/audio_clean/libri100_00926.wav,3525,ok
libri100_02351,./data/audio_clean/libri100_02351.wav,3526,ok
libri100_01141,./data/audio_clean/libri100_01141.wav,3527,ok
libri360_00123,./data/audio_clean/libri360_00123.wav,3528,ok
libri100_00470,./data/audio_clean/libri100_00470.wav,3529,ok
libri100_01505,./data/audio_clean/libri100_01505.wav,3530,ok
libri360_00576,./data/audio_clean/libri360_00576.wav,3531,ok
libri360_00946,./data/audio_clean/libri360_00946.wav,3532,ok
libri100_01434,./data/audio_clean/libri100_01434.wav,3533,ok
libri360_01456,./data/audio_clean/libri360_01456.wav,3534,ok
libri360_00651,./data/audio_clean/libri360_00651.wav,3535,ok
libri100_00918,./data/audio_clean/libri100_00918.wav,3536,ok
libri100_01975,./data/audio_clean/libri100_01975.wav,3537,ok
libri360_01643,./data/audio_clean/libri360_01643.wav,3538,ok
libri100_00633,./data/audio_clean/libri100_00633.wav,3539,ok
libri360_01860,./data/audio_clean/libri360_01860.wav,3540,ok
libri100_02078,./data/audio_clean/libri100_02078.wav,3541,ok
libri100_02367,./data/audio_clean/libri100_02367.wav,3542,ok
libri100_00424,./data/audio_clean/libri100_00424.wav,3543,ok
libri360_01501,./data/audio_clean/libri360_01501.wav,3544,ok
libri100_01279,./data/audio_clean/libri100_01279.wav,3545,ok
libri100_02459,./data/audio_clean/libri100_02459.wav,3546,ok
libri360_00962,./data/audio_clean/libri360_00962.wav,3547,ok
libri360_01381,./data/audio_clean/libri360_01381.wav,3548,ok
libri100_02953,./data/audio_clean/libri100_02953.wav,3549,ok
libri360_00555,./data/audio_clean/libri360_00555.wav,3550,ok
libri100_01732,./data/audio_clean/libri100_01732.wav,3551,ok
libri360_00073,./data/audio_clean/libri360_00073.wav,3552,ok
libri100_02725,./data/audio_clean/libri100_02725.wav,3553,ok
libri100_01448,./data/audio_clean/libri100_01448.wav,3554,ok
libri100_01682,./data/audio_clean/libri100_01682.wav,3555,ok
libri360_00863,./data/audio_clean/libri360_00863.wav,3556,ok
libri100_02744,./data/audio_clean/libri100_02744.wav,3557,ok
libri100_01350,./data/audio_clean/libri100_01350.wav,3558,ok
libri360_01030,./data/audio_clean/libri360_01030.wav,3559,ok
libri100_02300,./data/audio_clean/libri100_02300.wav,3560,ok
libri100_02402,./data/audio_clean/libri100_02402.wav,3561,ok
libri100_00245,./data/audio_clean/libri100_00245.wav,3562,ok
libri360_01183,./data/audio_clean/libri360_01183.wav,3563,ok
libri360_00702,./data/audio_clean/libri360_00702.wav,3564,ok
libri360_00325,./data/audio_clean/libri360_00325.wav,3565,ok
libri100_01526,./data/audio_clean/libri100_01526.wav,3566,ok
libri360_00026,./data/audio_clean/libri360_00026.wav,3567,ok
libri360_00049,./data/audio_clean/libri360_00049.wav,3568,ok
libri100_00395,./data/audio_clean/libri100_00395.wav,3569,ok
libri100_01768,./data/audio_clean/libri100_01768.wav,3570,ok
libri100_00381,./data/audio_clean/libri100_00381.wav,3571,ok
libri100_00349,./data/audio_clean/libri100_00349.wav,3572,ok
libri360_01455,./data/audio_clean/libri360_01455.wav,3573,ok
libri100_00373,./data/audio_clean/libri100_00373.wav,3574,ok
libri100_00274,./data/audio_clean/libri100_00274.wav,3575,ok
libri100_01942,./data/audio_clean/libri100_01942.wav,3576,ok
libri100_02813,./data/audio_clean/libri100_02813.wav,3577,ok
libri100_00625,./data/audio_clean/libri100_00625.wav,3578,ok
libri100_01533,./data/audio_clean/libri100_01533.wav,3579,ok
libri360_01632,./data/audio_clean/libri360_01632.wav,3580,ok
libri100_02724,./data/audio_clean/libri100_02724.wav,3581,ok
libri360_01206,./data/audio_clean/libri360_01206.wav,3582,ok
libri100_01748,./data/audio_clean/libri100_01748.wav,3583,ok
libri100_01280,./data/audio_clean/libri100_01280.wav,3584,ok
libri100_00389,./data/audio_clean/libri100_00389.wav,3585,ok
libri360_01935,./data/audio_clean/libri360_01935.wav,3586,ok
libri100_01703,./data/audio_clean/libri100_01703.wav,3587,ok
libri360_01397,./data/audio_clean/libri360_01397.wav,3588,ok
libri100_01857,./data/audio_clean/libri100_01857.wav,3589,ok
libri360_00389,./data/audio_clean/libri360_00389.wav,3590,ok
libri100_01388,./data/audio_clean/libri100_01388.wav,3591,ok
libri360_01453,./data/audio_clean/libri360_01453.wav,3592,ok
libri100_00935,./data/audio_clean/libri100_00935.wav,3593,ok
libri100_01849,./data/audio_clean/libri100_01849.wav,3594,ok
libri100_01761,./data/audio_clean/libri100_01761.wav,3595,ok
libri100_00880,./data/audio_clean/libri100_00880.wav,3596,ok
libri360_00545,./data/audio_clean/libri360_00545.wav,3597,ok
libri360_00898,./data/audio_clean/libri360_00898.wav,3598,ok
libri100_02258,./data/audio_clean/libri100_02258.wav,3599,ok
libri360_00149,./data/audio_clean/libri360_00149.wav,3600,ok
libri360_00595,./data/audio_clean/libri360_00595.wav,3601,ok
libri100_02666,./data/audio_clean/libri100_02666.wav,3602,ok
libri360_01169,./data/audio_clean/libri360_01169.wav,3603,ok
libri360_00493,./data/audio_clean/libri360_00493.wav,3604,ok
libri360_01947,./data/audio_clean/libri360_01947.wav,3605,ok
libri100_02874,./data/audio_clean/libri100_02874.wav,3606,ok
libri360_00248,./data/audio_clean/libri360_00248.wav,3607,ok
libri360_00752,./data/audio_clean/libri360_00752.wav,3608,ok
libri100_01762,./data/audio_clean/libri100_01762.wav,3609,ok
libri100_02479,./data/audio_clean/libri100_02479.wav,3610,ok
libri100_02070,./data/audio_clean/libri100_02070.wav,3611,ok
libri360_00781,./data/audio_clean/libri360_00781.wav,3612,ok
libri360_01645,./data/audio_clean/libri360_01645.wav,3613,ok
libri100_02173,./data/audio_clean/libri100_02173.wav,3614,ok
libri360_01457,./data/audio_clean/libri360_01457.wav,3615,ok
libri360_00820,./data/audio_clean/libri360_00820.wav,3616,ok
libri360_01618,./data/audio_clean/libri360_01618.wav,3617,ok
libri100_02916,./data/audio_clean/libri100_02916.wav,3618,ok
libri100_02246,./data/audio_clean/libri100_02246.wav,3619,ok
libri100_02397,./data/audio_clean/libri100_02397.wav,3620,ok
libri100_02593,./data/audio_clean/libri100_02593.wav,3621,ok
libri100_02557,./data/audio_clean/libri100_02557.wav,3622,ok
libri100_01126,./data/audio_clean/libri100_01126.wav,3623,ok
libri100_00516,./data/audio_clean/libri100_00516.wav,3624,ok
libri100_00269,./data/audio_clean/libri100_00269.wav,3625,ok
libri100_00607,./data/audio_clean/libri100_00607.wav,3626,ok
libri360_01203,./data/audio_clean/libri360_01203.wav,3627,ok
libri100_01319,./data/audio_clean/libri100_01319.wav,3628,ok
libri100_00330,./data/audio_clean/libri100_00330.wav,3629,ok
libri100_00301,./data/audio_clean/libri100_00301.wav,3630,ok
libri360_00757,./data/audio_clean/libri360_00757.wav,3631,ok
libri100_02917,./data/audio_clean/libri100_02917.wav,3632,ok
libri100_02008,./data/audio_clean/libri100_02008.wav,3633,ok
libri100_00442,./data/audio_clean/libri100_00442.wav,3634,ok
libri100_02810,./data/audio_clean/libri100_02810.wav,3635,ok
libri360_01689,./data/audio_clean/libri360_01689.wav,3636,ok
libri100_01645,./data/audio_clean/libri100_01645.wav,3637,ok
libri360_00470,./data/audio_clean/libri360_00470.wav,3638,ok
libri360_01844,./data/audio_clean/libri360_01844.wav,3639,ok
libri100_00249,./data/audio_clean/libri100_00249.wav,3640,ok
libri100_00127,./data/audio_clean/libri100_00127.wav,3641,ok
libri100_02635,./data/audio_clean/libri100_02635.wav,3642,ok
libri360_01917,./data/audio_clean/libri360_01917.wav,3643,ok
libri360_01466,./data/audio_clean/libri360_01466.wav,3644,ok
libri100_02135,./data/audio_clean/libri100_02135.wav,3645,ok
libri100_02698,./data/audio_clean/libri100_02698.wav,3646,ok
libri360_01359,./data/audio_clean/libri360_01359.wav,3647,ok
libri360_00208,./data/audio_clean/libri360_00208.wav,3648,ok
libri100_02978,./data/audio_clean/libri100_02978.wav,3649,ok
libri100_00177,./data/audio_clean/libri100_00177.wav,3650,ok
libri360_01208,./data/audio_clean/libri360_01208.wav,3651,ok
libri100_00907,./data/audio_clean/libri100_00907.wav,3652,ok
libri100_02063,./data/audio_clean/libri100_02063.wav,3653,ok
libri100_01851,./data/audio_clean/libri100_01851.wav,3654,ok
libri360_01277,./data/audio_clean/libri360_01277.wav,3655,ok
libri100_02431,./data/audio_clean/libri100_02431.wav,3656,ok
libri100_02102,./data/audio_clean/libri100_02102.wav,3657,ok
libri100_01482,./data/audio_clean/libri100_01482.wav,3658,ok
libri360_00186,./data/audio_clean/libri360_00186.wav,3659,ok
libri360_01402,./data/audio_clean/libri360_01402.wav,3660,ok
libri100_01950,./data/audio_clean/libri100_01950.wav,3661,ok
libri360_01988,./data/audio_clean/libri360_01988.wav,3662,ok
libri360_00054,./data/audio_clean/libri360_00054.wav,3663,ok
libri360_01723,./data/audio_clean/libri360_01723.wav,3664,ok
libri360_01066,./data/audio_clean/libri360_01066.wav,3665,ok
libri100_01724,./data/audio_clean/libri100_01724.wav,3666,ok
libri360_00038,./data/audio_clean/libri360_00038.wav,3667,ok
libri100_00519,./data/audio_clean/libri100_00519.wav,3668,ok
libri100_00214,./data/audio_clean/libri100_00214.wav,3669,ok
libri100_01086,./data/audio_clean/libri100_01086.wav,3670,ok
libri100_00713,./data/audio_clean/libri100_00713.wav,3671,ok
libri360_01675,./data/audio_clean/libri360_01675.wav,3672,ok
libri100_01326,./data/audio_clean/libri100_01326.wav,3673,ok
libri100_02411,./data/audio_clean/libri100_02411.wav,3674,ok
libri100_00974,./data/audio_clean/libri100_00974.wav,3675,ok
libri360_00229,./data/audio_clean/libri360_00229.wav,3676,ok
libri360_00235,./data/audio_clean/libri360_00235.wav,3677,ok
libri100_01467,./data/audio_clean/libri100_01467.wav,3678,ok
libri100_00060,./data/audio_clean/libri100_00060.wav,3679,ok
libri100_00539,./data/audio_clean/libri100_00539.wav,3680,ok
libri100_00105,./data/audio_clean/libri100_00105.wav,3681,ok
libri360_00548,./data/audio_clean/libri360_00548.wav,3682,ok
libri100_02707,./data/audio_clean/libri100_02707.wav,3683,ok
libri100_00450,./data/audio_clean/libri100_00450.wav,3684,ok
libri100_00714,./data/audio_clean/libri100_00714.wav,3685,ok
libri360_00270,./data/audio_clean/libri360_00270.wav,3686,ok
libri360_00901,./data/audio_clean/libri360_00901.wav,3687,ok
libri360_00776,./data/audio_clean/libri360_00776.wav,3688,ok
libri100_00532,./data/audio_clean/libri100_00532.wav,3689,ok
libri100_00592,./data/audio_clean/libri100_00592.wav,3690,ok
libri360_00516,./data/audio_clean/libri360_00516.wav,3691,ok
libri100_01135,./data/audio_clean/libri100_01135.wav,3692,ok
libri100_00011,./data/audio_clean/libri100_00011.wav,3693,ok
libri100_02441,./data/audio_clean/libri100_02441.wav,3694,ok
libri360_00688,./data/audio_clean/libri360_00688.wav,3695,ok
libri360_00885,./data/audio_clean/libri360_00885.wav,3696,ok
libri100_00604,./data/audio_clean/libri100_00604.wav,3697,ok
libri360_00171,./data/audio_clean/libri360_00171.wav,3698,ok
libri360_01043,./data/audio_clean/libri360_01043.wav,3699,ok
libri100_00954,./data/audio_clean/libri100_00954.wav,3700,ok
libri360_01072,./data/audio_clean/libri360_01072.wav,3701,ok
libri360_00330,./data/audio_clean/libri360_00330.wav,3702,ok
libri100_00884,./data/audio_clean/libri100_00884.wav,3703,ok
libri360_01949,./data/audio_clean/libri360_01949.wav,3704,ok
libri360_01672,./data/audio_clean/libri360_01672.wav,3705,ok
libri100_02270,./data/audio_clean/libri100_02270.wav,3706,ok
libri360_00134,./data/audio_clean/libri360_00134.wav,3707,ok
libri360_01460,./data/audio_clean/libri360_01460.wav,3708,ok
libri100_00281,./data/audio_clean/libri100_00281.wav,3709,ok
libri360_01273,./data/audio_clean/libri360_01273.wav,3710,ok
libri100_02312,./data/audio_clean/libri100_02312.wav,3711,ok
libri360_00223,./data/audio_clean/libri360_00223.wav,3712,ok
libri100_00515,./data/audio_clean/libri100_00515.wav,3713,ok
libri100_00997,./data/audio_clean/libri100_00997.wav,3714,ok
libri100_01366,./data/audio_clean/libri100_01366.wav,3715,ok
libri360_00222,./data/audio_clean/libri360_00222.wav,3716,ok
libri100_00207,./data/audio_clean/libri100_00207.wav,3717,ok
libri100_00087,./data/audio_clean/libri100_00087.wav,3718,ok
libri360_01111,./data/audio_clean/libri360_01111.wav,3719,ok
libri360_01470,./data/audio_clean/libri360_01470.wav,3720,ok
libri100_02628,./data/audio_clean/libri100_02628.wav,3721,ok
libri100_00868,./data/audio_clean/libri100_00868.wav,3722,ok
libri100_02714,./data/audio_clean/libri100_02714.wav,3723,ok
libri360_01944,./data/audio_clean/libri360_01944.wav,3724,ok
libri360_00827,./data/audio_clean/libri360_00827.wav,3725,ok
libri360_00375,./data/audio_clean/libri360_00375.wav,3726,ok
libri360_00473,./data/audio_clean/libri360_00473.wav,3727,ok
libri100_00500,./data/audio_clean/libri100_00500.wav,3728,ok
libri100_00777,./data/audio_clean/libri100_00777.wav,3729,ok
libri100_01130,./data/audio_clean/libri100_01130.wav,3730,ok
libri100_01630,./data/audio_clean/libri100_01630.wav,3731,ok
libri100_00248,./data/audio_clean/libri100_00248.wav,3732,ok
libri360_01283,./data/audio_clean/libri360_01283.wav,3733,ok
libri100_02641,./data/audio_clean/libri100_02641.wav,3734,ok
libri360_00693,./data/audio_clean/libri360_00693.wav,3735,ok
libri360_01201,./data/audio_clean/libri360_01201.wav,3736,ok
libri100_01504,./data/audio_clean/libri100_01504.wav,3737,ok
libri360_01662,./data/audio_clean/libri360_01662.wav,3738,ok
libri100_00406,./data/audio_clean/libri100_00406.wav,3739,ok
libri100_01485,./data/audio_clean/libri100_01485.wav,3740,ok
libri360_01644,./data/audio_clean/libri360_01644.wav,3741,ok
libri100_00967,./data/audio_clean/libri100_00967.wav,3742,ok
libri100_01821,./data/audio_clean/libri100_01821.wav,3743,ok
libri100_01816,./data/audio_clean/libri100_01816.wav,3744,ok
libri100_00889,./data/audio_clean/libri100_00889.wav,3745,ok
libri100_01517,./data/audio_clean/libri100_01517.wav,3746,ok
libri360_00949,./data/audio_clean/libri360_00949.wav,3747,ok
libri100_00134,./data/audio_clean/libri100_00134.wav,3748,ok
libri100_01145,./data/audio_clean/libri100_01145.wav,3749,ok
libri100_01671,./data/audio_clean/libri100_01671.wav,3750,ok
libri100_02521,./data/audio_clean/libri100_02521.wav,3751,ok
libri100_02004,./data/audio_clean/libri100_02004.wav,3752,ok
libri360_00414,./data/audio_clean/libri360_00414.wav,3753,ok
libri100_00405,./data/audio_clean/libri100_00405.wav,3754,ok
libri100_02682,./data/audio_clean/libri100_02682.wav,3755,ok
libri100_01699,./data/audio_clean/libri100_01699.wav,3756,ok
libri360_01246,./data/audio_clean/libri360_01246.wav,3757,ok
libri360_01056,./data/audio_clean/libri360_01056.wav,3758,ok
libri100_02976,./data/audio_clean/libri100_02976.wav,3759,ok
libri360_00040,./data/audio_clean/libri360_00040.wav,3760,ok
libri100_02405,./data/audio_clean/libri100_02405.wav,3761,ok
libri360_01982,./data/audio_clean/libri360_01982.wav,3762,ok
libri360_01352,./data/audio_clean/libri360_01352.wav,3763,ok
libri100_02852,./data/audio_clean/libri100_02852.wav,3764,ok
libri360_00043,./data/audio_clean/libri360_00043.wav,3765,ok
libri100_02746,./data/audio_clean/libri100_02746.wav,3766,ok
libri100_01519,./data/audio_clean/libri100_01519.wav,3767,ok
libri100_01858,./data/audio_clean/libri100_01858.wav,3768,ok
libri100_01591,./data/audio_clean/libri100_01591.wav,3769,ok
libri100_00555,./data/audio_clean/libri100_00555.wav,3770,ok
libri100_02201,./data/audio_clean/libri100_02201.wav,3771,ok
libri360_01033,./data/audio_clean/libri360_01033.wav,3772,ok
libri360_01025,./data/audio_clean/libri360_01025.wav,3773,ok
libri100_00398,./data/audio_clean/libri100_00398.wav,3774,ok
libri100_00475,./data/audio_clean/libri100_00475.wav,3775,ok
libri100_02017,./data/audio_clean/libri100_02017.wav,3776,ok
libri100_01246,./data/audio_clean/libri100_01246.wav,3777,ok
libri100_00152,./data/audio_clean/libri100_00152.wav,3778,ok
libri100_00185,./data/audio_clean/libri100_00185.wav,3779,ok
libri100_00572,./data/audio_clean/libri100_00572.wav,3780,ok
libri100_00477,./data/audio_clean/libri100_00477.wav,3781,ok
libri100_01672,./data/audio_clean/libri100_01672.wav,3782,ok
libri100_02659,./data/audio_clean/libri100_02659.wav,3783,ok
libri360_00945,./data/audio_clean/libri360_00945.wav,3784,ok
libri100_02871,./data/audio_clean/libri100_02871.wav,3785,ok
libri360_01414,./data/audio_clean/libri360_01414.wav,3786,ok
libri100_01901,./data/audio_clean/libri100_01901.wav,3787,ok
libri360_00374,./data/audio_clean/libri360_00374.wav,3788,ok
libri100_02602,./data/audio_clean/libri100_02602.wav,3789,ok
libri100_00258,./data/audio_clean/libri100_00258.wav,3790,ok
libri100_02652,./data/audio_clean/libri100_02652.wav,3791,ok
libri100_00906,./data/audio_clean/libri100_00906.wav,3792,ok
libri100_02498,./data/audio_clean/libri100_02498.wav,3793,ok
libri360_00748,./data/audio_clean/libri360_00748.wav,3794,ok
libri100_01343,./data/audio_clean/libri100_01343.wav,3795,ok
libri100_02299,./data/audio_clean/libri100_02299.wav,3796,ok
libri360_01151,./data/audio_clean/libri360_01151.wav,3797,ok
libri100_02537,./data/audio_clean/libri100_02537.wav,3798,ok
libri100_00102,./data/audio_clean/libri100_00102.wav,3799,ok
libri100_01931,./data/audio_clean/libri100_01931.wav,3800,ok
libri100_00957,./data/audio_clean/libri100_00957.wav,3801,ok
libri360_01412,./data/audio_clean/libri360_01412.wav,3802,ok
libri360_01895,./data/audio_clean/libri360_01895.wav,3803,ok
libri100_01521,./data/audio_clean/libri100_01521.wav,3804,ok
libri100_02615,./data/audio_clean/libri100_02615.wav,3805,ok
libri360_00368,./data/audio_clean/libri360_00368.wav,3806,ok
libri100_01560,./data/audio_clean/libri100_01560.wav,3807,ok
libri100_02394,./data/audio_clean/libri100_02394.wav,3808,ok
libri360_01147,./data/audio_clean/libri360_01147.wav,3809,ok
libri360_01433,./data/audio_clean/libri360_01433.wav,3810,ok
libri360_00067,./data/audio_clean/libri360_00067.wav,3811,ok
libri360_01339,./data/audio_clean/libri360_01339.wav,3812,ok
libri100_01509,./data/audio_clean/libri100_01509.wav,3813,ok
libri100_01862,./data/audio_clean/libri100_01862.wav,3814,ok
libri100_00506,./data/audio_clean/libri100_00506.wav,3815,ok
libri100_02197,./data/audio_clean/libri100_02197.wav,3816,ok
libri360_01795,./data/audio_clean/libri360_01795.wav,3817,ok
libri100_00057,./data/audio_clean/libri100_00057.wav,3818,ok
libri100_01616,./data/audio_clean/libri100_01616.wav,3819,ok
libri360_00238,./data/audio_clean/libri360_00238.wav,3820,ok
libri360_00878,./data/audio_clean/libri360_00878.wav,3821,ok
libri360_00866,./data/audio_clean/libri360_00866.wav,3822,ok
libri360_01593,./data/audio_clean/libri360_01593.wav,3823,ok
libri360_00965,./data/audio_clean/libri360_00965.wav,3824,ok
libri360_00464,./data/audio_clean/libri360_00464.wav,3825,ok
libri100_01627,./data/audio_clean/libri100_01627.wav,3826,ok
libri360_01041,./data/audio_clean/libri360_01041.wav,3827,ok
libri100_02966,./data/audio_clean/libri100_02966.wav,3828,ok
libri100_02770,./data/audio_clean/libri100_02770.wav,3829,ok
libri360_00523,./data/audio_clean/libri360_00523.wav,3830,ok
libri100_00924,./data/audio_clean/libri100_00924.wav,3831,ok
libri360_00089,./data/audio_clean/libri360_00089.wav,3832,ok
libri100_00576,./data/audio_clean/libri100_00576.wav,3833,ok
libri100_00308,./data/audio_clean/libri100_00308.wav,3834,ok
libri100_01918,./data/audio_clean/libri100_01918.wav,3835,ok
libri100_00471,./data/audio_clean/libri100_00471.wav,3836,ok
libri360_00294,./data/audio_clean/libri360_00294.wav,3837,ok
libri100_01387,./data/audio_clean/libri100_01387.wav,3838,ok
libri360_00565,./data/audio_clean/libri360_00565.wav,3839,ok
libri360_00057,./data/audio_clean/libri360_00057.wav,3840,ok
libri360_01308,./data/audio_clean/libri360_01308.wav,3841,ok
libri360_00303,./data/audio_clean/libri360_00303.wav,3842,ok
libri360_01842,./data/audio_clean/libri360_01842.wav,3843,ok
libri360_01616,./data/audio_clean/libri360_01616.wav,3844,ok
libri360_00743,./data/audio_clean/libri360_00743.wav,3845,ok
libri100_01052,./data/audio_clean/libri100_01052.wav,3846,ok
libri100_00673,./data/audio_clean/libri100_00673.wav,3847,ok
libri360_00401,./data/audio_clean/libri360_00401.wav,3848,ok
libri100_01116,./data/audio_clean/libri100_01116.wav,3849,ok
libri360_01091,./data/audio_clean/libri360_01091.wav,3850,ok
libri100_02055,./data/audio_clean/libri100_02055.wav,3851,ok
libri360_01581,./data/audio_clean/libri360_01581.wav,3852,ok
libri100_01498,./data/audio_clean/libri100_01498.wav,3853,ok
libri360_01145,./data/audio_clean/libri360_01145.wav,3854,ok
libri100_02209,./data/audio_clean/libri100_02209.wav,3855,ok
libri360_00221,./data/audio_clean/libri360_00221.wav,3856,ok
libri100_00541,./data/audio_clean/libri100_00541.wav,3857,ok
libri100_00822,./data/audio_clean/libri100_00822.wav,3858,ok
libri100_00719,./data/audio_clean/libri100_00719.wav,3859,ok
libri100_01701,./data/audio_clean/libri100_01701.wav,3860,ok
libri360_00061,./data/audio_clean/libri360_00061.wav,3861,ok
libri360_01925,./data/audio_clean/libri360_01925.wav,3862,ok
libri360_01506,./data/audio_clean/libri360_01506.wav,3863,ok
libri360_01165,./data/audio_clean/libri360_01165.wav,3864,ok
libri100_00369,./data/audio_clean/libri100_00369.wav,3865,ok
libri100_00538,./data/audio_clean/libri100_00538.wav,3866,ok
libri100_02999,./data/audio_clean/libri100_02999.wav,3867,ok
libri100_01494,./data/audio_clean/libri100_01494.wav,3868,ok
libri100_02373,./data/audio_clean/libri100_02373.wav,3869,ok
libri100_00136,./data/audio_clean/libri100_00136.wav,3870,ok
libri360_01976,./data/audio_clean/libri360_01976.wav,3871,ok
libri360_00230,./data/audio_clean/libri360_00230.wav,3872,ok
libri100_01265,./data/audio_clean/libri100_01265.wav,3873,ok
libri100_00161,./data/audio_clean/libri100_00161.wav,3874,ok
libri100_02647,./data/audio_clean/libri100_02647.wav,3875,ok
libri100_02570,./data/audio_clean/libri100_02570.wav,3876,ok
libri360_01005,./data/audio_clean/libri360_01005.wav,3877,ok
libri100_00397,./data/audio_clean/libri100_00397.wav,3878,ok
libri360_01704,./data/audio_clean/libri360_01704.wav,3879,ok
libri100_00560,./data/audio_clean/libri100_00560.wav,3880,ok
libri360_00433,./data/audio_clean/libri360_00433.wav,3881,ok
libri360_01330,./data/audio_clean/libri360_01330.wav,3882,ok
libri100_02700,./data/audio_clean/libri100_02700.wav,3883,ok
libri360_00143,./data/audio_clean/libri360_00143.wav,3884,ok
libri100_02952,./data/audio_clean/libri100_02952.wav,3885,ok
libri360_00094,./data/audio_clean/libri360_00094.wav,3886,ok
libri100_02776,./data/audio_clean/libri100_02776.wav,3887,ok
libri100_01026,./data/audio_clean/libri100_01026.wav,3888,ok
libri100_02543,./data/audio_clean/libri100_02543.wav,3889,ok
libri100_00778,./data/audio_clean/libri100_00778.wav,3890,ok
libri100_02607,./data/audio_clean/libri100_02607.wav,3891,ok
libri100_00897,./data/audio_clean/libri100_00897.wav,3892,ok
libri100_01443,./data/audio_clean/libri100_01443.wav,3893,ok
libri360_00284,./data/audio_clean/libri360_00284.wav,3894,ok
libri100_02486,./data/audio_clean/libri100_02486.wav,3895,ok
libri100_00942,./data/audio_clean/libri100_00942.wav,3896,ok
libri360_00272,./data/audio_clean/libri360_00272.wav,3897,ok
libri360_00177,./data/audio_clean/libri360_00177.wav,3898,ok
libri100_01172,./data/audio_clean/libri100_01172.wav,3899,ok
libri360_01819,./data/audio_clean/libri360_01819.wav,3900,ok
libri360_00703,./data/audio_clean/libri360_00703.wav,3901,ok
libri360_00411,./data/audio_clean/libri360_00411.wav,3902,ok
libri100_02034,./data/audio_clean/libri100_02034.wav,3903,ok
libri360_00052,./data/audio_clean/libri360_00052.wav,3904,ok
libri100_02483,./data/audio_clean/libri100_02483.wav,3905,ok
libri360_01065,./data/audio_clean/libri360_01065.wav,3906,ok
libri360_01518,./data/audio_clean/libri360_01518.wav,3907,ok
libri360_01094,./data/audio_clean/libri360_01094.wav,3908,ok
libri360_00187,./data/audio_clean/libri360_00187.wav,3909,ok
libri100_02809,./data/audio_clean/libri100_02809.wav,3910,ok
libri360_00543,./data/audio_clean/libri360_00543.wav,3911,ok
libri360_00991,./data/audio_clean/libri360_00991.wav,3912,ok
libri100_00033,./data/audio_clean/libri100_00033.wav,3913,ok
libri100_01124,./data/audio_clean/libri100_01124.wav,3914,ok
libri100_01621,./data/audio_clean/libri100_01621.wav,3915,ok
libri100_02696,./data/audio_clean/libri100_02696.wav,3916,ok
libri360_01116,./data/audio_clean/libri360_01116.wav,3917,ok
libri100_00089,./data/audio_clean/libri100_00089.wav,3918,ok
libri100_01209,./data/audio_clean/libri100_01209.wav,3919,ok
libri360_01601,./data/audio_clean/libri360_01601.wav,3920,ok
libri100_01211,./data/audio_clean/libri100_01211.wav,3921,ok
libri100_02354,./data/audio_clean/libri100_02354.wav,3922,ok
libri100_01470,./data/audio_clean/libri100_01470.wav,3923,ok
libri100_02342,./data/audio_clean/libri100_02342.wav,3924,ok
libri100_01562,./data/audio_clean/libri100_01562.wav,3925,ok
libri100_00971,./data/audio_clean/libri100_00971.wav,3926,ok
libri100_00436,./data/audio_clean/libri100_00436.wav,3927,ok
libri100_01979,./data/audio_clean/libri100_01979.wav,3928,ok
libri360_01542,./data/audio_clean/libri360_01542.wav,3929,ok
libri360_01946,./data/audio_clean/libri360_01946.wav,3930,ok
libri100_00815,./data/audio_clean/libri100_00815.wav,3931,ok
libri100_01237,./data/audio_clean/libri100_01237.wav,3932,ok
libri360_01970,./data/audio_clean/libri360_01970.wav,3933,ok
libri360_01064,./data/audio_clean/libri360_01064.wav,3934,ok
libri100_01024,./data/audio_clean/libri100_01024.wav,3935,ok
libri360_01106,./data/audio_clean/libri360_01106.wav,3936,ok
libri360_01676,./data/audio_clean/libri360_01676.wav,3937,ok
libri360_00940,./data/audio_clean/libri360_00940.wav,3938,ok
libri100_02617,./data/audio_clean/libri100_02617.wav,3939,ok
libri100_01225,./data/audio_clean/libri100_01225.wav,3940,ok
libri100_02406,./data/audio_clean/libri100_02406.wav,3941,ok
libri100_01415,./data/audio_clean/libri100_01415.wav,3942,ok
libri360_00871,./data/audio_clean/libri360_00871.wav,3943,ok
libri100_01809,./data/audio_clean/libri100_01809.wav,3944,ok
libri100_00302,./data/audio_clean/libri100_00302.wav,3945,ok
libri100_00647,./data/audio_clean/libri100_00647.wav,3946,ok
libri100_02238,./data/audio_clean/libri100_02238.wav,3947,ok
libri100_02775,./data/audio_clean/libri100_02775.wav,3948,ok
libri100_01178,./data/audio_clean/libri100_01178.wav,3949,ok
libri360_00691,./data/audio_clean/libri360_00691.wav,3950,ok
libri360_01984,./data/audio_clean/libri360_01984.wav,3951,ok
libri360_00295,./data/audio_clean/libri360_00295.wav,3952,ok
libri360_00681,./data/audio_clean/libri360_00681.wav,3953,ok
libri100_00038,./data/audio_clean/libri100_00038.wav,3954,ok
libri100_02731,./data/audio_clean/libri100_02731.wav,3955,ok
libri360_01429,./data/audio_clean/libri360_01429.wav,3956,ok
libri100_01882,./data/audio_clean/libri100_01882.wav,3957,ok
libri100_01040,./data/audio_clean/libri100_01040.wav,3958,ok
libri100_02612,./data/audio_clean/libri100_02612.wav,3959,ok
libri360_01299,./data/audio_clean/libri360_01299.wav,3960,ok
libri100_00951,./data/audio_clean/libri100_00951.wav,3961,ok
libri100_00586,./data/audio_clean/libri100_00586.wav,3962,ok
libri100_02388,./data/audio_clean/libri100_02388.wav,3963,ok
libri360_00738,./data/audio_clean/libri360_00738.wav,3964,ok
libri100_02038,./data/audio_clean/libri100_02038.wav,3965,ok
libri100_00986,./data/audio_clean/libri100_00986.wav,3966,ok
libri100_02798,./data/audio_clean/libri100_02798.wav,3967,ok
libri100_02538,./data/audio_clean/libri100_02538.wav,3968,ok
libri100_01566,./data/audio_clean/libri100_01566.wav,3969,ok
libri360_00566,./data/audio_clean/libri360_00566.wav,3970,ok
libri100_02496,./data/audio_clean/libri100_02496.wav,3971,ok
libri100_00323,./data/audio_clean/libri100_00323.wav,3972,ok
libri100_00717,./data/audio_clean/libri100_00717.wav,3973,ok
libri100_00696,./data/audio_clean/libri100_00696.wav,3974,ok
libri100_00737,./data/audio_clean/libri100_00737.wav,3975,ok
libri360_00246,./data/audio_clean/libri360_00246.wav,3976,ok
libri100_02792,./data/audio_clean/libri100_02792.wav,3977,ok
libri360_01289,./data/audio_clean/libri360_01289.wav,3978,ok
libri100_01687,./data/audio_clean/libri100_01687.wav,3979,ok
libri360_01702,./data/audio_clean/libri360_01702.wav,3980,ok
libri100_01000,./data/audio_clean/libri100_01000.wav,3981,ok
libri360_01514,./data/audio_clean/libri360_01514.wav,3982,ok
libri100_01764,./data/audio_clean/libri100_01764.wav,3983,ok
libri100_01535,./data/audio_clean/libri100_01535.wav,3984,ok
libri100_01468,./data/audio_clean/libri100_01468.wav,3985,ok
libri100_01201,./data/audio_clean/libri100_01201.wav,3986,ok
libri100_00229,./data/audio_clean/libri100_00229.wav,3987,ok
libri360_00261,./data/audio_clean/libri360_00261.wav,3988,ok
libri100_01328,./data/audio_clean/libri100_01328.wav,3989,ok
libri100_00188,./data/audio_clean/libri100_00188.wav,3990,ok
libri100_00118,./data/audio_clean/libri100_00118.wav,3991,ok
libri360_00700,./data/audio_clean/libri360_00700.wav,3992,ok
libri100_01226,./data/audio_clean/libri100_01226.wav,3993,ok
libri100_02842,./data/audio_clean/libri100_02842.wav,3994,ok
libri100_00681,./data/audio_clean/libri100_00681.wav,3995,ok
libri100_01817,./data/audio_clean/libri100_01817.wav,3996,ok
libri360_01071,./data/audio_clean/libri360_01071.wav,3997,ok
libri360_01575,./data/audio_clean/libri360_01575.wav,3998,ok
libri100_02883,./data/audio_clean/libri100_02883.wav,3999,ok
libri100_02595,./data/audio_clean/libri100_02595.wav,4000,ok
libri360_00114,./data/audio_clean/libri360_00114.wav,4001,ok
libri100_00403,./data/audio_clean/libri100_00403.wav,4002,ok
libri360_01007,./data/audio_clean/libri360_01007.wav,4003,ok
libri100_01777,./data/audio_clean/libri100_01777.wav,4004,ok
libri100_00370,./data/audio_clean/libri100_00370.wav,4005,ok
libri360_00058,./data/audio_clean/libri360_00058.wav,4006,ok
libri100_00931,./data/audio_clean/libri100_00931.wav,4007,ok
libri100_01177,./data/audio_clean/libri100_01177.wav,4008,ok
libri360_00772,./data/audio_clean/libri360_00772.wav,4009,ok
libri100_02803,./data/audio_clean/libri100_02803.wav,4010,ok
libri100_02585,./data/audio_clean/libri100_02585.wav,4011,ok
libri100_00961,./data/audio_clean/libri100_00961.wav,4012,ok
libri100_00280,./data/audio_clean/libri100_00280.wav,4013,ok
libri100_02529,./data/audio_clean/libri100_02529.wav,4014,ok
libri100_00147,./data/audio_clean/libri100_00147.wav,4015,ok
libri100_02216,./data/audio_clean/libri100_02216.wav,4016,ok
libri360_00573,./data/audio_clean/libri360_00573.wav,4017,ok
libri360_01507,./data/audio_clean/libri360_01507.wav,4018,ok
libri360_00110,./data/audio_clean/libri360_00110.wav,4019,ok
libri360_00634,./data/audio_clean/libri360_00634.wav,4020,ok
libri100_02943,./data/audio_clean/libri100_02943.wav,4021,ok
libri100_02567,./data/audio_clean/libri100_02567.wav,4022,ok
libri360_01659,./data/audio_clean/libri360_01659.wav,4023,ok
libri360_00908,./data/audio_clean/libri360_00908.wav,4024,ok
libri100_01556,./data/audio_clean/libri100_01556.wav,4025,ok
libri360_01610,./data/audio_clean/libri360_01610.wav,4026,ok
libri360_00519,./data/audio_clean/libri360_00519.wav,4027,ok
libri100_02762,./data/audio_clean/libri100_02762.wav,4028,ok
libri360_00491,./data/audio_clean/libri360_00491.wav,4029,ok
libri100_01345,./data/audio_clean/libri100_01345.wav,4030,ok
libri360_00488,./data/audio_clean/libri360_00488.wav,4031,ok
libri100_00328,./data/audio_clean/libri100_00328.wav,4032,ok
libri100_02661,./data/audio_clean/libri100_02661.wav,4033,ok
libri360_01979,./data/audio_clean/libri360_01979.wav,4034,ok
libri100_02837,./data/audio_clean/libri100_02837.wav,4035,ok
libri100_02552,./data/audio_clean/libri100_02552.wav,4036,ok
libri100_01386,./data/audio_clean/libri100_01386.wav,4037,ok
libri360_01686,./data/audio_clean/libri360_01686.wav,4038,ok
libri360_01479,./data/audio_clean/libri360_01479.wav,4039,ok
libri360_00201,./data/audio_clean/libri360_00201.wav,4040,ok
libri100_01923,./data/audio_clean/libri100_01923.wav,4041,ok
libri100_00306,./data/audio_clean/libri100_00306.wav,4042,ok
libri100_00632,./data/audio_clean/libri100_00632.wav,4043,ok
libri360_00972,./data/audio_clean/libri360_00972.wav,4044,ok
libri360_01416,./data/audio_clean/libri360_01416.wav,4045,ok
libri360_01355,./data/audio_clean/libri360_01355.wav,4046,ok
libri100_01679,./data/audio_clean/libri100_01679.wav,4047,ok
libri100_00590,./data/audio_clean/libri100_00590.wav,4048,ok
libri100_02959,./data/audio_clean/libri100_02959.wav,4049,ok
libri100_00062,./data/audio_clean/libri100_00062.wav,4050,ok
libri100_01871,./data/audio_clean/libri100_01871.wav,4051,ok
libri360_00729,./data/audio_clean/libri360_00729.wav,4052,ok
libri100_02154,./data/audio_clean/libri100_02154.wav,4053,ok
libri100_00408,./data/audio_clean/libri100_00408.wav,4054,ok
libri100_01803,./data/audio_clean/libri100_01803.wav,4055,ok
libri360_00461,./data/audio_clean/libri360_00461.wav,4056,ok
libri360_00580,./data/audio_clean/libri360_00580.wav,4057,ok
libri360_01419,./data/audio_clean/libri360_01419.wav,4058,ok
libri360_00562,./data/audio_clean/libri360_00562.wav,4059,ok
libri360_01209,./data/audio_clean/libri360_01209.wav,4060,ok
libri100_02417,./data/audio_clean/libri100_02417.wav,4061,ok
libri360_00954,./data/audio_clean/libri360_00954.wav,4062,ok
libri360_01657,./data/audio_clean/libri360_01657.wav,4063,ok
libri100_00517,./data/audio_clean/libri100_00517.wav,4064,ok
libri100_00151,./data/audio_clean/libri100_00151.wav,4065,ok
libri360_00951,./data/audio_clean/libri360_00951.wav,4066,ok
libri100_02028,./data/audio_clean/libri100_02028.wav,4067,ok
libri100_00623,./data/audio_clean/libri100_00623.wav,4068,ok
libri360_01017,./data/audio_clean/libri360_01017.wav,4069,ok
libri100_02670,./data/audio_clean/libri100_02670.wav,4070,ok
libri360_00361,./data/audio_clean/libri360_00361.wav,4071,ok
libri360_00245,./data/audio_clean/libri360_00245.wav,4072,ok
libri100_02718,./data/audio_clean/libri100_02718.wav,4073,ok
libri360_01048,./data/audio_clean/libri360_01048.wav,4074,ok
libri100_01581,./data/audio_clean/libri100_01581.wav,4075,ok
libri360_01120,./data/audio_clean/libri360_01120.wav,4076,ok
libri360_00323,./data/audio_clean/libri360_00323.wav,4077,ok
libri360_01123,./data/audio_clean/libri360_01123.wav,4078,ok
libri100_02888,./data/audio_clean/libri100_02888.wav,4079,ok
libri100_01937,./data/audio_clean/libri100_01937.wav,4080,ok
libri360_00050,./data/audio_clean/libri360_00050.wav,4081,ok
libri100_02606,./data/audio_clean/libri100_02606.wav,4082,ok
libri100_00357,./data/audio_clean/libri100_00357.wav,4083,ok
libri360_00365,./data/audio_clean/libri360_00365.wav,4084,ok
libri100_01913,./data/audio_clean/libri100_01913.wav,4085,ok
libri360_01978,./data/audio_clean/libri360_01978.wav,4086,ok
libri100_01956,./data/audio_clean/libri100_01956.wav,4087,ok
libri100_01545,./data/audio_clean/libri100_01545.wav,4088,ok
libri100_02636,./data/audio_clean/libri100_02636.wav,4089,ok
libri360_01513,./data/audio_clean/libri360_01513.wav,4090,ok
libri360_00090,./data/audio_clean/libri360_00090.wav,4091,ok
libri100_02723,./data/audio_clean/libri100_02723.wav,4092,ok
libri100_02827,./data/audio_clean/libri100_02827.wav,4093,ok
libri360_00967,./data/audio_clean/libri360_00967.wav,4094,ok
libri360_00658,./data/audio_clean/libri360_00658.wav,4095,ok
libri100_01217,./data/audio_clean/libri100_01217.wav,4096,ok
libri360_01011,./data/audio_clean/libri360_01011.wav,4097,ok
libri100_02445,./data/audio_clean/libri100_02445.wav,4098,ok
libri100_02317,./data/audio_clean/libri100_02317.wav,4099,ok
libri360_01231,./data/audio_clean/libri360_01231.wav,4100,ok
libri100_02188,./data/audio_clean/libri100_02188.wav,4101,ok
libri100_02784,./data/audio_clean/libri100_02784.wav,4102,ok
libri360_00399,./data/audio_clean/libri360_00399.wav,4103,ok
libri360_01328,./data/audio_clean/libri360_01328.wav,4104,ok
libri100_00571,./data/audio_clean/libri100_00571.wav,4105,ok
libri100_01118,./data/audio_clean/libri100_01118.wav,4106,ok
libri100_01561,./data/audio_clean/libri100_01561.wav,4107,ok
libri360_00142,./data/audio_clean/libri360_00142.wav,4108,ok
libri100_01184,./data/audio_clean/libri100_01184.wav,4109,ok
libri360_00741,./data/audio_clean/libri360_00741.wav,4110,ok
libri100_01996,./data/audio_clean/libri100_01996.wav,4111,ok
libri360_00868,./data/audio_clean/libri360_00868.wav,4112,ok
libri360_00952,./data/audio_clean/libri360_00952.wav,4113,ok
libri360_00403,./data/audio_clean/libri360_00403.wav,4114,ok
libri100_02239,./data/audio_clean/libri100_02239.wav,4115,ok
libri100_02390,./data/audio_clean/libri100_02390.wav,4116,ok
libri360_01082,./data/audio_clean/libri360_01082.wav,4117,ok
libri100_01261,./data/audio_clean/libri100_01261.wav,4118,ok
libri100_00962,./data/audio_clean/libri100_00962.wav,4119,ok
libri360_00780,./data/audio_clean/libri360_00780.wav,4120,ok
libri100_00929,./data/audio_clean/libri100_00929.wav,4121,ok
libri360_01521,./data/audio_clean/libri360_01521.wav,4122,ok
libri100_00763,./data/audio_clean/libri100_00763.wav,4123,ok
libri360_00342,./data/audio_clean/libri360_00342.wav,4124,ok
libri100_00112,./data/audio_clean/libri100_00112.wav,4125,ok
libri100_02545,./data/audio_clean/libri100_02545.wav,4126,ok
libri100_01297,./data/audio_clean/libri100_01297.wav,4127,ok
libri100_01960,./data/audio_clean/libri100_01960.wav,4128,ok
libri100_00236,./data/audio_clean/libri100_00236.wav,4129,ok
libri360_01496,./data/audio_clean/libri360_01496.wav,4130,ok
libri360_00970,./data/audio_clean/libri360_00970.wav,4131,ok
libri360_01679,./data/audio_clean/libri360_01679.wav,4132,ok
libri100_02359,./data/audio_clean/libri100_02359.wav,4133,ok
libri100_01073,./data/audio_clean/libri100_01073.wav,4134,ok
libri360_01930,./data/audio_clean/libri360_01930.wav,4135,ok
libri360_01661,./data/audio_clean/libri360_01661.wav,4136,ok
libri100_00422,./data/audio_clean/libri100_00422.wav,4137,ok
libri360_00621,./data/audio_clean/libri360_00621.wav,4138,ok
libri360_01083,./data/audio_clean/libri360_01083.wav,4139,ok
libri100_02963,./data/audio_clean/libri100_02963.wav,4140,ok
libri100_01536,./data/audio_clean/libri100_01536.wav,4141,ok
libri100_00444,./data/audio_clean/libri100_00444.wav,4142,ok
libri360_00385,./data/audio_clean/libri360_00385.wav,4143,ok
libri360_00784,./data/audio_clean/libri360_00784.wav,4144,ok
libri100_00009,./data/audio_clean/libri100_00009.wav,4145,ok
libri360_00311,./data/audio_clean/libri360_00311.wav,4146,ok
libri100_00949,./data/audio_clean/libri100_00949.wav,4147,ok
libri100_02648,./data/audio_clean/libri100_02648.wav,4148,ok
libri100_02067,./data/audio_clean/libri100_02067.wav,4149,ok
libri100_02576,./data/audio_clean/libri100_02576.wav,4150,ok
libri100_00721,./data/audio_clean/libri100_00721.wav,4151,ok
libri360_00725,./data/audio_clean/libri360_00725.wav,4152,ok
libri100_00300,./data/audio_clean/libri100_00300.wav,4153,ok
libri360_00280,./data/audio_clean/libri360_00280.wav,4154,ok
libri100_02361,./data/audio_clean/libri100_02361.wav,4155,ok
libri360_01058,./data/audio_clean/libri360_01058.wav,4156,ok
libri360_01693,./data/audio_clean/libri360_01693.wav,4157,ok
libri100_02701,./data/audio_clean/libri100_02701.wav,4158,ok
libri100_01317,./data/audio_clean/libri100_01317.wav,4159,ok
libri100_00856,./data/audio_clean/libri100_00856.wav,4160,ok
libri100_02630,./data/audio_clean/libri100_02630.wav,4161,ok
libri100_02730,./data/audio_clean/libri100_02730.wav,4162,ok
libri360_01554,./data/audio_clean/libri360_01554.wav,4163,ok
libri100_02850,./data/audio_clean/libri100_02850.wav,4164,ok
libri360_00850,./data/audio_clean/libri360_00850.wav,4165,ok
libri100_00747,./data/audio_clean/libri100_00747.wav,4166,ok
libri360_01566,./data/audio_clean/libri360_01566.wav,4167,ok
libri360_01437,./data/audio_clean/libri360_01437.wav,4168,ok
libri100_01486,./data/audio_clean/libri100_01486.wav,4169,ok
libri360_01973,./data/audio_clean/libri360_01973.wav,4170,ok
libri360_01533,./data/audio_clean/libri360_01533.wav,4171,ok
libri360_00854,./data/audio_clean/libri360_00854.wav,4172,ok
libri100_01435,./data/audio_clean/libri100_01435.wav,4173,ok
libri360_01400,./data/audio_clean/libri360_01400.wav,4174,ok
libri100_02207,./data/audio_clean/libri100_02207.wav,4175,ok
libri100_00169,./data/audio_clean/libri100_00169.wav,4176,ok
libri360_01806,./data/audio_clean/libri360_01806.wav,4177,ok
libri100_00748,./data/audio_clean/libri100_00748.wav,4178,ok
libri100_00211,./data/audio_clean/libri100_00211.wav,4179,ok
libri100_02051,./data/audio_clean/libri100_02051.wav,4180,ok
libri360_01347,./data/audio_clean/libri360_01347.wav,4181,ok
libri360_00539,./data/audio_clean/libri360_00539.wav,4182,ok
libri360_01628,./data/audio_clean/libri360_01628.wav,4183,ok
libri100_00658,./data/audio_clean/libri100_00658.wav,4184,ok
libri360_00586,./data/audio_clean/libri360_00586.wav,4185,ok
libri360_01045,./data/audio_clean/libri360_01045.wav,4186,ok
libri360_01099,./data/audio_clean/libri360_01099.wav,4187,ok
libri100_02230,./data/audio_clean/libri100_02230.wav,4188,ok
libri360_00297,./data/audio_clean/libri360_00297.wav,4189,ok
libri100_02491,./data/audio_clean/libri100_02491.wav,4190,ok
libri360_00839,./data/audio_clean/libri360_00839.wav,4191,ok
libri100_01018,./data/audio_clean/libri100_01018.wav,4192,ok
libri360_00597,./data/audio_clean/libri360_00597.wav,4193,ok
libri100_02364,./data/audio_clean/libri100_02364.wav,4194,ok
libri360_01845,./data/audio_clean/libri360_01845.wav,4195,ok
libri100_01359,./data/audio_clean/libri100_01359.wav,4196,ok
libri100_00488,./data/audio_clean/libri100_00488.wav,4197,ok
libri360_01929,./data/audio_clean/libri360_01929.wav,4198,ok
libri100_01165,./data/audio_clean/libri100_01165.wav,4199,ok
libri100_02176,./data/audio_clean/libri100_02176.wav,4200,ok
libri100_01220,./data/audio_clean/libri100_01220.wav,4201,ok
libri100_01841,./data/audio_clean/libri100_01841.wav,4202,ok
libri100_00940,./data/audio_clean/libri100_00940.wav,4203,ok
libri360_01832,./data/audio_clean/libri360_01832.wav,4204,ok
libri100_01620,./data/audio_clean/libri100_01620.wav,4205,ok
libri360_01238,./data/audio_clean/libri360_01238.wav,4206,ok
libri100_01912,./data/audio_clean/libri100_01912.wav,4207,ok
libri100_00583,./data/audio_clean/libri100_00583.wav,4208,ok
libri360_00719,./data/audio_clean/libri360_00719.wav,4209,ok
libri100_02316,./data/audio_clean/libri100_02316.wav,4210,ok
libri100_02360,./data/audio_clean/libri100_02360.wav,4211,ok
libri100_01896,./data/audio_clean/libri100_01896.wav,4212,ok
libri100_00267,./data/audio_clean/libri100_00267.wav,4213,ok
libri100_02385,./data/audio_clean/libri100_02385.wav,4214,ok
libri360_00849,./data/audio_clean/libri360_00849.wav,4215,ok
libri360_01247,./data/audio_clean/libri360_01247.wav,4216,ok
libri360_00346,./data/audio_clean/libri360_00346.wav,4217,ok
libri100_00021,./data/audio_clean/libri100_00021.wav,4218,ok
libri100_01282,./data/audio_clean/libri100_01282.wav,4219,ok
libri100_00614,./data/audio_clean/libri100_00614.wav,4220,ok
libri100_01423,./data/audio_clean/libri100_01423.wav,4221,ok
libri100_01964,./data/audio_clean/libri100_01964.wav,4222,ok
libri100_01286,./data/audio_clean/libri100_01286.wav,4223,ok
libri100_00665,./data/audio_clean/libri100_00665.wav,4224,ok
libri100_02167,./data/audio_clean/libri100_02167.wav,4225,ok
libri360_01911,./data/audio_clean/libri360_01911.wav,4226,ok
libri100_01702,./data/audio_clean/libri100_01702.wav,4227,ok
libri100_00812,./data/audio_clean/libri100_00812.wav,4228,ok
libri100_00493,./data/audio_clean/libri100_00493.wav,4229,ok
libri100_02501,./data/audio_clean/libri100_02501.wav,4230,ok
libri360_00512,./data/audio_clean/libri360_00512.wav,4231,ok
libri100_02435,./data/audio_clean/libri100_02435.wav,4232,ok
libri360_00626,./data/audio_clean/libri360_00626.wav,4233,ok
libri360_00690,./data/audio_clean/libri360_00690.wav,4234,ok
libri360_01449,./data/audio_clean/libri360_01449.wav,4235,ok
libri100_01848,./data/audio_clean/libri100_01848.wav,4236,ok
libri360_00409,./data/audio_clean/libri360_00409.wav,4237,ok
libri100_00970,./data/audio_clean/libri100_00970.wav,4238,ok
libri100_02033,./data/audio_clean/libri100_02033.wav,4239,ok
libri100_00697,./data/audio_clean/libri100_00697.wav,4240,ok
libri360_01540,./data/audio_clean/libri360_01540.wav,4241,ok
libri100_01222,./data/audio_clean/libri100_01222.wav,4242,ok
libri100_01242,./data/audio_clean/libri100_01242.wav,4243,ok
libri100_00439,./data/audio_clean/libri100_00439.wav,4244,ok
libri100_00606,./data/audio_clean/libri100_00606.wav,4245,ok
libri360_01028,./data/audio_clean/libri360_01028.wav,4246,ok
libri360_00282,./data/audio_clean/libri360_00282.wav,4247,ok
libri100_00535,./data/audio_clean/libri100_00535.wav,4248,ok
libri100_00934,./data/audio_clean/libri100_00934.wav,4249,ok
libri360_00913,./data/audio_clean/libri360_00913.wav,4250,ok
libri100_02068,./data/audio_clean/libri100_02068.wav,4251,ok
libri100_00420,./data/audio_clean/libri100_00420.wav,4252,ok
libri100_01510,./data/audio_clean/libri100_01510.wav,4253,ok
libri100_02791,./data/audio_clean/libri100_02791.wav,4254,ok
libri360_00608,./data/audio_clean/libri360_00608.wav,4255,ok
libri360_00921,./data/audio_clean/libri360_00921.wav,4256,ok
libri360_00845,./data/audio_clean/libri360_00845.wav,4257,ok
libri100_02329,./data/audio_clean/libri100_02329.wav,4258,ok
libri100_00100,./data/audio_clean/libri100_00100.wav,4259,ok
libri100_00840,./data/audio_clean/libri100_00840.wav,4260,ok
libri360_01021,./data/audio_clean/libri360_01021.wav,4261,ok
libri360_01771,./data/audio_clean/libri360_01771.wav,4262,ok
libri100_02393,./data/audio_clean/libri100_02393.wav,4263,ok
libri100_00446,./data/audio_clean/libri100_00446.wav,4264,ok
libri100_00372,./data/audio_clean/libri100_00372.wav,4265,ok
libri100_02247,./data/audio_clean/libri100_02247.wav,4266,ok
libri100_01036,./data/audio_clean/libri100_01036.wav,4267,ok
libri100_00115,./data/audio_clean/libri100_00115.wav,4268,ok
libri100_02476,./data/audio_clean/libri100_02476.wav,4269,ok
libri360_01614,./data/audio_clean/libri360_01614.wav,4270,ok
libri100_02956,./data/audio_clean/libri100_02956.wav,4271,ok
libri100_01863,./data/audio_clean/libri100_01863.wav,4272,ok
libri100_02426,./data/audio_clean/libri100_02426.wav,4273,ok
libri100_01590,./data/audio_clean/libri100_01590.wav,4274,ok
libri100_00823,./data/audio_clean/libri100_00823.wav,4275,ok
libri100_02318,./data/audio_clean/libri100_02318.wav,4276,ok
libri100_02265,./data/audio_clean/libri100_02265.wav,4277,ok
libri360_00966,./data/audio_clean/libri360_00966.wav,4278,ok
libri100_01772,./data/audio_clean/libri100_01772.wav,4279,ok
libri360_01773,./data/audio_clean/libri360_01773.wav,4280,ok
libri100_01516,./data/audio_clean/libri100_01516.wav,4281,ok
libri100_00979,./data/audio_clean/libri100_00979.wav,4282,ok
libri360_01915,./data/audio_clean/libri360_01915.wav,4283,ok
libri100_01577,./data/audio_clean/libri100_01577.wav,4284,ok
libri100_00988,./data/audio_clean/libri100_00988.wav,4285,ok
libri100_01888,./data/audio_clean/libri100_01888.wav,4286,ok
libri360_01877,./data/audio_clean/libri360_01877.wav,4287,ok
libri100_02511,./data/audio_clean/libri100_02511.wav,4288,ok
libri100_02219,./data/audio_clean/libri100_02219.wav,4289,ok
libri360_00717,./data/audio_clean/libri360_00717.wav,4290,ok
libri100_02882,./data/audio_clean/libri100_02882.wav,4291,ok
libri100_02709,./data/audio_clean/libri100_02709.wav,4292,ok
libri360_00485,./data/audio_clean/libri360_00485.wav,4293,ok
libri100_02816,./data/audio_clean/libri100_02816.wav,4294,ok
libri360_01530,./data/audio_clean/libri360_01530.wav,4295,ok
libri360_00023,./data/audio_clean/libri360_00023.wav,4296,ok
libri100_02508,./data/audio_clean/libri100_02508.wav,4297,ok
libri100_01993,./data/audio_clean/libri100_01993.wav,4298,ok
libri360_01432,./data/audio_clean/libri360_01432.wav,4299,ok
libri100_01815,./data/audio_clean/libri100_01815.wav,4300,ok
libri100_02410,./data/audio_clean/libri100_02410.wav,4301,ok
libri100_00762,./data/audio_clean/libri100_00762.wav,4302,ok
libri100_00141,./data/audio_clean/libri100_00141.wav,4303,ok
libri360_00671,./data/audio_clean/libri360_00671.wav,4304,ok
libri360_01020,./data/audio_clean/libri360_01020.wav,4305,ok
libri360_00900,./data/audio_clean/libri360_00900.wav,4306,ok
libri100_01968,./data/audio_clean/libri100_01968.wav,4307,ok
libri360_01658,./data/audio_clean/libri360_01658.wav,4308,ok
libri360_01621,./data/audio_clean/libri360_01621.wav,4309,ok
libri100_01977,./data/audio_clean/libri100_01977.wav,4310,ok
libri360_01839,./data/audio_clean/libri360_01839.wav,4311,ok
libri100_01565,./data/audio_clean/libri100_01565.wav,4312,ok
libri360_01232,./data/audio_clean/libri360_01232.wav,4313,ok
libri100_00083,./data/audio_clean/libri100_00083.wav,4314,ok
libri100_02263,./data/audio_clean/libri100_02263.wav,4315,ok
libri100_02290,./data/audio_clean/libri100_02290.wav,4316,ok
libri100_02788,./data/audio_clean/libri100_02788.wav,4317,ok
libri100_02116,./data/audio_clean/libri100_02116.wav,4318,ok
libri100_02906,./data/audio_clean/libri100_02906.wav,4319,ok
libri100_01737,./data/audio_clean/libri100_01737.wav,4320,ok
libri360_00994,./data/audio_clean/libri360_00994.wav,4321,ok
libri100_01489,./data/audio_clean/libri100_01489.wav,4322,ok
libri100_02662,./data/audio_clean/libri100_02662.wav,4323,ok
libri360_01509,./data/audio_clean/libri360_01509.wav,4324,ok
libri100_00235,./data/audio_clean/libri100_00235.wav,4325,ok
libri100_02755,./data/audio_clean/libri100_02755.wav,4326,ok
libri360_01746,./data/audio_clean/libri360_01746.wav,4327,ok
libri360_01493,./data/audio_clean/libri360_01493.wav,4328,ok
libri100_01997,./data/audio_clean/libri100_01997.wav,4329,ok
libri360_00692,./data/audio_clean/libri360_00692.wav,4330,ok
libri100_02284,./data/audio_clean/libri100_02284.wav,4331,ok
libri100_00709,./data/audio_clean/libri100_00709.wav,4332,ok
libri100_02011,./data/audio_clean/libri100_02011.wav,4333,ok
libri100_02640,./data/audio_clean/libri100_02640.wav,4334,ok
libri100_02198,./data/audio_clean/libri100_02198.wav,4335,ok
libri360_00568,./data/audio_clean/libri360_00568.wav,4336,ok
libri360_00808,./data/audio_clean/libri360_00808.wav,4337,ok
libri360_00960,./data/audio_clean/libri360_00960.wav,4338,ok
libri100_02212,./data/audio_clean/libri100_02212.wav,4339,ok
libri360_01274,./data/audio_clean/libri360_01274.wav,4340,ok
libri100_01442,./data/audio_clean/libri100_01442.wav,4341,ok
libri360_00567,./data/audio_clean/libri360_00567.wav,4342,ok
libri100_01253,./data/audio_clean/libri100_01253.wav,4343,ok
libri360_00766,./data/audio_clean/libri360_00766.wav,4344,ok
libri100_02967,./data/audio_clean/libri100_02967.wav,4345,ok
libri360_00551,./data/audio_clean/libri360_00551.wav,4346,ok
libri100_00864,./data/audio_clean/libri100_00864.wav,4347,ok
libri360_01015,./data/audio_clean/libri360_01015.wav,4348,ok
libri360_01452,./data/audio_clean/libri360_01452.wav,4349,ok
libri100_00103,./data/audio_clean/libri100_00103.wav,4350,ok
libri100_02795,./data/audio_clean/libri100_02795.wav,4351,ok
libri360_01688,./data/audio_clean/libri360_01688.wav,4352,ok
libri100_00564,./data/audio_clean/libri100_00564.wav,4353,ok
libri360_00035,./data/audio_clean/libri360_00035.wav,4354,ok
libri360_01896,./data/audio_clean/libri360_01896.wav,4355,ok
libri360_01364,./data/audio_clean/libri360_01364.wav,4356,ok
libri100_02844,./data/audio_clean/libri100_02844.wav,4357,ok
libri100_00336,./data/audio_clean/libri100_00336.wav,4358,ok
libri360_01818,./data/audio_clean/libri360_01818.wav,4359,ok
libri100_02470,./data/audio_clean/libri100_02470.wav,4360,ok
libri100_00834,./data/audio_clean/libri100_00834.wav,4361,ok
libri100_01989,./data/audio_clean/libri100_01989.wav,4362,ok
libri100_00622,./data/audio_clean/libri100_00622.wav,4363,ok
libri100_01624,./data/audio_clean/libri100_01624.wav,4364,ok
libri360_00249,./data/audio_clean/libri360_00249.wav,4365,ok
libri360_00074,./data/audio_clean/libri360_00074.wav,4366,ok
libri100_02555,./data/audio_clean/libri100_02555.wav,4367,ok
libri100_00210,./data/audio_clean/libri100_00210.wav,4368,ok
libri360_01608,./data/audio_clean/libri360_01608.wav,4369,ok
libri100_02548,./data/audio_clean/libri100_02548.wav,4370,ok
libri100_01341,./data/audio_clean/libri100_01341.wav,4371,ok
libri360_01874,./data/audio_clean/libri360_01874.wav,4372,ok
libri100_01374,./data/audio_clean/libri100_01374.wav,4373,ok
libri360_00021,./data/audio_clean/libri360_00021.wav,4374,ok
libri100_02099,./data/audio_clean/libri100_02099.wav,4375,ok
libri360_01535,./data/audio_clean/libri360_01535.wav,4376,ok
libri100_01785,./data/audio_clean/libri100_01785.wav,4377,ok
libri100_00937,./data/audio_clean/libri100_00937.wav,4378,ok
libri360_00879,./data/audio_clean/libri360_00879.wav,4379,ok
libri100_01034,./data/audio_clean/libri100_01034.wav,4380,ok
libri100_01954,./data/audio_clean/libri100_01954.wav,4381,ok
libri100_01248,./data/audio_clean/libri100_01248.wav,4382,ok
libri100_00166,./data/audio_clean/libri100_00166.wav,4383,ok
libri100_01633,./data/audio_clean/libri100_01633.wav,4384,ok
libri360_01482,./data/audio_clean/libri360_01482.wav,4385,ok
libri100_00254,./data/audio_clean/libri100_00254.wav,4386,ok
libri100_00329,./data/audio_clean/libri100_00329.wav,4387,ok
libri100_00562,./data/audio_clean/libri100_00562.wav,4388,ok
libri100_01836,./data/audio_clean/libri100_01836.wav,4389,ok
libri100_02866,./data/audio_clean/libri100_02866.wav,4390,ok
libri100_00426,./data/audio_clean/libri100_00426.wav,4391,ok
libri100_00158,./data/audio_clean/libri100_00158.wav,4392,ok
libri360_00852,./data/audio_clean/libri360_00852.wav,4393,ok
libri100_00670,./data/audio_clean/libri100_00670.wav,4394,ok
libri100_02066,./data/audio_clean/libri100_02066.wav,4395,ok
libri360_00453,./data/audio_clean/libri360_00453.wav,4396,ok
libri100_02279,./data/audio_clean/libri100_02279.wav,4397,ok
libri360_01796,./data/audio_clean/libri360_01796.wav,4398,ok
libri100_02764,./data/audio_clean/libri100_02764.wav,4399,ok
libri100_02677,./data/audio_clean/libri100_02677.wav,4400,ok
libri360_00724,./data/audio_clean/libri360_00724.wav,4401,ok
libri100_01733,./data/audio_clean/libri100_01733.wav,4402,ok
libri100_02681,./data/audio_clean/libri100_02681.wav,4403,ok
libri360_01546,./data/audio_clean/libri360_01546.wav,4404,ok
libri100_02131,./data/audio_clean/libri100_02131.wav,4405,ok
libri360_01498,./data/audio_clean/libri360_01498.wav,4406,ok
libri100_01488,./data/audio_clean/libri100_01488.wav,4407,ok
libri360_00782,./data/audio_clean/libri360_00782.wav,4408,ok
libri100_01111,./data/audio_clean/libri100_01111.wav,4409,ok
libri360_00511,./data/audio_clean/libri360_00511.wav,4410,ok
libri100_00687,./data/audio_clean/libri100_00687.wav,4411,ok
libri100_00222,./data/audio_clean/libri100_00222.wav,4412,ok
libri360_00227,./data/audio_clean/libri360_00227.wav,4413,ok
libri100_00220,./data/audio_clean/libri100_00220.wav,4414,ok
libri360_01927,./data/audio_clean/libri360_01927.wav,4415,ok
libri100_01045,./data/audio_clean/libri100_01045.wav,4416,ok
libri360_00828,./data/audio_clean/libri360_00828.wav,4417,ok
libri360_01831,./data/audio_clean/libri360_01831.wav,4418,ok
libri360_00312,./data/audio_clean/libri360_00312.wav,4419,ok
libri100_02753,./data/audio_clean/libri100_02753.wav,4420,ok
libri360_00185,./data/audio_clean/libri360_00185.wav,4421,ok
libri100_00237,./data/audio_clean/libri100_00237.wav,4422,ok
libri360_01752,./data/audio_clean/libri360_01752.wav,4423,ok
libri360_00570,./data/audio_clean/libri360_00570.wav,4424,ok
libri100_02235,./data/audio_clean/libri100_02235.wav,4425,ok
libri100_01797,./data/audio_clean/libri100_01797.wav,4426,ok
libri360_00999,./data/audio_clean/libri360_00999.wav,4427,ok
libri100_01806,./data/audio_clean/libri100_01806.wav,4428,ok
libri360_01409,./data/audio_clean/libri360_01409.wav,4429,ok
libri360_00432,./data/audio_clean/libri360_00432.wav,4430,ok
libri360_00194,./data/audio_clean/libri360_00194.wav,4431,ok
libri100_02446,./data/audio_clean/libri100_02446.wav,4432,ok
libri100_02881,./data/audio_clean/libri100_02881.wav,4433,ok
libri100_00048,./data/audio_clean/libri100_00048.wav,4434,ok
libri360_00907,./data/audio_clean/libri360_00907.wav,4435,ok
libri360_00116,./data/audio_clean/libri360_00116.wav,4436,ok
libri100_00160,./data/audio_clean/libri100_00160.wav,4437,ok
libri360_00190,./data/audio_clean/libri360_00190.wav,4438,ok
libri360_00441,./data/audio_clean/libri360_00441.wav,4439,ok
libri100_01694,./data/audio_clean/libri100_01694.wav,4440,ok
libri100_00510,./data/audio_clean/libri100_00510.wav,4441,ok
libri360_00406,./data/audio_clean/libri360_00406.wav,4442,ok
libri360_00816,./data/audio_clean/libri360_00816.wav,4443,ok
libri360_01445,./data/audio_clean/libri360_01445.wav,4444,ok
libri100_02710,./data/audio_clean/libri100_02710.wav,4445,ok
libri360_00339,./data/audio_clean/libri360_00339.wav,4446,ok
libri360_00398,./data/audio_clean/libri360_00398.wav,4447,ok
libri100_00526,./data/audio_clean/libri100_00526.wav,4448,ok
libri100_01752,./data/audio_clean/libri100_01752.wav,4449,ok
libri100_01251,./data/audio_clean/libri100_01251.wav,4450,ok
libri360_00137,./data/audio_clean/libri360_00137.wav,4451,ok
libri100_01894,./data/audio_clean/libri100_01894.wav,4452,ok
libri100_01235,./data/audio_clean/libri100_01235.wav,4453,ok
libri360_01891,./data/audio_clean/libri360_01891.wav,4454,ok
libri100_00660,./data/audio_clean/libri100_00660.wav,4455,ok
libri360_01424,./data/audio_clean/libri360_01424.wav,4456,ok
libri100_02619,./data/audio_clean/libri100_02619.wav,4457,ok
libri100_02751,./data/audio_clean/libri100_02751.wav,4458,ok
libri100_02225,./data/audio_clean/libri100_02225.wav,4459,ok
libri100_01920,./data/audio_clean/libri100_01920.wav,4460,ok
libri100_02340,./data/audio_clean/libri100_02340.wav,4461,ok
libri100_00634,./data/audio_clean/libri100_00634.wav,4462,ok
libri360_00603,./data/audio_clean/libri360_00603.wav,4463,ok
libri100_02249,./data/audio_clean/libri100_02249.wav,4464,ok
libri100_01959,./data/audio_clean/libri100_01959.wav,4465,ok
libri360_00969,./data/audio_clean/libri360_00969.wav,4466,ok
libri360_01270,./data/audio_clean/libri360_01270.wav,4467,ok
libri100_02271,./data/audio_clean/libri100_02271.wav,4468,ok
libri100_02025,./data/audio_clean/libri100_02025.wav,4469,ok
libri100_02123,./data/audio_clean/libri100_02123.wav,4470,ok
libri360_00686,./data/audio_clean/libri360_00686.wav,4471,ok
libri360_00888,./data/audio_clean/libri360_00888.wav,4472,ok
libri100_01303,./data/audio_clean/libri100_01303.wav,4473,ok
libri360_00652,./data/audio_clean/libri360_00652.wav,4474,ok
libri360_00495,./data/audio_clean/libri360_00495.wav,4475,ok
libri360_01135,./data/audio_clean/libri360_01135.wav,4476,ok
libri360_00625,./data/audio_clean/libri360_00625.wav,4477,ok
libri100_02599,./data/audio_clean/libri100_02599.wav,4478,ok
libri360_01351,./data/audio_clean/libri360_01351.wav,4479,ok
libri360_00806,./data/audio_clean/libri360_00806.wav,4480,ok
libri100_01092,./data/audio_clean/libri100_01092.wav,4481,ok
libri360_00739,./data/audio_clean/libri360_00739.wav,4482,ok
libri100_00994,./data/audio_clean/libri100_00994.wav,4483,ok
libri100_02041,./data/audio_clean/libri100_02041.wav,4484,ok
libri100_00411,./data/audio_clean/libri100_00411.wav,4485,ok
libri360_00805,./data/audio_clean/libri360_00805.wav,4486,ok
libri360_01243,./data/audio_clean/libri360_01243.wav,4487,ok
libri100_01440,./data/audio_clean/libri100_01440.wav,4488,ok
libri100_01792,./data/audio_clean/libri100_01792.wav,4489,ok
libri360_00482,./data/audio_clean/libri360_00482.wav,4490,ok
libri100_00873,./data/audio_clean/libri100_00873.wav,4491,ok
libri100_00045,./data/audio_clean/libri100_00045.wav,4492,ok
libri100_01208,./data/audio_clean/libri100_01208.wav,4493,ok
libri100_01998,./data/audio_clean/libri100_01998.wav,4494,ok
libri360_00273,./data/audio_clean/libri360_00273.wav,4495,ok
libri360_01049,./data/audio_clean/libri360_01049.wav,4496,ok
libri360_00145,./data/audio_clean/libri360_00145.wav,4497,ok
libri100_01592,./data/audio_clean/libri100_01592.wav,4498,ok
libri360_00395,./data/audio_clean/libri360_00395.wav,4499,ok
libri360_00730,./data/audio_clean/libri360_00730.wav,4500,ok
libri100_00596,./data/audio_clean/libri100_00596.wav,4501,ok
libri360_00892,./data/audio_clean/libri360_00892.wav,4502,ok
libri360_01926,./data/audio_clean/libri360_01926.wav,4503,ok
libri100_00378,./data/audio_clean/libri100_00378.wav,4504,ok
libri100_00200,./data/audio_clean/libri100_00200.wav,4505,ok
libri100_01207,./data/audio_clean/libri100_01207.wav,4506,ok
libri100_01631,./data/audio_clean/libri100_01631.wav,4507,ok
libri360_01816,./data/audio_clean/libri360_01816.wav,4508,ok
libri100_02542,./data/audio_clean/libri100_02542.wav,4509,ok
libri100_01924,./data/audio_clean/libri100_01924.wav,4510,ok
libri100_00765,./data/audio_clean/libri100_00765.wav,4511,ok
libri100_02745,./data/audio_clean/libri100_02745.wav,4512,ok
libri360_01222,./data/audio_clean/libri360_01222.wav,4513,ok
libri100_02324,./data/audio_clean/libri100_02324.wav,4514,ok
libri100_00694,./data/audio_clean/libri100_00694.wav,4515,ok
libri100_01390,./data/audio_clean/libri100_01390.wav,4516,ok
libri360_00876,./data/audio_clean/libri360_00876.wav,4517,ok
libri360_01187,./data/audio_clean/libri360_01187.wav,4518,ok
libri100_01750,./data/audio_clean/libri100_01750.wav,4519,ok
libri360_00622,./data/audio_clean/libri360_00622.wav,4520,ok
libri360_01910,./data/audio_clean/libri360_01910.wav,4521,ok
libri360_00809,./data/audio_clean/libri360_00809.wav,4522,ok
libri100_02639,./data/audio_clean/libri100_02639.wav,4523,ok
libri360_00521,./data/audio_clean/libri360_00521.wav,4524,ok
libri100_01721,./data/audio_clean/libri100_01721.wav,4525,ok
libri100_02350,./data/audio_clean/libri100_02350.wav,4526,ok
libri100_02489,./data/audio_clean/libri100_02489.wav,4527,ok
libri100_00003,./data/audio_clean/libri100_00003.wav,4528,ok
libri360_01488,./data/audio_clean/libri360_01488.wav,4529,ok
libri360_00326,./data/audio_clean/libri360_00326.wav,4530,ok
libri100_02465,./data/audio_clean/libri100_02465.wav,4531,ok
libri100_01425,./data/audio_clean/libri100_01425.wav,4532,ok
libri360_00105,./data/audio_clean/libri360_00105.wav,4533,ok
libri360_00444,./data/audio_clean/libri360_00444.wav,4534,ok
libri100_01571,./data/audio_clean/libri100_01571.wav,4535,ok
libri100_01042,./data/audio_clean/libri100_01042.wav,4536,ok
libri360_01541,./data/audio_clean/libri360_01541.wav,4537,ok
libri100_02422,./data/audio_clean/libri100_02422.wav,4538,ok
libri360_00296,./data/audio_clean/libri360_00296.wav,4539,ok
libri100_02672,./data/audio_clean/libri100_02672.wav,4540,ok
libri360_00345,./data/audio_clean/libri360_00345.wav,4541,ok
libri100_02533,./data/audio_clean/libri100_02533.wav,4542,ok
libri360_01154,./data/audio_clean/libri360_01154.wav,4543,ok
libri100_02460,./data/audio_clean/libri100_02460.wav,4544,ok
libri100_01020,./data/audio_clean/libri100_01020.wav,4545,ok
libri100_02571,./data/audio_clean/libri100_02571.wav,4546,ok
libri100_02704,./data/audio_clean/libri100_02704.wav,4547,ok
libri100_00573,./data/audio_clean/libri100_00573.wav,4548,ok
libri360_00533,./data/audio_clean/libri360_00533.wav,4549,ok
libri100_02983,./data/audio_clean/libri100_02983.wav,4550,ok
libri100_01614,./data/audio_clean/libri100_01614.wav,4551,ok
libri360_01410,./data/audio_clean/libri360_01410.wav,4552,ok
libri360_01259,./data/audio_clean/libri360_01259.wav,4553,ok
libri100_00013,./data/audio_clean/libri100_00013.wav,4554,ok
libri360_00572,./data/audio_clean/libri360_00572.wav,4555,ok
libri100_00363,./data/audio_clean/libri100_00363.wav,4556,ok
libri100_02086,./data/audio_clean/libri100_02086.wav,4557,ok
libri100_01557,./data/audio_clean/libri100_01557.wav,4558,ok
libri360_00155,./data/audio_clean/libri360_00155.wav,4559,ok
libri100_00947,./data/audio_clean/libri100_00947.wav,4560,ok
libri360_01189,./data/audio_clean/libri360_01189.wav,4561,ok
libri360_00574,./data/audio_clean/libri360_00574.wav,4562,ok
libri100_02831,./data/audio_clean/libri100_02831.wav,4563,ok
libri360_00559,./data/audio_clean/libri360_00559.wav,4564,ok
libri100_00888,./data/audio_clean/libri100_00888.wav,4565,ok
libri100_00313,./data/audio_clean/libri100_00313.wav,4566,ok
libri100_02174,./data/audio_clean/libri100_02174.wav,4567,ok
libri100_01462,./data/audio_clean/libri100_01462.wav,4568,ok
libri100_02139,./data/audio_clean/libri100_02139.wav,4569,ok
libri100_00944,./data/audio_clean/libri100_00944.wav,4570,ok
libri100_00226,./data/audio_clean/libri100_00226.wav,4571,ok
libri100_02712,./data/audio_clean/libri100_02712.wav,4572,ok
libri360_01954,./data/audio_clean/libri360_01954.wav,4573,ok
libri360_00274,./data/audio_clean/libri360_00274.wav,4574,ok
libri360_01173,./data/audio_clean/libri360_01173.wav,4575,ok
libri100_02876,./data/audio_clean/libri100_02876.wav,4576,ok
libri100_02286,./data/audio_clean/libri100_02286.wav,4577,ok
libri100_00568,./data/audio_clean/libri100_00568.wav,4578,ok
libri100_02282,./data/audio_clean/libri100_02282.wav,4579,ok
libri100_02689,./data/audio_clean/libri100_02689.wav,4580,ok
libri360_00264,./data/audio_clean/libri360_00264.wav,4581,ok
libri100_01582,./data/audio_clean/libri100_01582.wav,4582,ok
libri100_00193,./data/audio_clean/libri100_00193.wav,4583,ok
libri100_01826,./data/audio_clean/libri100_01826.wav,4584,ok
libri100_01864,./data/audio_clean/libri100_01864.wav,4585,ok
libri100_02500,./data/audio_clean/libri100_02500.wav,4586,ok
libri100_02864,./data/audio_clean/libri100_02864.wav,4587,ok
libri360_00770,./data/audio_clean/libri360_00770.wav,4588,ok
libri100_01634,./data/audio_clean/libri100_01634.wav,4589,ok
libri100_01822,./data/audio_clean/libri100_01822.wav,4590,ok
libri360_00855,./data/audio_clean/libri360_00855.wav,4591,ok
libri100_00317,./data/audio_clean/libri100_00317.wav,4592,ok
libri360_00133,./data/audio_clean/libri360_00133.wav,4593,ok
libri100_00885,./data/audio_clean/libri100_00885.wav,4594,ok
libri100_01304,./data/audio_clean/libri100_01304.wav,4595,ok
libri360_01872,./data/audio_clean/libri360_01872.wav,4596,ok
libri100_02032,./data/audio_clean/libri100_02032.wav,4597,ok
libri360_00372,./data/audio_clean/libri360_00372.wav,4598,ok
libri100_02721,./data/audio_clean/libri100_02721.wav,4599,ok
libri100_01469,./data/audio_clean/libri100_01469.wav,4600,ok
libri100_00203,./data/audio_clean/libri100_00203.wav,4601,ok
libri360_00377,./data/audio_clean/libri360_00377.wav,4602,ok
libri100_01450,./data/audio_clean/libri100_01450.wav,4603,ok
libri100_01331,./data/audio_clean/libri100_01331.wav,4604,ok
libri100_01939,./data/audio_clean/libri100_01939.wav,4605,ok
libri100_01266,./data/audio_clean/libri100_01266.wav,4606,ok
libri360_01753,./data/audio_clean/libri360_01753.wav,4607,ok
libri360_01586,./data/audio_clean/libri360_01586.wav,4608,ok
libri100_02897,./data/audio_clean/libri100_02897.wav,4609,ok
libri100_00842,./data/audio_clean/libri100_00842.wav,4610,ok
libri100_02044,./data/audio_clean/libri100_02044.wav,4611,ok
libri100_01720,./data/audio_clean/libri100_01720.wav,4612,ok
libri100_02931,./data/audio_clean/libri100_02931.wav,4613,ok
libri100_00326,./data/audio_clean/libri100_00326.wav,4614,ok
libri100_02987,./data/audio_clean/libri100_02987.wav,4615,ok
libri100_02525,./data/audio_clean/libri100_02525.wav,4616,ok
libri100_00342,./data/audio_clean/libri100_00342.wav,4617,ok
libri100_01044,./data/audio_clean/libri100_01044.wav,4618,ok
libri360_00520,./data/audio_clean/libri360_00520.wav,4619,ok
libri100_01213,./data/audio_clean/libri100_01213.wav,4620,ok
libri360_01526,./data/audio_clean/libri360_01526.wav,4621,ok
libri360_00024,./data/audio_clean/libri360_00024.wav,4622,ok
libri100_00295,./data/audio_clean/libri100_00295.wav,4623,ok
libri360_01469,./data/audio_clean/libri360_01469.wav,4624,ok
libri100_01221,./data/audio_clean/libri100_01221.wav,4625,ok
libri100_00616,./data/audio_clean/libri100_00616.wav,4626,ok
libri360_01847,./data/audio_clean/libri360_01847.wav,4627,ok
libri100_00079,./data/audio_clean/libri100_00079.wav,4628,ok
libri360_01594,./data/audio_clean/libri360_01594.wav,4629,ok
libri360_00503,./data/audio_clean/libri360_00503.wav,4630,ok
libri360_01519,./data/audio_clean/libri360_01519.wav,4631,ok
libri360_00619,./data/audio_clean/libri360_00619.wav,4632,ok
libri360_01854,./data/audio_clean/libri360_01854.wav,4633,ok
libri100_02145,./data/audio_clean/libri100_02145.wav,4634,ok
libri100_01071,./data/audio_clean/libri100_01071.wav,4635,ok
libri100_02732,./data/audio_clean/libri100_02732.wav,4636,ok
libri100_00029,./data/audio_clean/libri100_00029.wav,4637,ok
libri100_00361,./data/audio_clean/libri100_00361.wav,4638,ok
libri100_02266,./data/audio_clean/libri100_02266.wav,4639,ok
libri360_01783,./data/audio_clean/libri360_01783.wav,4640,ok
libri100_00756,./data/audio_clean/libri100_00756.wav,4641,ok
libri100_00416,./data/audio_clean/libri100_00416.wav,4642,ok
libri100_02057,./data/audio_clean/libri100_02057.wav,4643,ok
libri360_01849,./data/audio_clean/libri360_01849.wav,4644,ok
libri360_01140,./data/audio_clean/libri360_01140.wav,4645,ok
libri100_02162,./data/audio_clean/libri100_02162.wav,4646,ok
libri100_01667,./data/audio_clean/libri100_01667.wav,4647,ok
libri100_02808,./data/audio_clean/libri100_02808.wav,4648,ok
libri100_01725,./data/audio_clean/libri100_01725.wav,4649,ok
libri100_02308,./data/audio_clean/libri100_02308.wav,4650,ok
libri100_02231,./data/audio_clean/libri100_02231.wav,4651,ok
libri360_01967,./data/audio_clean/libri360_01967.wav,4652,ok
libri360_01876,./data/audio_clean/libri360_01876.wav,4653,ok
libri100_00876,./data/audio_clean/libri100_00876.wav,4654,ok
libri100_00945,./data/audio_clean/libri100_00945.wav,4655,ok
libri360_01957,./data/audio_clean/libri360_01957.wav,4656,ok
libri100_01100,./data/audio_clean/libri100_01100.wav,4657,ok
libri100_00848,./data/audio_clean/libri100_00848.wav,4658,ok
libri100_02452,./data/audio_clean/libri100_02452.wav,4659,ok
libri360_01543,./data/audio_clean/libri360_01543.wav,4660,ok
libri100_00064,./data/audio_clean/libri100_00064.wav,4661,ok
libri360_01333,./data/audio_clean/libri360_01333.wav,4662,ok
libri100_02478,./data/audio_clean/libri100_02478.wav,4663,ok
libri360_01450,./data/audio_clean/libri360_01450.wav,4664,ok
libri360_00589,./data/audio_clean/libri360_00589.wav,4665,ok
libri100_01292,./data/audio_clean/libri100_01292.wav,4666,ok
libri100_02334,./data/audio_clean/libri100_02334.wav,4667,ok
libri360_00027,./data/audio_clean/libri360_00027.wav,4668,ok
libri100_02001,./data/audio_clean/libri100_02001.wav,4669,ok
libri100_00563,./data/audio_clean/libri100_00563.wav,4670,ok
libri100_02859,./data/audio_clean/libri100_02859.wav,4671,ok
libri100_01085,./data/audio_clean/libri100_01085.wav,4672,ok
libri360_01144,./data/audio_clean/libri360_01144.wav,4673,ok
libri100_01746,./data/audio_clean/libri100_01746.wav,4674,ok
libri360_01404,./data/audio_clean/libri360_01404.wav,4675,ok
libri100_00600,./data/audio_clean/libri100_00600.wav,4676,ok
libri100_00819,./data/audio_clean/libri100_00819.wav,4677,ok
libri360_01612,./data/audio_clean/libri360_01612.wav,4678,ok
libri360_00754,./data/audio_clean/libri360_00754.wav,4679,ok
libri100_00076,./data/audio_clean/libri100_00076.wav,4680,ok
libri100_00594,./data/audio_clean/libri100_00594.wav,4681,ok
libri100_02590,./data/audio_clean/libri100_02590.wav,4682,ok
libri360_00745,./data/audio_clean/libri360_00745.wav,4683,ok
libri100_02457,./data/audio_clean/libri100_02457.wav,4684,ok
libri100_01072,./data/audio_clean/libri100_01072.wav,4685,ok
libri360_00242,./data/audio_clean/libri360_00242.wav,4686,ok
libri100_02175,./data/audio_clean/libri100_02175.wav,4687,ok
libri100_01955,./data/audio_clean/libri100_01955.wav,4688,ok
libri100_02573,./data/audio_clean/libri100_02573.wav,4689,ok
libri100_01673,./data/audio_clean/libri100_01673.wav,4690,ok
libri100_02136,./data/audio_clean/libri100_02136.wav,4691,ok
libri100_02591,./data/audio_clean/libri100_02591.wav,4692,ok
libri360_01282,./data/audio_clean/libri360_01282.wav,4693,ok
libri360_01630,./data/audio_clean/libri360_01630.wav,4694,ok
libri360_00434,./data/audio_clean/libri360_00434.wav,4695,ok
libri100_00671,./data/audio_clean/libri100_00671.wav,4696,ok
libri100_00325,./data/audio_clean/libri100_00325.wav,4697,ok
libri100_02016,./data/audio_clean/libri100_02016.wav,4698,ok
libri360_01666,./data/audio_clean/libri360_01666.wav,4699,ok
libri100_00982,./data/audio_clean/libri100_00982.wav,4700,ok
libri360_00307,./data/audio_clean/libri360_00307.wav,4701,ok
libri100_01926,./data/audio_clean/libri100_01926.wav,4702,ok
libri100_00556,./data/audio_clean/libri100_00556.wav,4703,ok
libri100_00561,./data/audio_clean/libri100_00561.wav,4704,ok
libri100_01522,./data/audio_clean/libri100_01522.wav,4705,ok
libri100_00656,./data/audio_clean/libri100_00656.wav,4706,ok
libri360_01160,./data/audio_clean/libri360_01160.wav,4707,ok
libri100_00465,./data/audio_clean/libri100_00465.wav,4708,ok
libri100_01289,./data/audio_clean/libri100_01289.wav,4709,ok
libri360_01350,./data/audio_clean/libri360_01350.wav,4710,ok
libri360_01119,./data/audio_clean/libri360_01119.wav,4711,ok
libri360_00905,./data/audio_clean/libri360_00905.wav,4712,ok
libri100_00410,./data/audio_clean/libri100_00410.wav,4713,ok
libri100_00468,./data/audio_clean/libri100_00468.wav,4714,ok
libri100_02569,./data/audio_clean/libri100_02569.wav,4715,ok
libri100_00499,./data/audio_clean/libri100_00499.wav,4716,ok
libri360_01441,./data/audio_clean/libri360_01441.wav,4717,ok
libri100_00479,./data/audio_clean/libri100_00479.wav,4718,ok
libri100_01783,./data/audio_clean/libri100_01783.wav,4719,ok
libri100_02430,./data/audio_clean/libri100_02430.wav,4720,ok
libri100_01555,./data/audio_clean/libri100_01555.wav,4721,ok
libri100_01268,./data/audio_clean/libri100_01268.wav,4722,ok
libri360_00986,./data/audio_clean/libri360_00986.wav,4723,ok
libri360_01552,./data/audio_clean/libri360_01552.wav,4724,ok
libri360_00465,./data/audio_clean/libri360_00465.wav,4725,ok
libri100_02336,./data/audio_clean/libri100_02336.wav,4726,ok
libri360_00727,./data/audio_clean/libri360_00727.wav,4727,ok
libri100_02172,./data/audio_clean/libri100_02172.wav,4728,ok
libri360_00198,./data/audio_clean/libri360_00198.wav,4729,ok
libri100_00017,./data/audio_clean/libri100_00017.wav,4730,ok
libri360_00104,./data/audio_clean/libri360_00104.wav,4731,ok
libri100_01348,./data/audio_clean/libri100_01348.wav,4732,ok
libri100_00480,./data/audio_clean/libri100_00480.wav,4733,ok
libri360_00285,./data/audio_clean/libri360_00285.wav,4734,ok
libri100_01751,./data/audio_clean/libri100_01751.wav,4735,ok
libri360_00943,./data/audio_clean/libri360_00943.wav,4736,ok
libri360_00978,./data/audio_clean/libri360_00978.wav,4737,ok
libri360_00329,./data/audio_clean/libri360_00329.wav,4738,ok
libri100_01362,./data/audio_clean/libri100_01362.wav,4739,ok
libri100_01936,./data/audio_clean/libri100_01936.wav,4740,ok
libri100_00764,./data/audio_clean/libri100_00764.wav,4741,ok
libri100_00120,./data/audio_clean/libri100_00120.wav,4742,ok
libri360_01428,./data/audio_clean/libri360_01428.wav,4743,ok
libri100_00414,./data/audio_clean/libri100_00414.wav,4744,ok
libri100_00802,./data/audio_clean/libri100_00802.wav,4745,ok
libri360_01508,./data/audio_clean/libri360_01508.wav,4746,ok
libri360_00630,./data/audio_clean/libri360_00630.wav,4747,ok
libri100_00617,./data/audio_clean/libri100_00617.wav,4748,ok
libri100_02046,./data/audio_clean/libri100_02046.wav,4749,ok
libri360_00789,./data/audio_clean/libri360_00789.wav,4750,ok
libri360_01799,./data/audio_clean/libri360_01799.wav,4751,ok
libri100_01503,./data/audio_clean/libri100_01503.wav,4752,ok
libri360_01989,./data/audio_clean/libri360_01989.wav,4753,ok
libri100_01148,./data/audio_clean/libri100_01148.wav,4754,ok
libri360_00675,./data/audio_clean/libri360_00675.wav,4755,ok
libri360_01393,./data/audio_clean/libri360_01393.wav,4756,ok
libri100_01558,./data/audio_clean/libri100_01558.wav,4757,ok
libri100_01569,./data/audio_clean/libri100_01569.wav,4758,ok
libri100_02036,./data/audio_clean/libri100_02036.wav,4759,ok
libri100_00895,./data/audio_clean/libri100_00895.wav,4760,ok
libri100_02779,./data/audio_clean/libri100_02779.wav,4761,ok
libri360_00298,./data/audio_clean/libri360_00298.wav,4762,ok
libri100_00496,./data/audio_clean/libri100_00496.wav,4763,ok
libri100_00806,./data/audio_clean/libri100_00806.wav,4764,ok
libri100_00443,./data/audio_clean/libri100_00443.wav,4765,ok
libri360_00825,./data/audio_clean/libri360_00825.wav,4766,ok
libri360_00367,./data/audio_clean/libri360_00367.wav,4767,ok
libri360_00469,./data/audio_clean/libri360_00469.wav,4768,ok
libri100_02902,./data/audio_clean/libri100_02902.wav,4769,ok
libri360_00531,./data/audio_clean/libri360_00531.wav,4770,ok
libri100_00794,./data/audio_clean/libri100_00794.wav,4771,ok
libri100_00772,./data/audio_clean/libri100_00772.wav,4772,ok
libri100_01559,./data/audio_clean/libri100_01559.wav,4773,ok
libri360_00334,./data/audio_clean/libri360_00334.wav,4774,ok
libri360_00874,./data/audio_clean/libri360_00874.wav,4775,ok
libri100_01990,./data/audio_clean/libri100_01990.wav,4776,ok
libri360_00872,./data/audio_clean/libri360_00872.wav,4777,ok
libri360_01720,./data/audio_clean/libri360_01720.wav,4778,ok
libri360_01677,./data/audio_clean/libri360_01677.wav,4779,ok
libri100_01083,./data/audio_clean/libri100_01083.wav,4780,ok
libri360_01826,./data/audio_clean/libri360_01826.wav,4781,ok
libri100_01755,./data/audio_clean/libri100_01755.wav,4782,ok
libri360_00976,./data/audio_clean/libri360_00976.wav,4783,ok
libri100_02281,./data/audio_clean/libri100_02281.wav,4784,ok
libri100_01949,./data/audio_clean/libri100_01949.wav,4785,ok
libri360_01211,./data/audio_clean/libri360_01211.wav,4786,ok
libri100_00580,./data/audio_clean/libri100_00580.wav,4787,ok
libri100_02706,./data/audio_clean/libri100_02706.wav,4788,ok
libri100_00257,./data/audio_clean/libri100_00257.wav,4789,ok
libri100_00552,./data/audio_clean/libri100_00552.wav,4790,ok
libri100_01875,./data/audio_clean/libri100_01875.wav,4791,ok
libri100_00482,./data/audio_clean/libri100_00482.wav,4792,ok
libri100_00581,./data/audio_clean/libri100_00581.wav,4793,ok
libri100_00058,./data/audio_clean/libri100_00058.wav,4794,ok
libri100_01804,./data/audio_clean/libri100_01804.wav,4795,ok
libri100_01885,./data/audio_clean/libri100_01885.wav,4796,ok
libri360_01537,./data/audio_clean/libri360_01537.wav,4797,ok
libri100_00172,./data/audio_clean/libri100_00172.wav,4798,ok
libri100_02769,./data/audio_clean/libri100_02769.wav,4799,ok
libri100_00524,./data/audio_clean/libri100_00524.wav,4800,ok
libri100_01840,./data/audio_clean/libri100_01840.wav,4801,ok
libri100_02030,./data/audio_clean/libri100_02030.wav,4802,ok
libri100_00991,./data/audio_clean/libri100_00991.wav,4803,ok
libri360_00698,./data/audio_clean/libri360_00698.wav,4804,ok
libri360_01239,./data/audio_clean/libri360_01239.wav,4805,ok
libri360_00588,./data/audio_clean/libri360_00588.wav,4806,ok
libri360_00059,./data/audio_clean/libri360_00059.wav,4807,ok
libri360_00268,./data/audio_clean/libri360_00268.wav,4808,ok
libri100_02553,./data/audio_clean/libri100_02553.wav,4809,ok
libri100_01647,./data/audio_clean/libri100_01647.wav,4810,ok
libri360_01417,./data/audio_clean/libri360_01417.wav,4811,ok
libri100_01735,./data/audio_clean/libri100_01735.wav,4812,ok
libri360_00466,./data/audio_clean/libri360_00466.wav,4813,ok
libri360_01322,./data/audio_clean/libri360_01322.wav,4814,ok
libri100_02171,./data/audio_clean/libri100_02171.wav,4815,ok
libri100_01352,./data/audio_clean/libri100_01352.wav,4816,ok
libri360_01503,./data/audio_clean/libri360_01503.wav,4817,ok
libri360_00893,./data/audio_clean/libri360_00893.wav,4818,ok
libri100_01051,./data/audio_clean/libri100_01051.wav,4819,ok
libri100_01030,./data/audio_clean/libri100_01030.wav,4820,ok
libri360_01363,./data/audio_clean/libri360_01363.wav,4821,ok
libri100_00566,./data/audio_clean/libri100_00566.wav,4822,ok
libri360_00981,./data/audio_clean/libri360_00981.wav,4823,ok
libri100_00701,./data/audio_clean/libri100_00701.wav,4824,ok
libri360_01951,./data/audio_clean/libri360_01951.wav,4825,ok
libri360_01647,./data/audio_clean/libri360_01647.wav,4826,ok
libri100_01973,./data/audio_clean/libri100_01973.wav,4827,ok
libri100_00474,./data/audio_clean/libri100_00474.wav,4828,ok
libri100_01961,./data/audio_clean/libri100_01961.wav,4829,ok
libri100_02519,./data/audio_clean/libri100_02519.wav,4830,ok
libri100_02973,./data/audio_clean/libri100_02973.wav,4831,ok
libri100_00916,./data/audio_clean/libri100_00916.wav,4832,ok
libri100_00159,./data/audio_clean/libri100_00159.wav,4833,ok
libri360_01002,./data/audio_clean/libri360_01002.wav,4834,ok
libri100_02655,./data/audio_clean/libri100_02655.wav,4835,ok
libri100_00004,./data/audio_clean/libri100_00004.wav,4836,ok
libri360_01344,./data/audio_clean/libri360_01344.wav,4837,ok
libri360_01418,./data/audio_clean/libri360_01418.wav,4838,ok
libri100_01323,./data/audio_clean/libri100_01323.wav,4839,ok
libri360_00063,./data/audio_clean/libri360_00063.wav,4840,ok
libri360_01885,./data/audio_clean/libri360_01885.wav,4841,ok
libri100_01629,./data/audio_clean/libri100_01629.wav,4842,ok
libri360_01861,./data/audio_clean/libri360_01861.wav,4843,ok
libri100_02444,./data/audio_clean/libri100_02444.wav,4844,ok
libri100_00871,./data/audio_clean/libri100_00871.wav,4845,ok
libri360_01158,./data/audio_clean/libri360_01158.wav,4846,ok
libri100_01463,./data/audio_clean/libri100_01463.wav,4847,ok
libri360_01100,./data/audio_clean/libri360_01100.wav,4848,ok
libri100_02157,./data/audio_clean/libri100_02157.wav,4849,ok
libri100_00026,./data/audio_clean/libri100_00026.wav,4850,ok
libri360_00716,./data/audio_clean/libri360_00716.wav,4851,ok
libri100_01295,./data/audio_clean/libri100_01295.wav,4852,ok
libri360_00561,./data/audio_clean/libri360_00561.wav,4853,ok
libri100_02404,./data/audio_clean/libri100_02404.wav,4854,ok
libri100_00913,./data/audio_clean/libri100_00913.wav,4855,ok
libri100_02786,./data/audio_clean/libri100_02786.wav,4856,ok
libri100_02185,./data/audio_clean/libri100_02185.wav,4857,ok
libri360_01398,./data/audio_clean/libri360_01398.wav,4858,ok
libri100_00938,./data/audio_clean/libri100_00938.wav,4859,ok
libri100_00094,./data/audio_clean/libri100_00094.wav,4860,ok
libri360_01532,./data/audio_clean/libri360_01532.wav,4861,ok
libri100_02059,./data/audio_clean/libri100_02059.wav,4862,ok
libri360_01334,./data/audio_clean/libri360_01334.wav,4863,ok
libri360_00834,./data/audio_clean/libri360_00834.wav,4864,ok
libri360_00126,./data/audio_clean/libri360_00126.wav,4865,ok
libri360_00152,./data/audio_clean/libri360_00152.wav,4866,ok
libri100_00520,./data/audio_clean/libri100_00520.wav,4867,ok
libri360_00458,./data/audio_clean/libri360_00458.wav,4868,ok
libri100_01310,./data/audio_clean/libri100_01310.wav,4869,ok
libri100_01252,./data/audio_clean/libri100_01252.wav,4870,ok
libri100_00898,./data/audio_clean/libri100_00898.wav,4871,ok
libri100_00385,./data/audio_clean/libri100_00385.wav,4872,ok
libri100_00744,./data/audio_clean/libri100_00744.wav,4873,ok
libri360_01042,./data/audio_clean/libri360_01042.wav,4874,ok
libri360_01174,./data/audio_clean/libri360_01174.wav,4875,ok
libri100_01133,./data/audio_clean/libri100_01133.wav,4876,ok
libri100_01796,./data/audio_clean/libri100_01796.wav,4877,ok
libri100_02965,./data/audio_clean/libri100_02965.wav,4878,ok
libri360_00271,./data/audio_clean/libri360_00271.wav,4879,ok
libri360_01780,./data/audio_clean/libri360_01780.wav,4880,ok
libri360_00509,./data/audio_clean/libri360_00509.wav,4881,ok
libri360_01788,./data/audio_clean/libri360_01788.wav,4882,ok
libri100_02152,./data/audio_clean/libri100_02152.wav,4883,ok
libri360_01415,./data/audio_clean/libri360_01415.wav,4884,ok
libri360_01598,./data/audio_clean/libri360_01598.wav,4885,ok
libri100_02020,./data/audio_clean/libri100_02020.wav,4886,ok
libri360_01994,./data/audio_clean/libri360_01994.wav,4887,ok
libri100_02169,./data/audio_clean/libri100_02169.wav,4888,ok
libri100_01170,./data/audio_clean/libri100_01170.wav,4889,ok
libri360_00758,./data/audio_clean/libri360_00758.wav,4890,ok
libri360_00241,./data/audio_clean/libri360_00241.wav,4891,ok
libri360_01089,./data/audio_clean/libri360_01089.wav,4892,ok
libri100_01741,./data/audio_clean/libri100_01741.wav,4893,ok
libri100_02577,./data/audio_clean/libri100_02577.wav,4894,ok
libri360_01646,./data/audio_clean/libri360_01646.wav,4895,ok
libri100_01728,./data/audio_clean/libri100_01728.wav,4896,ok
libri100_00542,./data/audio_clean/libri100_00542.wav,4897,ok
libri100_02193,./data/audio_clean/libri100_02193.wav,4898,ok
libri360_00286,./data/audio_clean/libri360_00286.wav,4899,ok
libri100_02584,./data/audio_clean/libri100_02584.wav,4900,ok
libri100_00262,./data/audio_clean/libri100_00262.wav,4901,ok
libri100_01876,./data/audio_clean/libri100_01876.wav,4902,ok
libri100_00458,./data/audio_clean/libri100_00458.wav,4903,ok
libri100_02656,./data/audio_clean/libri100_02656.wav,4904,ok
libri100_01799,./data/audio_clean/libri100_01799.wav,4905,ok
libri360_01562,./data/audio_clean/libri360_01562.wav,4906,ok
libri100_02211,./data/audio_clean/libri100_02211.wav,4907,ok
libri360_00108,./data/audio_clean/libri360_00108.wav,4908,ok
libri360_00786,./data/audio_clean/libri360_00786.wav,4909,ok
libri100_01338,./data/audio_clean/libri100_01338.wav,4910,ok
libri100_02005,./data/audio_clean/libri100_02005.wav,4911,ok
libri360_01375,./data/audio_clean/libri360_01375.wav,4912,ok
libri100_01401,./data/audio_clean/libri100_01401.wav,4913,ok
libri100_00584,./data/audio_clean/libri100_00584.wav,4914,ok
libri100_02187,./data/audio_clean/libri100_02187.wav,4915,ok
libri100_01716,./data/audio_clean/libri100_01716.wav,4916,ok
libri100_02910,./data/audio_clean/libri100_02910.wav,4917,ok
libri360_00032,./data/audio_clean/libri360_00032.wav,4918,ok
libri100_01332,./data/audio_clean/libri100_01332.wav,4919,ok
libri100_02988,./data/audio_clean/libri100_02988.wav,4920,ok
libri360_00714,./data/audio_clean/libri360_00714.wav,4921,ok
libri100_02277,./data/audio_clean/libri100_02277.wav,4922,ok
libri360_00113,./data/audio_clean/libri360_00113.wav,4923,ok
libri100_00827,./data/audio_clean/libri100_00827.wav,4924,ok
libri100_01907,./data/audio_clean/libri100_01907.wav,4925,ok
libri100_00653,./data/audio_clean/libri100_00653.wav,4926,ok
libri100_02370,./data/audio_clean/libri100_02370.wav,4927,ok
libri100_01866,./data/audio_clean/libri100_01866.wav,4928,ok
libri100_00375,./data/audio_clean/libri100_00375.wav,4929,ok
libri100_00569,./data/audio_clean/libri100_00569.wav,4930,ok
libri100_01575,./data/audio_clean/libri100_01575.wav,4931,ok
libri360_01729,./data/audio_clean/libri360_01729.wav,4932,ok
libri100_02962,./data/audio_clean/libri100_02962.wav,4933,ok
libri100_02401,./data/audio_clean/libri100_02401.wav,4934,ok
libri360_01522,./data/audio_clean/libri360_01522.wav,4935,ok
libri100_00645,./data/audio_clean/libri100_00645.wav,4936,ok
libri360_00100,./data/audio_clean/libri360_00100.wav,4937,ok
libri100_01022,./data/audio_clean/libri100_01022.wav,4938,ok
libri360_01392,./data/audio_clean/libri360_01392.wav,4939,ok
libri360_00763,./data/audio_clean/libri360_00763.wav,4940,ok
libri100_00355,./data/audio_clean/libri100_00355.wav,4941,ok
libri100_02166,./data/audio_clean/libri100_02166.wav,4942,ok
libri360_01945,./data/audio_clean/libri360_01945.wav,4943,ok
libri100_02817,./data/audio_clean/libri100_02817.wav,4944,ok
libri100_02940,./data/audio_clean/libri100_02940.wav,4945,ok
libri100_00792,./data/audio_clean/libri100_00792.wav,4946,ok
libri360_00112,./data/audio_clean/libri360_00112.wav,4947,ok
libri100_00759,./data/audio_clean/libri100_00759.wav,4948,ok
libri100_00837,./data/audio_clean/libri100_00837.wav,4949,ok
libri100_02757,./data/audio_clean/libri100_02757.wav,4950,ok
libri100_01763,./data/audio_clean/libri100_01763.wav,4951,ok
libri100_01273,./data/audio_clean/libri100_01273.wav,4952,ok
libri100_02276,./data/audio_clean/libri100_02276.wav,4953,ok
libri100_02787,./data/audio_clean/libri100_02787.wav,4954,ok
libri360_00462,./data/audio_clean/libri360_00462.wav,4955,ok
libri100_01307,./data/audio_clean/libri100_01307.wav,4956,ok
libri100_00053,./data/audio_clean/libri100_00053.wav,4957,ok
libri100_02278,./data/audio_clean/libri100_02278.wav,4958,ok
libri360_01827,./data/audio_clean/libri360_01827.wav,4959,ok
libri360_00679,./data/audio_clean/libri360_00679.wav,4960,ok
libri100_01805,./data/audio_clean/libri100_01805.wav,4961,ok
libri360_00436,./data/audio_clean/libri360_00436.wav,4962,ok
libri360_01464,./data/audio_clean/libri360_01464.wav,4963,ok
libri100_01628,./data/audio_clean/libri100_01628.wav,4964,ok
libri360_01597,./data/audio_clean/libri360_01597.wav,4965,ok
libri100_00217,./data/audio_clean/libri100_00217.wav,4966,ok
libri360_01931,./data/audio_clean/libri360_01931.wav,4967,ok
libri360_01139,./data/audio_clean/libri360_01139.wav,4968,ok
libri100_01905,./data/audio_clean/libri100_01905.wav,4969,ok
libri100_01791,./data/audio_clean/libri100_01791.wav,4970,ok
libri100_00767,./data/audio_clean/libri100_00767.wav,4971,ok
libri100_00244,./data/audio_clean/libri100_00244.wav,4972,ok
libri100_00260,./data/audio_clean/libri100_00260.wav,4973,ok
libri360_00456,./data/audio_clean/libri360_00456.wav,4974,ok
libri360_01837,./data/audio_clean/libri360_01837.wav,4975,ok
libri100_00712,./data/audio_clean/libri100_00712.wav,4976,ok
libri360_01467,./data/audio_clean/libri360_01467.wav,4977,ok
libri100_00839,./data/audio_clean/libri100_00839.wav,4978,ok
libri100_01143,./data/audio_clean/libri100_01143.wav,4979,ok
libri100_01828,./data/audio_clean/libri100_01828.wav,4980,ok
libri100_02006,./data/audio_clean/libri100_02006.wav,4981,ok
libri100_02253,./data/audio_clean/libri100_02253.wav,4982,ok
libri100_00204,./data/audio_clean/libri100_00204.wav,4983,ok
libri100_00912,./data/audio_clean/libri100_00912.wav,4984,ok
