chunk_id,embedding_index
doc00000_chunk000,0
doc00000_chunk001,1
doc00000_chunk002,2
doc00000_chunk003,3
doc00000_chunk004,4
doc00000_chunk005,5
doc00000_chunk006,6
doc00000_chunk007,7
doc00000_chunk008,8
doc00000_chunk009,9
doc00000_chunk010,10
doc00000_chunk011,11
doc00000_chunk012,12
doc00000_chunk013,13
doc00000_chunk014,14
doc00000_chunk015,15
doc00000_chunk016,16
doc00000_chunk017,17
doc00000_chunk018,18
doc00001_chunk000,19
doc00001_chunk001,20
doc00001_chunk002,21
doc00001_chunk003,22
doc00001_chunk004,23
doc00001_chunk005,24
doc00001_chunk006,25
doc00001_chunk007,26
doc00001_chunk008,27
doc00001_chunk009,28
doc00001_chunk010,29
doc00001_chunk011,30
doc00002_chunk000,31
doc00002_chunk001,32
doc00002_chunk002,33
doc00002_chunk003,34
doc00002_chunk004,35
doc00002_chunk005,36
doc00003_chunk000,37
doc00003_chunk001,38
doc00003_chunk002,39
doc00003_chunk003,40
doc00003_chunk004,41
doc00003_chunk005,42
doc00003_chunk006,43
doc00003_chunk007,44
doc00003_chunk008,45
doc00003_chunk009,46
doc00003_chunk010,47
doc00003_chunk011,48
doc00003_chunk012,49
doc00003_chunk013,50
doc00003_chunk014,51
doc00003_chunk015,52
doc00003_chunk016,53
doc00003_chunk017,54
doc00003_chunk018,55
doc00003_chunk019,56
doc00003_chunk020,57
doc00003_chunk021,58
doc00003_chunk022,59
doc00003_chunk023,60
doc00003_chunk024,61
doc00003_chunk025,62
doc00003_chunk026,63
doc00003_chunk027,64
doc00003_chunk028,65
doc00003_chunk029,66
doc00003_chunk030,67
doc00003_chunk031,68
doc00003_chunk032,69
doc00003_chunk033,70
doc00004_chunk000,71
doc00004_chunk001,72
doc00004_chunk002,73
doc00004_chunk003,74
doc00004_chunk004,75
doc00004_chunk005,76
doc00004_chunk006,77
doc00004_chunk007,78
doc00004_chunk008,79
doc00004_chunk009,80
doc00004_chunk010,81
doc00004_chunk011,82
doc00004_chunk012,83
doc00004_chunk013,84
doc00004_chunk014,85
doc00004_chunk015,86
doc00004_chunk016,87
doc00004_chunk017,88
doc00004_chunk018,89
doc00004_chunk019,90
doc00004_chunk020,91
doc00004_chunk021,92
doc00004_chunk022,93
doc00004_chunk023,94
doc00005_chunk000,95
doc00005_chunk001,96
doc00005_chunk002,97
doc00005_chunk003,98
doc00005_chunk004,99
doc00005_chunk005,100
doc00005_chunk006,101
doc00005_chunk007,102
doc00005_chunk008,103
doc00005_chunk009,104
doc00005_chunk010,105
doc00005_chunk011,106
doc00005_chunk012,107
doc00005_chunk013,108
doc00005_chunk014,109
doc00005_chunk015,110
doc00005_chunk016,111
doc00005_chunk017,112
doc00005_chunk018,113
doc00005_chunk019,114
doc00005_chunk020,115
doc00005_chunk021,116
doc00005_chunk022,117
doc00005_chunk023,118
doc00005_chunk024,119
doc00005_chunk025,120
doc00005_chunk026,121
doc00005_chunk027,122
doc00005_chunk028,123
doc00005_chunk029,124
doc00005_chunk030,125
doc00005_chunk031,126
doc00005_chunk032,127
doc00005_chunk033,128
doc00005_chunk034,129
doc00005_chunk035,130
doc00005_chunk036,131
doc00005_chunk037,132
doc00005_chunk038,133
doc00006_chunk000,134
doc00006_chunk001,135
doc00006_chunk002,136
doc00006_chunk003,137
doc00006_chunk004,138
doc00006_chunk005,139
doc00006_chunk006,140
doc00006_chunk007,141
doc00006_chunk008,142
doc00006_chunk009,143
doc00006_chunk010,144
doc00006_chunk011,145
doc00006_chunk012,146
doc00006_chunk013,147
doc00006_chunk014,148
doc00006_chunk015,149
doc00006_chunk016,150
doc00006_chunk017,151
doc00006_chunk018,152
doc00006_chunk019,153
doc00006_chunk020,154
doc00006_chunk021,155
doc00006_chunk022,156
doc00006_chunk023,157
doc00006_chunk024,158
doc00006_chunk025,159
doc00006_chunk026,160
doc00006_chunk027,161
doc00006_chunk028,162
doc00007_chunk000,163
doc00007_chunk001,164
doc00007_chunk002,165
doc00007_chunk003,166
doc00007_chunk004,167
doc00008_chunk000,168
doc00009_chunk000,169
doc00009_chunk001,170
doc00009_chunk002,171
doc00009_chunk003,172
doc00009_chunk004,173
doc00009_chunk005,174
doc00009_chunk006,175
doc00009_chunk007,176
doc00009_chunk008,177
doc00009_chunk009,178
doc00009_chunk010,179
doc00009_chunk011,180
doc00009_chunk012,181
doc00009_chunk013,182
doc00009_chunk014,183
doc00009_chunk015,184
doc00009_chunk016,185
doc00009_chunk017,186
doc00009_chunk018,187
doc00009_chunk019,188
doc00009_chunk020,189
doc00009_chunk021,190
doc00010_chunk000,191
doc00010_chunk001,192
doc00011_chunk000,193
doc00012_chunk000,194
doc00012_chunk001,195
doc00012_chunk002,196
doc00012_chunk003,197
doc00013_chunk000,198
doc00013_chunk001,199
doc00013_chunk002,200
doc00013_chunk003,201
doc00013_chunk004,202
doc00013_chunk005,203
doc00013_chunk006,204
doc00013_chunk007,205
doc00013_chunk008,206
doc00013_chunk009,207
doc00013_chunk010,208
doc00013_chunk011,209
doc00013_chunk012,210
doc00013_chunk013,211
doc00013_chunk014,212
doc00013_chunk015,213
doc00014_chunk000,214
doc00014_chunk001,215
doc00014_chunk002,216
doc00014_chunk003,217
doc00014_chunk004,218
doc00014_chunk005,219
doc00014_chunk006,220
doc00014_chunk007,221
doc00014_chunk008,222
doc00014_chunk009,223
doc00014_chunk010,224
doc00014_chunk011,225
doc00014_chunk012,226
doc00014_chunk013,227
doc00014_chunk014,228
doc00014_chunk015,229
doc00014_chunk016,230
doc00014_chunk017,231
doc00015_chunk000,232
doc00015_chunk001,233
doc00015_chunk002,234
doc00016_chunk000,235
doc00016_chunk001,236
doc00016_chunk002,237
doc00016_chunk003,238
doc00017_chunk000,239
doc00017_chunk001,240
doc00017_chunk002,241
doc00017_chunk003,242
doc00017_chunk004,243
doc00017_chunk005,244
doc00017_chunk006,245
doc00017_chunk007,246
doc00017_chunk008,247
doc00017_chunk009,248
doc00017_chunk010,249
doc00017_chunk011,250
doc00017_chunk012,251
doc00017_chunk013,252
doc00017_chunk014,253
doc00017_chunk015,254
doc00017_chunk016,255
doc00017_chunk017,256
doc00017_chunk018,257
doc00017_chunk019,258
doc00017_chunk020,259
doc00017_chunk021,260
doc00017_chunk022,261
doc00017_chunk023,262
doc00017_chunk024,263
doc00017_chunk025,264
doc00017_chunk026,265
doc00017_chunk027,266
doc00017_chunk028,267
doc00017_chunk029,268
doc00017_chunk030,269
doc00017_chunk031,270
doc00017_chunk032,271
doc00017_chunk033,272
doc00017_chunk034,273
doc00018_chunk000,274
doc00018_chunk001,275
doc00018_chunk002,276
doc00018_chunk003,277
doc00018_chunk004,278
doc00018_chunk005,279
doc00018_chunk006,280
doc00018_chunk007,281
doc00018_chunk008,282
doc00018_chunk009,283
doc00018_chunk010,284
doc00018_chunk011,285
doc00018_chunk012,286
doc00019_chunk000,287
doc00019_chunk001,288
doc00019_chunk002,289
doc00019_chunk003,290
doc00019_chunk004,291
doc00019_chunk005,292
doc00019_chunk006,293
doc00019_chunk007,294
doc00019_chunk008,295
doc00019_chunk009,296
doc00019_chunk010,297
doc00019_chunk011,298
doc00019_chunk012,299
doc00019_chunk013,300
doc00019_chunk014,301
doc00019_chunk015,302
doc00019_chunk016,303
doc00019_chunk017,304
doc00019_chunk018,305
doc00019_chunk019,306
doc00019_chunk020,307
doc00020_chunk000,308
doc00020_chunk001,309
doc00020_chunk002,310
doc00021_chunk000,311
doc00021_chunk001,312
doc00021_chunk002,313
doc00021_chunk003,314
doc00021_chunk004,315
doc00021_chunk005,316
doc00021_chunk006,317
doc00021_chunk007,318
doc00021_chunk008,319
doc00021_chunk009,320
doc00021_chunk010,321
doc00021_chunk011,322
doc00021_chunk012,323
doc00021_chunk013,324
doc00021_chunk014,325
doc00021_chunk015,326
doc00021_chunk016,327
doc00021_chunk017,328
doc00021_chunk018,329
doc00021_chunk019,330
doc00021_chunk020,331
doc00021_chunk021,332
doc00021_chunk022,333
doc00021_chunk023,334
doc00021_chunk024,335
doc00021_chunk025,336
doc00021_chunk026,337
doc00021_chunk027,338
doc00022_chunk000,339
doc00022_chunk001,340
doc00022_chunk002,341
doc00023_chunk000,342
doc00023_chunk001,343
doc00024_chunk000,344
doc00024_chunk001,345
doc00024_chunk002,346
doc00024_chunk003,347
doc00024_chunk004,348
doc00024_chunk005,349
doc00024_chunk006,350
doc00024_chunk007,351
doc00024_chunk008,352
doc00024_chunk009,353
doc00024_chunk010,354
doc00024_chunk011,355
doc00024_chunk012,356
doc00024_chunk013,357
doc00024_chunk014,358
doc00024_chunk015,359
doc00025_chunk000,360
doc00026_chunk000,361
doc00026_chunk001,362
doc00026_chunk002,363
doc00026_chunk003,364
doc00026_chunk004,365
doc00026_chunk005,366
doc00026_chunk006,367
doc00026_chunk007,368
doc00026_chunk008,369
doc00026_chunk009,370
doc00026_chunk010,371
doc00026_chunk011,372
doc00026_chunk012,373
doc00026_chunk013,374
doc00026_chunk014,375
doc00026_chunk015,376
doc00027_chunk000,377
doc00027_chunk001,378
doc00027_chunk002,379
doc00027_chunk003,380
doc00027_chunk004,381
doc00027_chunk005,382
doc00027_chunk006,383
doc00027_chunk007,384
doc00027_chunk008,385
doc00027_chunk009,386
doc00027_chunk010,387
doc00027_chunk011,388
doc00027_chunk012,389
doc00027_chunk013,390
doc00027_chunk014,391
doc00027_chunk015,392
doc00027_chunk016,393
doc00027_chunk017,394
doc00027_chunk018,395
doc00027_chunk019,396
doc00027_chunk020,397
doc00027_chunk021,398
doc00027_chunk022,399
doc00027_chunk023,400
doc00027_chunk024,401
doc00027_chunk025,402
doc00027_chunk026,403
doc00027_chunk027,404
doc00027_chunk028,405
doc00027_chunk029,406
doc00027_chunk030,407
doc00027_chunk031,408
doc00027_chunk032,409
doc00027_chunk033,410
doc00027_chunk034,411
doc00027_chunk035,412
doc00027_chunk036,413
doc00027_chunk037,414
doc00027_chunk038,415
doc00027_chunk039,416
doc00027_chunk040,417
doc00027_chunk041,418
doc00027_chunk042,419
doc00027_chunk043,420
doc00027_chunk044,421
doc00027_chunk045,422
doc00027_chunk046,423
doc00027_chunk047,424
doc00027_chunk048,425
doc00027_chunk049,426
doc00027_chunk050,427
doc00027_chunk051,428
doc00027_chunk052,429
doc00027_chunk053,430
doc00027_chunk054,431
doc00027_chunk055,432
doc00027_chunk056,433
doc00027_chunk057,434
doc00027_chunk058,435
doc00028_chunk000,436
doc00028_chunk001,437
doc00028_chunk002,438
doc00028_chunk003,439
doc00028_chunk004,440
doc00028_chunk005,441
doc00028_chunk006,442
doc00028_chunk007,443
doc00028_chunk008,444
doc00028_chunk009,445
doc00028_chunk010,446
doc00028_chunk011,447
doc00028_chunk012,448
doc00028_chunk013,449
doc00028_chunk014,450
doc00028_chunk015,451
doc00028_chunk016,452
doc00028_chunk017,453
doc00028_chunk018,454
doc00028_chunk019,455
doc00028_chunk020,456
doc00028_chunk021,457
doc00028_chunk022,458
doc00028_chunk023,459
doc00028_chunk024,460
doc00029_chunk000,461
doc00029_chunk001,462
doc00029_chunk002,463
doc00029_chunk003,464
doc00029_chunk004,465
doc00029_chunk005,466
doc00029_chunk006,467
doc00029_chunk007,468
doc00029_chunk008,469
doc00029_chunk009,470
doc00029_chunk010,471
doc00029_chunk011,472
doc00029_chunk012,473
doc00030_chunk000,474
doc00030_chunk001,475
doc00030_chunk002,476
doc00030_chunk003,477
doc00030_chunk004,478
doc00030_chunk005,479
doc00030_chunk006,480
doc00030_chunk007,481
doc00030_chunk008,482
doc00030_chunk009,483
doc00030_chunk010,484
doc00030_chunk011,485
doc00030_chunk012,486
doc00030_chunk013,487
doc00030_chunk014,488
doc00030_chunk015,489
doc00030_chunk016,490
doc00030_chunk017,491
doc00030_chunk018,492
doc00030_chunk019,493
doc00030_chunk020,494
doc00030_chunk021,495
doc00030_chunk022,496
doc00030_chunk023,497
doc00031_chunk000,498
doc00031_chunk001,499
doc00031_chunk002,500
doc00031_chunk003,501
doc00031_chunk004,502
doc00031_chunk005,503
doc00031_chunk006,504
doc00031_chunk007,505
doc00031_chunk008,506
doc00031_chunk009,507
doc00031_chunk010,508
doc00031_chunk011,509
doc00031_chunk012,510
doc00031_chunk013,511
doc00031_chunk014,512
doc00031_chunk015,513
doc00031_chunk016,514
doc00031_chunk017,515
doc00031_chunk018,516
doc00031_chunk019,517
doc00031_chunk020,518
doc00031_chunk021,519
doc00031_chunk022,520
doc00031_chunk023,521
doc00031_chunk024,522
doc00032_chunk000,523
doc00032_chunk001,524
doc00032_chunk002,525
doc00032_chunk003,526
doc00033_chunk000,527
doc00033_chunk001,528
doc00033_chunk002,529
doc00033_chunk003,530
doc00034_chunk000,531
doc00034_chunk001,532
doc00034_chunk002,533
doc00034_chunk003,534
doc00034_chunk004,535
doc00034_chunk005,536
doc00034_chunk006,537
doc00034_chunk007,538
doc00034_chunk008,539
doc00034_chunk009,540
doc00034_chunk010,541
doc00034_chunk011,542
doc00034_chunk012,543
doc00034_chunk013,544
doc00034_chunk014,545
doc00034_chunk015,546
doc00034_chunk016,547
doc00034_chunk017,548
doc00034_chunk018,549
doc00034_chunk019,550
doc00035_chunk000,551
doc00035_chunk001,552
doc00035_chunk002,553
doc00035_chunk003,554
doc00035_chunk004,555
doc00035_chunk005,556
doc00035_chunk006,557
doc00035_chunk007,558
doc00035_chunk008,559
doc00035_chunk009,560
doc00035_chunk010,561
doc00035_chunk011,562
doc00035_chunk012,563
doc00035_chunk013,564
doc00035_chunk014,565
doc00035_chunk015,566
doc00035_chunk016,567
doc00035_chunk017,568
doc00035_chunk018,569
doc00035_chunk019,570
doc00035_chunk020,571
doc00035_chunk021,572
doc00035_chunk022,573
doc00035_chunk023,574
doc00035_chunk024,575
doc00035_chunk025,576
doc00035_chunk026,577
doc00035_chunk027,578
doc00035_chunk028,579
doc00035_chunk029,580
doc00035_chunk030,581
doc00035_chunk031,582
doc00035_chunk032,583
doc00035_chunk033,584
doc00035_chunk034,585
doc00035_chunk035,586
doc00035_chunk036,587
doc00036_chunk000,588
doc00036_chunk001,589
doc00036_chunk002,590
doc00036_chunk003,591
doc00036_chunk004,592
doc00036_chunk005,593
doc00036_chunk006,594
doc00036_chunk007,595
doc00036_chunk008,596
doc00036_chunk009,597
doc00036_chunk010,598
doc00036_chunk011,599
doc00036_chunk012,600
doc00036_chunk013,601
doc00036_chunk014,602
doc00036_chunk015,603
doc00036_chunk016,604
doc00036_chunk017,605
doc00036_chunk018,606
doc00036_chunk019,607
doc00036_chunk020,608
doc00036_chunk021,609
doc00036_chunk022,610
doc00036_chunk023,611
doc00036_chunk024,612
doc00036_chunk025,613
doc00036_chunk026,614
doc00036_chunk027,615
doc00036_chunk028,616
doc00036_chunk029,617
doc00036_chunk030,618
doc00036_chunk031,619
doc00036_chunk032,620
doc00036_chunk033,621
doc00037_chunk000,622
doc00037_chunk001,623
doc00037_chunk002,624
doc00037_chunk003,625
doc00037_chunk004,626
doc00037_chunk005,627
doc00037_chunk006,628
doc00037_chunk007,629
doc00037_chunk008,630
doc00037_chunk009,631
doc00037_chunk010,632
doc00037_chunk011,633
doc00037_chunk012,634
doc00037_chunk013,635
doc00037_chunk014,636
doc00037_chunk015,637
doc00037_chunk016,638
doc00037_chunk017,639
doc00037_chunk018,640
doc00037_chunk019,641
doc00037_chunk020,642
doc00037_chunk021,643
doc00037_chunk022,644
doc00037_chunk023,645
doc00037_chunk024,646
doc00038_chunk000,647
doc00038_chunk001,648
doc00038_chunk002,649
doc00038_chunk003,650
doc00038_chunk004,651
doc00038_chunk005,652
doc00038_chunk006,653
doc00038_chunk007,654
doc00038_chunk008,655
doc00038_chunk009,656
doc00038_chunk010,657
doc00038_chunk011,658
doc00038_chunk012,659
doc00038_chunk013,660
doc00039_chunk000,661
doc00039_chunk001,662
doc00040_chunk000,663
doc00040_chunk001,664
doc00040_chunk002,665
doc00041_chunk000,666
doc00041_chunk001,667
doc00041_chunk002,668
doc00041_chunk003,669
doc00041_chunk004,670
doc00041_chunk005,671
doc00041_chunk006,672
doc00041_chunk007,673
doc00041_chunk008,674
doc00041_chunk009,675
doc00041_chunk010,676
doc00041_chunk011,677
doc00041_chunk012,678
doc00041_chunk013,679
doc00041_chunk014,680
doc00042_chunk000,681
doc00042_chunk001,682
doc00042_chunk002,683
doc00042_chunk003,684
doc00042_chunk004,685
doc00042_chunk005,686
doc00042_chunk006,687
doc00042_chunk007,688
doc00042_chunk008,689
doc00042_chunk009,690
doc00042_chunk010,691
doc00042_chunk011,692
doc00042_chunk012,693
doc00042_chunk013,694
doc00042_chunk014,695
doc00043_chunk000,696
doc00043_chunk001,697
doc00043_chunk002,698
doc00043_chunk003,699
doc00043_chunk004,700
doc00043_chunk005,701
doc00043_chunk006,702
doc00043_chunk007,703
doc00043_chunk008,704
doc00043_chunk009,705
doc00043_chunk010,706
doc00043_chunk011,707
doc00043_chunk012,708
doc00043_chunk013,709
doc00043_chunk014,710
doc00043_chunk015,711
doc00043_chunk016,712
doc00043_chunk017,713
doc00043_chunk018,714
doc00043_chunk019,715
doc00043_chunk020,716
doc00043_chunk021,717
doc00044_chunk000,718
doc00044_chunk001,719
doc00044_chunk002,720
doc00044_chunk003,721
doc00044_chunk004,722
doc00044_chunk005,723
doc00044_chunk006,724
doc00044_chunk007,725
doc00044_chunk008,726
doc00044_chunk009,727
doc00045_chunk000,728
doc00046_chunk000,729
doc00046_chunk001,730
doc00046_chunk002,731
doc00046_chunk003,732
doc00047_chunk000,733
doc00047_chunk001,734
doc00047_chunk002,735
doc00047_chunk003,736
doc00048_chunk000,737
doc00048_chunk001,738
doc00048_chunk002,739
doc00048_chunk003,740
doc00048_chunk004,741
doc00049_chunk000,742
doc00049_chunk001,743
doc00049_chunk002,744
doc00049_chunk003,745
doc00049_chunk004,746
doc00049_chunk005,747
doc00049_chunk006,748
doc00049_chunk007,749
doc00049_chunk008,750
doc00049_chunk009,751
doc00049_chunk010,752
doc00049_chunk011,753
doc00049_chunk012,754
doc00049_chunk013,755
doc00049_chunk014,756
doc00049_chunk015,757
doc00049_chunk016,758
doc00050_chunk000,759
doc00050_chunk001,760
doc00050_chunk002,761
doc00050_chunk003,762
doc00050_chunk004,763
doc00050_chunk005,764
doc00050_chunk006,765
doc00050_chunk007,766
doc00050_chunk008,767
doc00050_chunk009,768
doc00050_chunk010,769
doc00051_chunk000,770
doc00051_chunk001,771
doc00051_chunk002,772
doc00051_chunk003,773
doc00051_chunk004,774
doc00051_chunk005,775
doc00051_chunk006,776
doc00051_chunk007,777
doc00051_chunk008,778
doc00051_chunk009,779
doc00051_chunk010,780
doc00051_chunk011,781
doc00051_chunk012,782
doc00051_chunk013,783
doc00051_chunk014,784
doc00051_chunk015,785
doc00052_chunk000,786
doc00052_chunk001,787
doc00052_chunk002,788
doc00052_chunk003,789
doc00052_chunk004,790
doc00052_chunk005,791
doc00052_chunk006,792
doc00052_chunk007,793
doc00052_chunk008,794
doc00052_chunk009,795
doc00052_chunk010,796
doc00052_chunk011,797
doc00052_chunk012,798
doc00052_chunk013,799
doc00052_chunk014,800
doc00052_chunk015,801
doc00052_chunk016,802
doc00052_chunk017,803
doc00052_chunk018,804
doc00052_chunk019,805
doc00052_chunk020,806
doc00052_chunk021,807
doc00052_chunk022,808
doc00052_chunk023,809
doc00052_chunk024,810
doc00053_chunk000,811
doc00053_chunk001,812
doc00053_chunk002,813
doc00053_chunk003,814
doc00053_chunk004,815
doc00054_chunk000,816
doc00055_chunk000,817
doc00055_chunk001,818
doc00055_chunk002,819
doc00055_chunk003,820
doc00055_chunk004,821
doc00055_chunk005,822
doc00055_chunk006,823
doc00055_chunk007,824
doc00055_chunk008,825
doc00055_chunk009,826
doc00055_chunk010,827
doc00055_chunk011,828
doc00055_chunk012,829
doc00055_chunk013,830
doc00055_chunk014,831
doc00055_chunk015,832
doc00055_chunk016,833
doc00055_chunk017,834
doc00055_chunk018,835
doc00055_chunk019,836
doc00055_chunk020,837
doc00055_chunk021,838
doc00055_chunk022,839
doc00055_chunk023,840
doc00055_chunk024,841
doc00055_chunk025,842
doc00055_chunk026,843
doc00055_chunk027,844
doc00055_chunk028,845
doc00055_chunk029,846
doc00055_chunk030,847
doc00056_chunk000,848
doc00056_chunk001,849
doc00056_chunk002,850
doc00056_chunk003,851
doc00056_chunk004,852
doc00056_chunk005,853
doc00056_chunk006,854
doc00056_chunk007,855
doc00056_chunk008,856
doc00056_chunk009,857
doc00056_chunk010,858
doc00056_chunk011,859
doc00056_chunk012,860
doc00056_chunk013,861
doc00056_chunk014,862
doc00056_chunk015,863
doc00056_chunk016,864
doc00056_chunk017,865
doc00056_chunk018,866
doc00056_chunk019,867
doc00056_chunk020,868
doc00056_chunk021,869
doc00057_chunk000,870
doc00057_chunk001,871
doc00057_chunk002,872
doc00057_chunk003,873
doc00057_chunk004,874
doc00057_chunk005,875
doc00057_chunk006,876
doc00057_chunk007,877
doc00057_chunk008,878
doc00057_chunk009,879
doc00057_chunk010,880
doc00057_chunk011,881
doc00057_chunk012,882
doc00058_chunk000,883
doc00058_chunk001,884
doc00058_chunk002,885
doc00058_chunk003,886
doc00058_chunk004,887
doc00058_chunk005,888
doc00058_chunk006,889
doc00059_chunk000,890
doc00059_chunk001,891
doc00059_chunk002,892
doc00059_chunk003,893
doc00059_chunk004,894
doc00059_chunk005,895
doc00059_chunk006,896
doc00059_chunk007,897
doc00059_chunk008,898
doc00059_chunk009,899
doc00059_chunk010,900
doc00059_chunk011,901
doc00059_chunk012,902
doc00059_chunk013,903
doc00059_chunk014,904
doc00059_chunk015,905
doc00059_chunk016,906
doc00059_chunk017,907
doc00059_chunk018,908
doc00059_chunk019,909
doc00059_chunk020,910
doc00059_chunk021,911
doc00059_chunk022,912
doc00059_chunk023,913
doc00059_chunk024,914
doc00059_chunk025,915
doc00059_chunk026,916
doc00059_chunk027,917
doc00059_chunk028,918
doc00059_chunk029,919
doc00059_chunk030,920
doc00059_chunk031,921
doc00059_chunk032,922
doc00059_chunk033,923
doc00059_chunk034,924
doc00059_chunk035,925
doc00059_chunk036,926
doc00059_chunk037,927
doc00059_chunk038,928
doc00059_chunk039,929
doc00059_chunk040,930
doc00059_chunk041,931
doc00059_chunk042,932
doc00059_chunk043,933
doc00059_chunk044,934
doc00059_chunk045,935
doc00059_chunk046,936
doc00059_chunk047,937
doc00059_chunk048,938
doc00060_chunk000,939
doc00060_chunk001,940
doc00060_chunk002,941
doc00060_chunk003,942
doc00060_chunk004,943
doc00060_chunk005,944
doc00060_chunk006,945
doc00060_chunk007,946
doc00060_chunk008,947
doc00060_chunk009,948
doc00060_chunk010,949
doc00060_chunk011,950
doc00060_chunk012,951
doc00060_chunk013,952
doc00061_chunk000,953
doc00061_chunk001,954
doc00061_chunk002,955
doc00061_chunk003,956
doc00061_chunk004,957
doc00062_chunk000,958
doc00062_chunk001,959
doc00062_chunk002,960
doc00062_chunk003,961
doc00062_chunk004,962
doc00062_chunk005,963
doc00062_chunk006,964
doc00062_chunk007,965
doc00062_chunk008,966
doc00062_chunk009,967
doc00062_chunk010,968
doc00062_chunk011,969
doc00062_chunk012,970
doc00062_chunk013,971
doc00062_chunk014,972
doc00062_chunk015,973
doc00062_chunk016,974
doc00062_chunk017,975
doc00062_chunk018,976
doc00063_chunk000,977
doc00063_chunk001,978
doc00063_chunk002,979
doc00064_chunk000,980
doc00064_chunk001,981
doc00064_chunk002,982
doc00064_chunk003,983
doc00064_chunk004,984
doc00064_chunk005,985
doc00064_chunk006,986
doc00064_chunk007,987
doc00064_chunk008,988
doc00064_chunk009,989
doc00064_chunk010,990
doc00064_chunk011,991
doc00064_chunk012,992
doc00064_chunk013,993
doc00064_chunk014,994
doc00064_chunk015,995
doc00064_chunk016,996
doc00064_chunk017,997
doc00064_chunk018,998
doc00065_chunk000,999
doc00065_chunk001,1000
doc00065_chunk002,1001
doc00065_chunk003,1002
doc00065_chunk004,1003
doc00065_chunk005,1004
doc00065_chunk006,1005
doc00065_chunk007,1006
doc00065_chunk008,1007
doc00065_chunk009,1008
doc00065_chunk010,1009
doc00066_chunk000,1010
doc00066_chunk001,1011
doc00066_chunk002,1012
doc00067_chunk000,1013
doc00067_chunk001,1014
doc00067_chunk002,1015
doc00067_chunk003,1016
doc00068_chunk000,1017
doc00068_chunk001,1018
doc00068_chunk002,1019
doc00068_chunk003,1020
doc00068_chunk004,1021
doc00068_chunk005,1022
doc00068_chunk006,1023
doc00068_chunk007,1024
doc00068_chunk008,1025
doc00068_chunk009,1026
doc00068_chunk010,1027
doc00069_chunk000,1028
doc00069_chunk001,1029
doc00069_chunk002,1030
doc00069_chunk003,1031
doc00069_chunk004,1032
doc00069_chunk005,1033
doc00070_chunk000,1034
doc00070_chunk001,1035
doc00070_chunk002,1036
doc00070_chunk003,1037
doc00070_chunk004,1038
doc00070_chunk005,1039
doc00070_chunk006,1040
doc00071_chunk000,1041
doc00071_chunk001,1042
doc00072_chunk000,1043
doc00072_chunk001,1044
doc00072_chunk002,1045
doc00072_chunk003,1046
doc00072_chunk004,1047
doc00072_chunk005,1048
doc00072_chunk006,1049
doc00072_chunk007,1050
doc00072_chunk008,1051
doc00072_chunk009,1052
doc00072_chunk010,1053
doc00072_chunk011,1054
doc00072_chunk012,1055
doc00072_chunk013,1056
doc00072_chunk014,1057
doc00072_chunk015,1058
doc00072_chunk016,1059
doc00072_chunk017,1060
doc00072_chunk018,1061
doc00073_chunk000,1062
doc00073_chunk001,1063
doc00073_chunk002,1064
doc00073_chunk003,1065
doc00073_chunk004,1066
doc00073_chunk005,1067
doc00073_chunk006,1068
doc00073_chunk007,1069
doc00073_chunk008,1070
doc00073_chunk009,1071
doc00073_chunk010,1072
doc00073_chunk011,1073
doc00073_chunk012,1074
doc00073_chunk013,1075
doc00073_chunk014,1076
doc00073_chunk015,1077
doc00073_chunk016,1078
doc00073_chunk017,1079
doc00073_chunk018,1080
doc00073_chunk019,1081
doc00073_chunk020,1082
doc00073_chunk021,1083
doc00073_chunk022,1084
doc00073_chunk023,1085
doc00073_chunk024,1086
doc00073_chunk025,1087
doc00073_chunk026,1088
doc00073_chunk027,1089
doc00074_chunk000,1090
doc00074_chunk001,1091
doc00074_chunk002,1092
doc00074_chunk003,1093
doc00074_chunk004,1094
doc00074_chunk005,1095
doc00074_chunk006,1096
doc00074_chunk007,1097
doc00074_chunk008,1098
doc00074_chunk009,1099
doc00074_chunk010,1100
doc00074_chunk011,1101
doc00074_chunk012,1102
doc00074_chunk013,1103
doc00074_chunk014,1104
doc00074_chunk015,1105
doc00074_chunk016,1106
doc00074_chunk017,1107
doc00075_chunk000,1108
doc00075_chunk001,1109
doc00075_chunk002,1110
doc00075_chunk003,1111
doc00075_chunk004,1112
doc00075_chunk005,1113
doc00075_chunk006,1114
doc00075_chunk007,1115
doc00075_chunk008,1116
doc00075_chunk009,1117
doc00075_chunk010,1118
doc00075_chunk011,1119
doc00075_chunk012,1120
doc00075_chunk013,1121
doc00075_chunk014,1122
doc00075_chunk015,1123
doc00075_chunk016,1124
doc00075_chunk017,1125
doc00075_chunk018,1126
doc00075_chunk019,1127
doc00075_chunk020,1128
doc00075_chunk021,1129
doc00075_chunk022,1130
doc00075_chunk023,1131
doc00076_chunk000,1132
doc00076_chunk001,1133
doc00076_chunk002,1134
doc00076_chunk003,1135
doc00076_chunk004,1136
doc00076_chunk005,1137
doc00076_chunk006,1138
doc00076_chunk007,1139
doc00076_chunk008,1140
doc00076_chunk009,1141
doc00076_chunk010,1142
doc00076_chunk011,1143
doc00076_chunk012,1144
doc00076_chunk013,1145
doc00076_chunk014,1146
doc00076_chunk015,1147
doc00076_chunk016,1148
doc00076_chunk017,1149
doc00076_chunk018,1150
doc00076_chunk019,1151
doc00076_chunk020,1152
doc00076_chunk021,1153
doc00076_chunk022,1154
doc00076_chunk023,1155
doc00076_chunk024,1156
doc00076_chunk025,1157
doc00076_chunk026,1158
doc00076_chunk027,1159
doc00076_chunk028,1160
doc00076_chunk029,1161
doc00076_chunk030,1162
doc00076_chunk031,1163
doc00076_chunk032,1164
doc00076_chunk033,1165
doc00076_chunk034,1166
doc00076_chunk035,1167
doc00076_chunk036,1168
doc00076_chunk037,1169
doc00076_chunk038,1170
doc00076_chunk039,1171
doc00076_chunk040,1172
doc00077_chunk000,1173
doc00077_chunk001,1174
doc00077_chunk002,1175
doc00077_chunk003,1176
doc00077_chunk004,1177
doc00077_chunk005,1178
doc00077_chunk006,1179
doc00077_chunk007,1180
doc00077_chunk008,1181
doc00077_chunk009,1182
doc00077_chunk010,1183
doc00077_chunk011,1184
doc00077_chunk012,1185
doc00077_chunk013,1186
doc00077_chunk014,1187
doc00077_chunk015,1188
doc00077_chunk016,1189
doc00077_chunk017,1190
doc00077_chunk018,1191
doc00077_chunk019,1192
doc00077_chunk020,1193
doc00077_chunk021,1194
doc00077_chunk022,1195
doc00077_chunk023,1196
doc00077_chunk024,1197
doc00077_chunk025,1198
doc00077_chunk026,1199
doc00077_chunk027,1200
doc00078_chunk000,1201
doc00078_chunk001,1202
doc00078_chunk002,1203
doc00078_chunk003,1204
doc00078_chunk004,1205
doc00079_chunk000,1206
doc00079_chunk001,1207
doc00079_chunk002,1208
doc00079_chunk003,1209
doc00079_chunk004,1210
doc00080_chunk000,1211
doc00080_chunk001,1212
doc00080_chunk002,1213
doc00080_chunk003,1214
doc00080_chunk004,1215
doc00080_chunk005,1216
doc00080_chunk006,1217
doc00080_chunk007,1218
doc00081_chunk000,1219
doc00082_chunk000,1220
doc00082_chunk001,1221
doc00082_chunk002,1222
doc00082_chunk003,1223
doc00082_chunk004,1224
doc00082_chunk005,1225
doc00083_chunk000,1226
doc00084_chunk000,1227
doc00084_chunk001,1228
doc00084_chunk002,1229
doc00084_chunk003,1230
doc00084_chunk004,1231
doc00084_chunk005,1232
doc00084_chunk006,1233
doc00084_chunk007,1234
doc00084_chunk008,1235
doc00084_chunk009,1236
doc00084_chunk010,1237
doc00084_chunk011,1238
doc00084_chunk012,1239
doc00084_chunk013,1240
doc00084_chunk014,1241
doc00084_chunk015,1242
doc00084_chunk016,1243
doc00085_chunk000,1244
doc00085_chunk001,1245
doc00085_chunk002,1246
doc00085_chunk003,1247
doc00085_chunk004,1248
doc00085_chunk005,1249
doc00085_chunk006,1250
doc00085_chunk007,1251
doc00086_chunk000,1252
doc00086_chunk001,1253
doc00086_chunk002,1254
doc00086_chunk003,1255
doc00086_chunk004,1256
doc00086_chunk005,1257
doc00086_chunk006,1258
doc00086_chunk007,1259
doc00086_chunk008,1260
doc00086_chunk009,1261
doc00086_chunk010,1262
doc00086_chunk011,1263
doc00086_chunk012,1264
doc00086_chunk013,1265
doc00086_chunk014,1266
doc00086_chunk015,1267
doc00086_chunk016,1268
doc00086_chunk017,1269
doc00086_chunk018,1270
doc00086_chunk019,1271
doc00086_chunk020,1272
doc00086_chunk021,1273
doc00086_chunk022,1274
doc00086_chunk023,1275
doc00086_chunk024,1276
doc00086_chunk025,1277
doc00086_chunk026,1278
doc00086_chunk027,1279
doc00087_chunk000,1280
doc00087_chunk001,1281
doc00087_chunk002,1282
doc00088_chunk000,1283
doc00088_chunk001,1284
doc00088_chunk002,1285
doc00088_chunk003,1286
doc00088_chunk004,1287
doc00088_chunk005,1288
doc00088_chunk006,1289
doc00088_chunk007,1290
doc00088_chunk008,1291
doc00088_chunk009,1292
doc00089_chunk000,1293
doc00089_chunk001,1294
doc00089_chunk002,1295
doc00089_chunk003,1296
doc00089_chunk004,1297
doc00089_chunk005,1298
doc00089_chunk006,1299
doc00089_chunk007,1300
doc00089_chunk008,1301
doc00089_chunk009,1302
doc00089_chunk010,1303
doc00089_chunk011,1304
doc00089_chunk012,1305
doc00089_chunk013,1306
doc00089_chunk014,1307
doc00089_chunk015,1308
doc00089_chunk016,1309
doc00089_chunk017,1310
doc00089_chunk018,1311
doc00089_chunk019,1312
doc00089_chunk020,1313
doc00089_chunk021,1314
doc00089_chunk022,1315
doc00089_chunk023,1316
doc00089_chunk024,1317
doc00089_chunk025,1318
doc00089_chunk026,1319
doc00089_chunk027,1320
doc00089_chunk028,1321
doc00089_chunk029,1322
doc00089_chunk030,1323
doc00089_chunk031,1324
doc00089_chunk032,1325
doc00089_chunk033,1326
doc00089_chunk034,1327
doc00089_chunk035,1328
doc00090_chunk000,1329
doc00090_chunk001,1330
doc00090_chunk002,1331
doc00090_chunk003,1332
doc00090_chunk004,1333
doc00090_chunk005,1334
doc00090_chunk006,1335
doc00090_chunk007,1336
doc00090_chunk008,1337
doc00090_chunk009,1338
doc00090_chunk010,1339
doc00090_chunk011,1340
doc00090_chunk012,1341
doc00090_chunk013,1342
doc00090_chunk014,1343
doc00090_chunk015,1344
doc00090_chunk016,1345
doc00090_chunk017,1346
doc00090_chunk018,1347
doc00090_chunk019,1348
doc00090_chunk020,1349
doc00090_chunk021,1350
doc00090_chunk022,1351
doc00090_chunk023,1352
doc00090_chunk024,1353
doc00090_chunk025,1354
doc00090_chunk026,1355
doc00090_chunk027,1356
doc00090_chunk028,1357
doc00090_chunk029,1358
doc00090_chunk030,1359
doc00090_chunk031,1360
doc00090_chunk032,1361
doc00090_chunk033,1362
doc00090_chunk034,1363
doc00090_chunk035,1364
doc00090_chunk036,1365
doc00090_chunk037,1366
doc00090_chunk038,1367
doc00090_chunk039,1368
doc00091_chunk000,1369
doc00091_chunk001,1370
doc00091_chunk002,1371
doc00091_chunk003,1372
doc00091_chunk004,1373
doc00091_chunk005,1374
doc00091_chunk006,1375
doc00091_chunk007,1376
doc00091_chunk008,1377
doc00091_chunk009,1378
doc00091_chunk010,1379
doc00091_chunk011,1380
doc00091_chunk012,1381
doc00091_chunk013,1382
doc00091_chunk014,1383
doc00091_chunk015,1384
doc00091_chunk016,1385
doc00091_chunk017,1386
doc00091_chunk018,1387
doc00091_chunk019,1388
doc00091_chunk020,1389
doc00091_chunk021,1390
doc00091_chunk022,1391
doc00091_chunk023,1392
doc00091_chunk024,1393
doc00091_chunk025,1394
doc00091_chunk026,1395
doc00091_chunk027,1396
doc00091_chunk028,1397
doc00091_chunk029,1398
doc00091_chunk030,1399
doc00091_chunk031,1400
doc00091_chunk032,1401
doc00091_chunk033,1402
doc00091_chunk034,1403
doc00091_chunk035,1404
doc00091_chunk036,1405
doc00091_chunk037,1406
doc00091_chunk038,1407
doc00091_chunk039,1408
doc00092_chunk000,1409
doc00092_chunk001,1410
doc00092_chunk002,1411
doc00092_chunk003,1412
doc00092_chunk004,1413
doc00092_chunk005,1414
doc00092_chunk006,1415
doc00092_chunk007,1416
doc00092_chunk008,1417
doc00092_chunk009,1418
doc00093_chunk000,1419
doc00093_chunk001,1420
doc00093_chunk002,1421
doc00093_chunk003,1422
doc00093_chunk004,1423
doc00093_chunk005,1424
doc00093_chunk006,1425
doc00093_chunk007,1426
doc00093_chunk008,1427
doc00093_chunk009,1428
doc00093_chunk010,1429
doc00093_chunk011,1430
doc00093_chunk012,1431
doc00093_chunk013,1432
doc00093_chunk014,1433
doc00093_chunk015,1434
doc00093_chunk016,1435
doc00093_chunk017,1436
doc00093_chunk018,1437
doc00093_chunk019,1438
doc00093_chunk020,1439
doc00093_chunk021,1440
doc00093_chunk022,1441
doc00093_chunk023,1442
doc00093_chunk024,1443
doc00093_chunk025,1444
doc00093_chunk026,1445
doc00093_chunk027,1446
doc00093_chunk028,1447
doc00093_chunk029,1448
doc00093_chunk030,1449
doc00093_chunk031,1450
doc00093_chunk032,1451
doc00094_chunk000,1452
doc00094_chunk001,1453
doc00094_chunk002,1454
doc00094_chunk003,1455
doc00094_chunk004,1456
doc00094_chunk005,1457
doc00094_chunk006,1458
doc00094_chunk007,1459
doc00094_chunk008,1460
doc00094_chunk009,1461
doc00095_chunk000,1462
doc00095_chunk001,1463
doc00095_chunk002,1464
doc00095_chunk003,1465
doc00095_chunk004,1466
doc00095_chunk005,1467
doc00095_chunk006,1468
doc00095_chunk007,1469
doc00095_chunk008,1470
doc00095_chunk009,1471
doc00095_chunk010,1472
doc00095_chunk011,1473
doc00095_chunk012,1474
doc00096_chunk000,1475
doc00096_chunk001,1476
doc00096_chunk002,1477
doc00096_chunk003,1478
doc00096_chunk004,1479
doc00096_chunk005,1480
doc00096_chunk006,1481
doc00096_chunk007,1482
doc00096_chunk008,1483
doc00096_chunk009,1484
doc00096_chunk010,1485
doc00096_chunk011,1486
doc00096_chunk012,1487
doc00096_chunk013,1488
doc00096_chunk014,1489
doc00096_chunk015,1490
doc00096_chunk016,1491
doc00096_chunk017,1492
doc00096_chunk018,1493
doc00096_chunk019,1494
doc00096_chunk020,1495
doc00096_chunk021,1496
doc00096_chunk022,1497
doc00096_chunk023,1498
doc00096_chunk024,1499
doc00096_chunk025,1500
doc00096_chunk026,1501
doc00097_chunk000,1502
doc00097_chunk001,1503
doc00098_chunk000,1504
doc00098_chunk001,1505
doc00098_chunk002,1506
doc00098_chunk003,1507
doc00098_chunk004,1508
doc00098_chunk005,1509
doc00098_chunk006,1510
doc00098_chunk007,1511
doc00098_chunk008,1512
doc00098_chunk009,1513
doc00098_chunk010,1514
doc00098_chunk011,1515
doc00098_chunk012,1516
doc00098_chunk013,1517
doc00098_chunk014,1518
doc00098_chunk015,1519
doc00098_chunk016,1520
doc00098_chunk017,1521
doc00098_chunk018,1522
doc00098_chunk019,1523
doc00098_chunk020,1524
doc00098_chunk021,1525
doc00098_chunk022,1526
doc00098_chunk023,1527
doc00099_chunk000,1528
doc00100_chunk000,1529
doc00100_chunk001,1530
doc00100_chunk002,1531
doc00100_chunk003,1532
doc00100_chunk004,1533
doc00100_chunk005,1534
doc00100_chunk006,1535
doc00100_chunk007,1536
doc00100_chunk008,1537
doc00100_chunk009,1538
doc00100_chunk010,1539
doc00100_chunk011,1540
doc00100_chunk012,1541
doc00100_chunk013,1542
doc00100_chunk014,1543
doc00100_chunk015,1544
doc00100_chunk016,1545
doc00100_chunk017,1546
doc00100_chunk018,1547
doc00100_chunk019,1548
doc00100_chunk020,1549
doc00100_chunk021,1550
doc00100_chunk022,1551
doc00100_chunk023,1552
doc00100_chunk024,1553
doc00100_chunk025,1554
doc00100_chunk026,1555
doc00100_chunk027,1556
doc00100_chunk028,1557
doc00100_chunk029,1558
doc00100_chunk030,1559
doc00100_chunk031,1560
doc00100_chunk032,1561
doc00100_chunk033,1562
doc00100_chunk034,1563
doc00100_chunk035,1564
doc00100_chunk036,1565
doc00100_chunk037,1566
doc00100_chunk038,1567
doc00100_chunk039,1568
doc00100_chunk040,1569
doc00100_chunk041,1570
doc00100_chunk042,1571
doc00100_chunk043,1572
doc00100_chunk044,1573
doc00100_chunk045,1574
doc00101_chunk000,1575
doc00101_chunk001,1576
doc00101_chunk002,1577
doc00102_chunk000,1578
doc00102_chunk001,1579
doc00102_chunk002,1580
doc00102_chunk003,1581
doc00102_chunk004,1582
doc00102_chunk005,1583
doc00102_chunk006,1584
doc00102_chunk007,1585
doc00102_chunk008,1586
doc00102_chunk009,1587
doc00102_chunk010,1588
doc00102_chunk011,1589
doc00102_chunk012,1590
doc00102_chunk013,1591
doc00102_chunk014,1592
doc00102_chunk015,1593
doc00102_chunk016,1594
doc00102_chunk017,1595
doc00102_chunk018,1596
doc00102_chunk019,1597
doc00102_chunk020,1598
doc00102_chunk021,1599
doc00102_chunk022,1600
doc00102_chunk023,1601
doc00102_chunk024,1602
doc00102_chunk025,1603
doc00102_chunk026,1604
doc00102_chunk027,1605
doc00102_chunk028,1606
doc00102_chunk029,1607
doc00102_chunk030,1608
doc00102_chunk031,1609
doc00102_chunk032,1610
doc00102_chunk033,1611
doc00103_chunk000,1612
doc00103_chunk001,1613
doc00104_chunk000,1614
doc00104_chunk001,1615
doc00104_chunk002,1616
doc00104_chunk003,1617
doc00104_chunk004,1618
doc00105_chunk000,1619
doc00105_chunk001,1620
doc00105_chunk002,1621
doc00105_chunk003,1622
doc00105_chunk004,1623
doc00105_chunk005,1624
doc00105_chunk006,1625
doc00105_chunk007,1626
doc00105_chunk008,1627
doc00105_chunk009,1628
doc00105_chunk010,1629
doc00105_chunk011,1630
doc00105_chunk012,1631
doc00106_chunk000,1632
doc00106_chunk001,1633
doc00106_chunk002,1634
doc00106_chunk003,1635
doc00106_chunk004,1636
doc00106_chunk005,1637
doc00106_chunk006,1638
doc00106_chunk007,1639
doc00106_chunk008,1640
doc00106_chunk009,1641
doc00106_chunk010,1642
doc00106_chunk011,1643
doc00106_chunk012,1644
doc00106_chunk013,1645
doc00106_chunk014,1646
doc00106_chunk015,1647
doc00106_chunk016,1648
doc00106_chunk017,1649
doc00106_chunk018,1650
doc00106_chunk019,1651
doc00106_chunk020,1652
doc00106_chunk021,1653
doc00106_chunk022,1654
doc00106_chunk023,1655
doc00106_chunk024,1656
doc00106_chunk025,1657
doc00106_chunk026,1658
doc00106_chunk027,1659
doc00106_chunk028,1660
doc00106_chunk029,1661
doc00106_chunk030,1662
doc00106_chunk031,1663
doc00106_chunk032,1664
doc00106_chunk033,1665
doc00106_chunk034,1666
doc00106_chunk035,1667
doc00106_chunk036,1668
doc00106_chunk037,1669
doc00106_chunk038,1670
doc00106_chunk039,1671
doc00107_chunk000,1672
doc00107_chunk001,1673
doc00107_chunk002,1674
doc00107_chunk003,1675
doc00107_chunk004,1676
doc00108_chunk000,1677
doc00108_chunk001,1678
doc00108_chunk002,1679
doc00108_chunk003,1680
doc00108_chunk004,1681
doc00108_chunk005,1682
doc00108_chunk006,1683
doc00108_chunk007,1684
doc00108_chunk008,1685
doc00109_chunk000,1686
doc00109_chunk001,1687
doc00109_chunk002,1688
doc00109_chunk003,1689
doc00109_chunk004,1690
doc00109_chunk005,1691
doc00109_chunk006,1692
doc00109_chunk007,1693
doc00109_chunk008,1694
doc00109_chunk009,1695
doc00109_chunk010,1696
doc00109_chunk011,1697
doc00109_chunk012,1698
doc00109_chunk013,1699
doc00109_chunk014,1700
doc00109_chunk015,1701
doc00110_chunk000,1702
doc00110_chunk001,1703
doc00110_chunk002,1704
doc00111_chunk000,1705
doc00111_chunk001,1706
doc00112_chunk000,1707
doc00112_chunk001,1708
doc00112_chunk002,1709
doc00113_chunk000,1710
doc00113_chunk001,1711
doc00113_chunk002,1712
doc00113_chunk003,1713
doc00113_chunk004,1714
doc00113_chunk005,1715
doc00113_chunk006,1716
doc00113_chunk007,1717
doc00113_chunk008,1718
doc00113_chunk009,1719
doc00113_chunk010,1720
doc00113_chunk011,1721
doc00113_chunk012,1722
doc00113_chunk013,1723
doc00113_chunk014,1724
doc00113_chunk015,1725
doc00113_chunk016,1726
doc00113_chunk017,1727
doc00113_chunk018,1728
doc00113_chunk019,1729
doc00113_chunk020,1730
doc00113_chunk021,1731
doc00113_chunk022,1732
doc00113_chunk023,1733
doc00113_chunk024,1734
doc00113_chunk025,1735
doc00113_chunk026,1736
doc00113_chunk027,1737
doc00114_chunk000,1738
doc00115_chunk000,1739
doc00115_chunk001,1740
doc00115_chunk002,1741
doc00115_chunk003,1742
doc00116_chunk000,1743
doc00116_chunk001,1744
doc00116_chunk002,1745
doc00116_chunk003,1746
doc00116_chunk004,1747
doc00116_chunk005,1748
doc00116_chunk006,1749
doc00116_chunk007,1750
doc00116_chunk008,1751
doc00116_chunk009,1752
doc00116_chunk010,1753
doc00116_chunk011,1754
doc00117_chunk000,1755
doc00117_chunk001,1756
doc00117_chunk002,1757
doc00117_chunk003,1758
doc00117_chunk004,1759
doc00117_chunk005,1760
doc00117_chunk006,1761
doc00117_chunk007,1762
doc00117_chunk008,1763
doc00118_chunk000,1764
doc00118_chunk001,1765
doc00118_chunk002,1766
doc00118_chunk003,1767
doc00118_chunk004,1768
doc00118_chunk005,1769
doc00118_chunk006,1770
doc00118_chunk007,1771
doc00118_chunk008,1772
doc00118_chunk009,1773
doc00118_chunk010,1774
doc00118_chunk011,1775
doc00118_chunk012,1776
doc00118_chunk013,1777
doc00118_chunk014,1778
doc00118_chunk015,1779
doc00118_chunk016,1780
doc00118_chunk017,1781
doc00118_chunk018,1782
doc00119_chunk000,1783
doc00119_chunk001,1784
doc00119_chunk002,1785
doc00119_chunk003,1786
doc00119_chunk004,1787
doc00119_chunk005,1788
doc00119_chunk006,1789
doc00119_chunk007,1790
doc00119_chunk008,1791
doc00119_chunk009,1792
doc00119_chunk010,1793
doc00119_chunk011,1794
doc00119_chunk012,1795
doc00119_chunk013,1796
doc00119_chunk014,1797
doc00119_chunk015,1798
doc00119_chunk016,1799
doc00119_chunk017,1800
doc00119_chunk018,1801
doc00119_chunk019,1802
doc00119_chunk020,1803
doc00119_chunk021,1804
doc00119_chunk022,1805
doc00119_chunk023,1806
doc00119_chunk024,1807
doc00119_chunk025,1808
doc00119_chunk026,1809
doc00119_chunk027,1810
doc00120_chunk000,1811
doc00120_chunk001,1812
doc00120_chunk002,1813
doc00120_chunk003,1814
doc00120_chunk004,1815
doc00120_chunk005,1816
doc00120_chunk006,1817
doc00120_chunk007,1818
doc00120_chunk008,1819
doc00120_chunk009,1820
doc00120_chunk010,1821
doc00120_chunk011,1822
doc00120_chunk012,1823
doc00120_chunk013,1824
doc00120_chunk014,1825
doc00120_chunk015,1826
doc00120_chunk016,1827
doc00120_chunk017,1828
doc00120_chunk018,1829
doc00120_chunk019,1830
doc00120_chunk020,1831
doc00120_chunk021,1832
doc00120_chunk022,1833
doc00120_chunk023,1834
doc00120_chunk024,1835
doc00120_chunk025,1836
doc00120_chunk026,1837
doc00120_chunk027,1838
doc00120_chunk028,1839
doc00120_chunk029,1840
doc00120_chunk030,1841
doc00120_chunk031,1842
doc00120_chunk032,1843
doc00120_chunk033,1844
doc00120_chunk034,1845
doc00120_chunk035,1846
doc00120_chunk036,1847
doc00120_chunk037,1848
doc00120_chunk038,1849
doc00120_chunk039,1850
doc00120_chunk040,1851
doc00120_chunk041,1852
doc00121_chunk000,1853
doc00121_chunk001,1854
doc00121_chunk002,1855
doc00121_chunk003,1856
doc00121_chunk004,1857
doc00121_chunk005,1858
doc00121_chunk006,1859
doc00121_chunk007,1860
doc00121_chunk008,1861
doc00121_chunk009,1862
doc00121_chunk010,1863
doc00121_chunk011,1864
doc00121_chunk012,1865
doc00121_chunk013,1866
doc00121_chunk014,1867
doc00121_chunk015,1868
doc00121_chunk016,1869
doc00121_chunk017,1870
doc00121_chunk018,1871
doc00121_chunk019,1872
doc00121_chunk020,1873
doc00121_chunk021,1874
doc00121_chunk022,1875
doc00121_chunk023,1876
doc00121_chunk024,1877
doc00121_chunk025,1878
doc00121_chunk026,1879
doc00121_chunk027,1880
doc00121_chunk028,1881
doc00121_chunk029,1882
doc00121_chunk030,1883
doc00121_chunk031,1884
doc00121_chunk032,1885
doc00121_chunk033,1886
doc00121_chunk034,1887
doc00122_chunk000,1888
doc00122_chunk001,1889
doc00123_chunk000,1890
doc00123_chunk001,1891
doc00123_chunk002,1892
doc00123_chunk003,1893
doc00123_chunk004,1894
doc00123_chunk005,1895
doc00123_chunk006,1896
doc00123_chunk007,1897
doc00123_chunk008,1898
doc00123_chunk009,1899
doc00123_chunk010,1900
doc00123_chunk011,1901
doc00123_chunk012,1902
doc00123_chunk013,1903
doc00123_chunk014,1904
doc00123_chunk015,1905
doc00124_chunk000,1906
doc00124_chunk001,1907
doc00124_chunk002,1908
doc00124_chunk003,1909
doc00124_chunk004,1910
doc00124_chunk005,1911
doc00125_chunk000,1912
doc00125_chunk001,1913
doc00125_chunk002,1914
doc00125_chunk003,1915
doc00125_chunk004,1916
doc00125_chunk005,1917
doc00125_chunk006,1918
doc00125_chunk007,1919
doc00125_chunk008,1920
doc00125_chunk009,1921
doc00125_chunk010,1922
doc00125_chunk011,1923
doc00125_chunk012,1924
doc00125_chunk013,1925
doc00125_chunk014,1926
doc00125_chunk015,1927
doc00125_chunk016,1928
doc00126_chunk000,1929
doc00126_chunk001,1930
doc00126_chunk002,1931
doc00126_chunk003,1932
doc00126_chunk004,1933
doc00126_chunk005,1934
doc00126_chunk006,1935
doc00126_chunk007,1936
doc00126_chunk008,1937
doc00126_chunk009,1938
doc00126_chunk010,1939
doc00126_chunk011,1940
doc00126_chunk012,1941
doc00126_chunk013,1942
doc00126_chunk014,1943
doc00127_chunk000,1944
doc00127_chunk001,1945
doc00127_chunk002,1946
doc00127_chunk003,1947
doc00127_chunk004,1948
doc00127_chunk005,1949
doc00127_chunk006,1950
doc00127_chunk007,1951
doc00127_chunk008,1952
doc00127_chunk009,1953
doc00127_chunk010,1954
doc00127_chunk011,1955
doc00128_chunk000,1956
doc00128_chunk001,1957
doc00128_chunk002,1958
doc00128_chunk003,1959
doc00128_chunk004,1960
doc00128_chunk005,1961
doc00128_chunk006,1962
doc00128_chunk007,1963
doc00128_chunk008,1964
doc00128_chunk009,1965
doc00128_chunk010,1966
doc00128_chunk011,1967
doc00128_chunk012,1968
doc00128_chunk013,1969
doc00128_chunk014,1970
doc00129_chunk000,1971
doc00129_chunk001,1972
doc00129_chunk002,1973
doc00129_chunk003,1974
doc00129_chunk004,1975
doc00129_chunk005,1976
doc00129_chunk006,1977
doc00129_chunk007,1978
doc00129_chunk008,1979
doc00129_chunk009,1980
doc00129_chunk010,1981
doc00129_chunk011,1982
doc00129_chunk012,1983
doc00129_chunk013,1984
doc00129_chunk014,1985
doc00129_chunk015,1986
doc00129_chunk016,1987
doc00129_chunk017,1988
doc00129_chunk018,1989
doc00129_chunk019,1990
doc00129_chunk020,1991
doc00129_chunk021,1992
doc00129_chunk022,1993
doc00129_chunk023,1994
doc00129_chunk024,1995
doc00129_chunk025,1996
doc00129_chunk026,1997
doc00129_chunk027,1998
doc00129_chunk028,1999
doc00129_chunk029,2000
doc00129_chunk030,2001
doc00129_chunk031,2002
doc00129_chunk032,2003
doc00129_chunk033,2004
doc00129_chunk034,2005
doc00129_chunk035,2006
doc00129_chunk036,2007
doc00129_chunk037,2008
doc00130_chunk000,2009
doc00130_chunk001,2010
doc00131_chunk000,2011
doc00131_chunk001,2012
doc00131_chunk002,2013
doc00131_chunk003,2014
doc00131_chunk004,2015
doc00131_chunk005,2016
doc00131_chunk006,2017
doc00131_chunk007,2018
doc00131_chunk008,2019
doc00131_chunk009,2020
doc00131_chunk010,2021
doc00131_chunk011,2022
doc00131_chunk012,2023
doc00131_chunk013,2024
doc00131_chunk014,2025
doc00131_chunk015,2026
doc00131_chunk016,2027
doc00131_chunk017,2028
doc00131_chunk018,2029
doc00131_chunk019,2030
doc00131_chunk020,2031
doc00131_chunk021,2032
doc00131_chunk022,2033
doc00131_chunk023,2034
doc00131_chunk024,2035
doc00131_chunk025,2036
doc00131_chunk026,2037
doc00131_chunk027,2038
doc00131_chunk028,2039
doc00131_chunk029,2040
doc00132_chunk000,2041
doc00132_chunk001,2042
doc00132_chunk002,2043
doc00132_chunk003,2044
doc00132_chunk004,2045
doc00132_chunk005,2046
doc00132_chunk006,2047
doc00132_chunk007,2048
doc00132_chunk008,2049
doc00132_chunk009,2050
doc00132_chunk010,2051
doc00132_chunk011,2052
doc00132_chunk012,2053
doc00132_chunk013,2054
doc00133_chunk000,2055
doc00133_chunk001,2056
doc00133_chunk002,2057
doc00133_chunk003,2058
doc00133_chunk004,2059
doc00133_chunk005,2060
doc00133_chunk006,2061
doc00133_chunk007,2062
doc00134_chunk000,2063
doc00134_chunk001,2064
doc00134_chunk002,2065
doc00134_chunk003,2066
doc00134_chunk004,2067
doc00134_chunk005,2068
doc00134_chunk006,2069
doc00134_chunk007,2070
doc00134_chunk008,2071
doc00134_chunk009,2072
doc00134_chunk010,2073
doc00134_chunk011,2074
doc00134_chunk012,2075
doc00134_chunk013,2076
doc00134_chunk014,2077
doc00134_chunk015,2078
doc00134_chunk016,2079
doc00134_chunk017,2080
doc00134_chunk018,2081
doc00134_chunk019,2082
doc00134_chunk020,2083
doc00134_chunk021,2084
doc00134_chunk022,2085
doc00134_chunk023,2086
doc00134_chunk024,2087
doc00134_chunk025,2088
doc00134_chunk026,2089
doc00134_chunk027,2090
doc00134_chunk028,2091
doc00135_chunk000,2092
doc00135_chunk001,2093
doc00135_chunk002,2094
doc00135_chunk003,2095
doc00135_chunk004,2096
doc00135_chunk005,2097
doc00135_chunk006,2098
doc00135_chunk007,2099
doc00135_chunk008,2100
doc00135_chunk009,2101
doc00135_chunk010,2102
doc00135_chunk011,2103
doc00135_chunk012,2104
doc00135_chunk013,2105
doc00135_chunk014,2106
doc00136_chunk000,2107
doc00136_chunk001,2108
doc00136_chunk002,2109
doc00136_chunk003,2110
doc00136_chunk004,2111
doc00136_chunk005,2112
doc00136_chunk006,2113
doc00136_chunk007,2114
doc00136_chunk008,2115
doc00136_chunk009,2116
doc00136_chunk010,2117
doc00136_chunk011,2118
doc00136_chunk012,2119
doc00136_chunk013,2120
doc00136_chunk014,2121
doc00136_chunk015,2122
doc00136_chunk016,2123
doc00136_chunk017,2124
doc00136_chunk018,2125
doc00136_chunk019,2126
doc00136_chunk020,2127
doc00136_chunk021,2128
doc00136_chunk022,2129
doc00136_chunk023,2130
doc00136_chunk024,2131
doc00136_chunk025,2132
doc00136_chunk026,2133
doc00136_chunk027,2134
doc00136_chunk028,2135
doc00136_chunk029,2136
doc00136_chunk030,2137
doc00136_chunk031,2138
doc00136_chunk032,2139
doc00136_chunk033,2140
doc00136_chunk034,2141
doc00136_chunk035,2142
doc00136_chunk036,2143
doc00137_chunk000,2144
doc00137_chunk001,2145
doc00137_chunk002,2146
doc00137_chunk003,2147
doc00137_chunk004,2148
doc00137_chunk005,2149
doc00137_chunk006,2150
doc00138_chunk000,2151
doc00138_chunk001,2152
doc00139_chunk000,2153
doc00139_chunk001,2154
doc00139_chunk002,2155
doc00139_chunk003,2156
doc00139_chunk004,2157
doc00139_chunk005,2158
doc00139_chunk006,2159
doc00139_chunk007,2160
doc00139_chunk008,2161
doc00139_chunk009,2162
doc00139_chunk010,2163
doc00139_chunk011,2164
doc00139_chunk012,2165
doc00139_chunk013,2166
doc00139_chunk014,2167
doc00139_chunk015,2168
doc00139_chunk016,2169
doc00139_chunk017,2170
doc00139_chunk018,2171
doc00139_chunk019,2172
doc00139_chunk020,2173
doc00139_chunk021,2174
doc00139_chunk022,2175
doc00139_chunk023,2176
doc00139_chunk024,2177
doc00139_chunk025,2178
doc00139_chunk026,2179
doc00139_chunk027,2180
doc00139_chunk028,2181
doc00139_chunk029,2182
doc00139_chunk030,2183
doc00139_chunk031,2184
doc00139_chunk032,2185
doc00139_chunk033,2186
doc00139_chunk034,2187
doc00139_chunk035,2188
doc00139_chunk036,2189
doc00139_chunk037,2190
doc00139_chunk038,2191
doc00139_chunk039,2192
doc00139_chunk040,2193
doc00139_chunk041,2194
doc00139_chunk042,2195
doc00139_chunk043,2196
doc00139_chunk044,2197
doc00139_chunk045,2198
doc00139_chunk046,2199
doc00139_chunk047,2200
doc00139_chunk048,2201
doc00139_chunk049,2202
doc00140_chunk000,2203
doc00140_chunk001,2204
doc00140_chunk002,2205
doc00140_chunk003,2206
doc00140_chunk004,2207
doc00140_chunk005,2208
doc00140_chunk006,2209
doc00140_chunk007,2210
doc00140_chunk008,2211
doc00140_chunk009,2212
doc00140_chunk010,2213
doc00140_chunk011,2214
doc00140_chunk012,2215
doc00140_chunk013,2216
doc00140_chunk014,2217
doc00140_chunk015,2218
doc00140_chunk016,2219
doc00140_chunk017,2220
doc00140_chunk018,2221
doc00140_chunk019,2222
doc00140_chunk020,2223
doc00140_chunk021,2224
doc00140_chunk022,2225
doc00140_chunk023,2226
doc00140_chunk024,2227
doc00140_chunk025,2228
doc00140_chunk026,2229
doc00140_chunk027,2230
doc00140_chunk028,2231
doc00140_chunk029,2232
doc00140_chunk030,2233
doc00140_chunk031,2234
doc00140_chunk032,2235
doc00141_chunk000,2236
doc00141_chunk001,2237
doc00141_chunk002,2238
doc00141_chunk003,2239
doc00141_chunk004,2240
doc00141_chunk005,2241
doc00141_chunk006,2242
doc00142_chunk000,2243
doc00142_chunk001,2244
doc00142_chunk002,2245
doc00142_chunk003,2246
doc00142_chunk004,2247
doc00143_chunk000,2248
doc00143_chunk001,2249
doc00143_chunk002,2250
doc00143_chunk003,2251
doc00143_chunk004,2252
doc00143_chunk005,2253
doc00143_chunk006,2254
doc00143_chunk007,2255
doc00143_chunk008,2256
doc00143_chunk009,2257
doc00143_chunk010,2258
doc00143_chunk011,2259
doc00143_chunk012,2260
doc00143_chunk013,2261
doc00143_chunk014,2262
doc00143_chunk015,2263
doc00143_chunk016,2264
doc00143_chunk017,2265
doc00143_chunk018,2266
doc00143_chunk019,2267
doc00143_chunk020,2268
doc00143_chunk021,2269
doc00143_chunk022,2270
doc00143_chunk023,2271
doc00143_chunk024,2272
doc00143_chunk025,2273
doc00143_chunk026,2274
doc00143_chunk027,2275
doc00143_chunk028,2276
doc00143_chunk029,2277
doc00143_chunk030,2278
doc00143_chunk031,2279
doc00144_chunk000,2280
doc00144_chunk001,2281
doc00144_chunk002,2282
doc00144_chunk003,2283
doc00144_chunk004,2284
doc00144_chunk005,2285
doc00144_chunk006,2286
doc00144_chunk007,2287
doc00144_chunk008,2288
doc00144_chunk009,2289
doc00144_chunk010,2290
doc00144_chunk011,2291
doc00144_chunk012,2292
doc00144_chunk013,2293
doc00144_chunk014,2294
doc00144_chunk015,2295
doc00144_chunk016,2296
doc00144_chunk017,2297
doc00144_chunk018,2298
doc00144_chunk019,2299
doc00144_chunk020,2300
doc00144_chunk021,2301
doc00144_chunk022,2302
doc00144_chunk023,2303
doc00144_chunk024,2304
doc00144_chunk025,2305
doc00144_chunk026,2306
doc00144_chunk027,2307
doc00144_chunk028,2308
doc00144_chunk029,2309
doc00144_chunk030,2310
doc00144_chunk031,2311
doc00144_chunk032,2312
doc00144_chunk033,2313
doc00144_chunk034,2314
doc00144_chunk035,2315
doc00145_chunk000,2316
doc00146_chunk000,2317
doc00146_chunk001,2318
doc00146_chunk002,2319
doc00146_chunk003,2320
doc00146_chunk004,2321
doc00147_chunk000,2322
doc00147_chunk001,2323
doc00147_chunk002,2324
doc00147_chunk003,2325
doc00148_chunk000,2326
doc00148_chunk001,2327
doc00148_chunk002,2328
doc00148_chunk003,2329
doc00148_chunk004,2330
doc00148_chunk005,2331
doc00148_chunk006,2332
doc00148_chunk007,2333
doc00148_chunk008,2334
doc00148_chunk009,2335
doc00148_chunk010,2336
doc00148_chunk011,2337
doc00149_chunk000,2338
doc00149_chunk001,2339
doc00149_chunk002,2340
doc00149_chunk003,2341
doc00149_chunk004,2342
doc00149_chunk005,2343
doc00149_chunk006,2344
doc00149_chunk007,2345
doc00149_chunk008,2346
doc00149_chunk009,2347
doc00149_chunk010,2348
doc00149_chunk011,2349
doc00149_chunk012,2350
doc00149_chunk013,2351
doc00149_chunk014,2352
doc00149_chunk015,2353
doc00149_chunk016,2354
doc00149_chunk017,2355
doc00149_chunk018,2356
doc00149_chunk019,2357
doc00149_chunk020,2358
doc00149_chunk021,2359
doc00149_chunk022,2360
doc00149_chunk023,2361
doc00149_chunk024,2362
doc00149_chunk025,2363
doc00149_chunk026,2364
doc00149_chunk027,2365
doc00149_chunk028,2366
doc00149_chunk029,2367
doc00149_chunk030,2368
doc00149_chunk031,2369
doc00149_chunk032,2370
doc00149_chunk033,2371
doc00149_chunk034,2372
doc00149_chunk035,2373
doc00149_chunk036,2374
doc00149_chunk037,2375
doc00149_chunk038,2376
doc00150_chunk000,2377
doc00150_chunk001,2378
doc00150_chunk002,2379
doc00150_chunk003,2380
doc00150_chunk004,2381
doc00150_chunk005,2382
doc00150_chunk006,2383
doc00151_chunk000,2384
doc00152_chunk000,2385
doc00152_chunk001,2386
doc00152_chunk002,2387
doc00152_chunk003,2388
doc00152_chunk004,2389
doc00152_chunk005,2390
doc00152_chunk006,2391
doc00152_chunk007,2392
doc00152_chunk008,2393
doc00152_chunk009,2394
doc00152_chunk010,2395
doc00152_chunk011,2396
doc00152_chunk012,2397
doc00153_chunk000,2398
doc00153_chunk001,2399
doc00153_chunk002,2400
doc00153_chunk003,2401
doc00153_chunk004,2402
doc00153_chunk005,2403
doc00153_chunk006,2404
doc00153_chunk007,2405
doc00153_chunk008,2406
doc00153_chunk009,2407
doc00153_chunk010,2408
doc00154_chunk000,2409
doc00154_chunk001,2410
doc00154_chunk002,2411
doc00154_chunk003,2412
doc00154_chunk004,2413
doc00154_chunk005,2414
doc00154_chunk006,2415
doc00154_chunk007,2416
doc00154_chunk008,2417
doc00154_chunk009,2418
doc00154_chunk010,2419
doc00155_chunk000,2420
doc00155_chunk001,2421
doc00156_chunk000,2422
doc00156_chunk001,2423
doc00156_chunk002,2424
doc00156_chunk003,2425
doc00156_chunk004,2426
doc00156_chunk005,2427
doc00156_chunk006,2428
doc00156_chunk007,2429
doc00156_chunk008,2430
doc00156_chunk009,2431
doc00156_chunk010,2432
doc00157_chunk000,2433
doc00157_chunk001,2434
doc00157_chunk002,2435
doc00157_chunk003,2436
doc00157_chunk004,2437
doc00157_chunk005,2438
doc00157_chunk006,2439
doc00157_chunk007,2440
doc00157_chunk008,2441
doc00158_chunk000,2442
doc00158_chunk001,2443
doc00158_chunk002,2444
doc00158_chunk003,2445
doc00158_chunk004,2446
doc00158_chunk005,2447
doc00158_chunk006,2448
doc00158_chunk007,2449
doc00158_chunk008,2450
doc00158_chunk009,2451
doc00158_chunk010,2452
doc00158_chunk011,2453
doc00158_chunk012,2454
doc00158_chunk013,2455
doc00158_chunk014,2456
doc00158_chunk015,2457
doc00158_chunk016,2458
doc00158_chunk017,2459
doc00158_chunk018,2460
doc00158_chunk019,2461
doc00158_chunk020,2462
doc00158_chunk021,2463
doc00158_chunk022,2464
doc00158_chunk023,2465
doc00159_chunk000,2466
doc00159_chunk001,2467
doc00159_chunk002,2468
doc00159_chunk003,2469
doc00159_chunk004,2470
doc00159_chunk005,2471
doc00159_chunk006,2472
doc00159_chunk007,2473
doc00159_chunk008,2474
doc00159_chunk009,2475
doc00159_chunk010,2476
doc00159_chunk011,2477
doc00160_chunk000,2478
doc00160_chunk001,2479
doc00160_chunk002,2480
doc00160_chunk003,2481
doc00160_chunk004,2482
doc00160_chunk005,2483
doc00160_chunk006,2484
doc00160_chunk007,2485
doc00160_chunk008,2486
doc00161_chunk000,2487
doc00161_chunk001,2488
doc00161_chunk002,2489
doc00161_chunk003,2490
doc00161_chunk004,2491
doc00161_chunk005,2492
doc00161_chunk006,2493
doc00161_chunk007,2494
doc00161_chunk008,2495
doc00161_chunk009,2496
doc00161_chunk010,2497
doc00161_chunk011,2498
doc00161_chunk012,2499
doc00161_chunk013,2500
doc00161_chunk014,2501
doc00161_chunk015,2502
doc00161_chunk016,2503
doc00161_chunk017,2504
doc00162_chunk000,2505
doc00162_chunk001,2506
doc00162_chunk002,2507
doc00162_chunk003,2508
doc00162_chunk004,2509
doc00162_chunk005,2510
doc00162_chunk006,2511
doc00162_chunk007,2512
doc00162_chunk008,2513
doc00162_chunk009,2514
doc00162_chunk010,2515
doc00162_chunk011,2516
doc00162_chunk012,2517
doc00162_chunk013,2518
doc00162_chunk014,2519
doc00162_chunk015,2520
doc00162_chunk016,2521
doc00163_chunk000,2522
doc00163_chunk001,2523
doc00163_chunk002,2524
doc00163_chunk003,2525
doc00163_chunk004,2526
doc00163_chunk005,2527
doc00163_chunk006,2528
doc00163_chunk007,2529
doc00163_chunk008,2530
doc00163_chunk009,2531
doc00163_chunk010,2532
doc00163_chunk011,2533
doc00163_chunk012,2534
doc00163_chunk013,2535
doc00163_chunk014,2536
doc00163_chunk015,2537
doc00163_chunk016,2538
doc00163_chunk017,2539
doc00163_chunk018,2540
doc00163_chunk019,2541
doc00163_chunk020,2542
doc00163_chunk021,2543
doc00163_chunk022,2544
doc00163_chunk023,2545
doc00164_chunk000,2546
doc00164_chunk001,2547
doc00164_chunk002,2548
doc00165_chunk000,2549
doc00165_chunk001,2550
doc00165_chunk002,2551
doc00165_chunk003,2552
doc00165_chunk004,2553
doc00165_chunk005,2554
doc00165_chunk006,2555
doc00165_chunk007,2556
doc00165_chunk008,2557
doc00165_chunk009,2558
doc00165_chunk010,2559
doc00165_chunk011,2560
doc00165_chunk012,2561
doc00165_chunk013,2562
doc00165_chunk014,2563
doc00165_chunk015,2564
doc00165_chunk016,2565
doc00165_chunk017,2566
doc00165_chunk018,2567
doc00165_chunk019,2568
doc00165_chunk020,2569
doc00165_chunk021,2570
doc00165_chunk022,2571
doc00165_chunk023,2572
doc00166_chunk000,2573
doc00166_chunk001,2574
doc00166_chunk002,2575
doc00166_chunk003,2576
doc00167_chunk000,2577
doc00167_chunk001,2578
doc00167_chunk002,2579
doc00167_chunk003,2580
doc00167_chunk004,2581
doc00167_chunk005,2582
doc00167_chunk006,2583
doc00167_chunk007,2584
doc00167_chunk008,2585
doc00167_chunk009,2586
doc00168_chunk000,2587
doc00169_chunk000,2588
doc00169_chunk001,2589
doc00170_chunk000,2590
doc00170_chunk001,2591
doc00170_chunk002,2592
doc00170_chunk003,2593
doc00170_chunk004,2594
doc00170_chunk005,2595
doc00170_chunk006,2596
doc00171_chunk000,2597
doc00171_chunk001,2598
doc00171_chunk002,2599
doc00172_chunk000,2600
doc00172_chunk001,2601
doc00173_chunk000,2602
doc00173_chunk001,2603
doc00173_chunk002,2604
doc00173_chunk003,2605
doc00173_chunk004,2606
doc00173_chunk005,2607
doc00173_chunk006,2608
doc00173_chunk007,2609
doc00173_chunk008,2610
doc00173_chunk009,2611
doc00173_chunk010,2612
doc00173_chunk011,2613
doc00173_chunk012,2614
doc00173_chunk013,2615
doc00173_chunk014,2616
doc00173_chunk015,2617
doc00174_chunk000,2618
doc00174_chunk001,2619
doc00174_chunk002,2620
doc00174_chunk003,2621
doc00174_chunk004,2622
doc00174_chunk005,2623
doc00174_chunk006,2624
doc00174_chunk007,2625
doc00174_chunk008,2626
doc00174_chunk009,2627
doc00174_chunk010,2628
doc00175_chunk000,2629
doc00175_chunk001,2630
doc00176_chunk000,2631
doc00176_chunk001,2632
doc00176_chunk002,2633
doc00176_chunk003,2634
doc00176_chunk004,2635
doc00176_chunk005,2636
doc00176_chunk006,2637
doc00176_chunk007,2638
doc00176_chunk008,2639
doc00176_chunk009,2640
doc00176_chunk010,2641
doc00176_chunk011,2642
doc00177_chunk000,2643
doc00177_chunk001,2644
doc00177_chunk002,2645
doc00178_chunk000,2646
doc00178_chunk001,2647
doc00178_chunk002,2648
doc00178_chunk003,2649
doc00178_chunk004,2650
doc00178_chunk005,2651
doc00178_chunk006,2652
doc00179_chunk000,2653
doc00179_chunk001,2654
doc00179_chunk002,2655
doc00179_chunk003,2656
doc00179_chunk004,2657
doc00179_chunk005,2658
doc00179_chunk006,2659
doc00179_chunk007,2660
doc00179_chunk008,2661
doc00179_chunk009,2662
doc00179_chunk010,2663
doc00179_chunk011,2664
doc00179_chunk012,2665
doc00179_chunk013,2666
doc00179_chunk014,2667
doc00179_chunk015,2668
doc00179_chunk016,2669
doc00179_chunk017,2670
doc00179_chunk018,2671
doc00179_chunk019,2672
doc00179_chunk020,2673
doc00179_chunk021,2674
doc00179_chunk022,2675
doc00179_chunk023,2676
doc00179_chunk024,2677
doc00179_chunk025,2678
doc00179_chunk026,2679
doc00180_chunk000,2680
doc00180_chunk001,2681
doc00181_chunk000,2682
doc00181_chunk001,2683
doc00181_chunk002,2684
doc00181_chunk003,2685
doc00181_chunk004,2686
doc00181_chunk005,2687
doc00181_chunk006,2688
doc00181_chunk007,2689
doc00181_chunk008,2690
doc00181_chunk009,2691
doc00181_chunk010,2692
doc00181_chunk011,2693
doc00181_chunk012,2694
doc00181_chunk013,2695
doc00181_chunk014,2696
doc00181_chunk015,2697
doc00181_chunk016,2698
doc00182_chunk000,2699
doc00182_chunk001,2700
doc00183_chunk000,2701
doc00183_chunk001,2702
doc00183_chunk002,2703
doc00183_chunk003,2704
doc00183_chunk004,2705
doc00183_chunk005,2706
doc00183_chunk006,2707
doc00183_chunk007,2708
doc00183_chunk008,2709
doc00183_chunk009,2710
doc00183_chunk010,2711
doc00183_chunk011,2712
doc00183_chunk012,2713
doc00183_chunk013,2714
doc00183_chunk014,2715
doc00183_chunk015,2716
doc00183_chunk016,2717
doc00183_chunk017,2718
doc00183_chunk018,2719
doc00183_chunk019,2720
doc00183_chunk020,2721
doc00183_chunk021,2722
doc00184_chunk000,2723
doc00184_chunk001,2724
doc00184_chunk002,2725
doc00184_chunk003,2726
doc00184_chunk004,2727
doc00184_chunk005,2728
doc00184_chunk006,2729
doc00184_chunk007,2730
doc00184_chunk008,2731
doc00184_chunk009,2732
doc00184_chunk010,2733
doc00185_chunk000,2734
doc00185_chunk001,2735
doc00185_chunk002,2736
doc00185_chunk003,2737
doc00185_chunk004,2738
doc00185_chunk005,2739
doc00186_chunk000,2740
doc00186_chunk001,2741
doc00186_chunk002,2742
doc00186_chunk003,2743
doc00186_chunk004,2744
doc00186_chunk005,2745
doc00186_chunk006,2746
doc00186_chunk007,2747
doc00186_chunk008,2748
doc00186_chunk009,2749
doc00186_chunk010,2750
doc00186_chunk011,2751
doc00186_chunk012,2752
doc00186_chunk013,2753
doc00187_chunk000,2754
doc00187_chunk001,2755
doc00187_chunk002,2756
doc00187_chunk003,2757
doc00187_chunk004,2758
doc00187_chunk005,2759
doc00188_chunk000,2760
doc00189_chunk000,2761
doc00189_chunk001,2762
doc00189_chunk002,2763
doc00189_chunk003,2764
doc00189_chunk004,2765
doc00189_chunk005,2766
doc00189_chunk006,2767
doc00189_chunk007,2768
doc00190_chunk000,2769
doc00190_chunk001,2770
doc00190_chunk002,2771
doc00190_chunk003,2772
doc00190_chunk004,2773
doc00190_chunk005,2774
doc00190_chunk006,2775
doc00190_chunk007,2776
doc00190_chunk008,2777
doc00190_chunk009,2778
doc00190_chunk010,2779
doc00191_chunk000,2780
doc00191_chunk001,2781
doc00191_chunk002,2782
doc00191_chunk003,2783
doc00191_chunk004,2784
doc00191_chunk005,2785
doc00191_chunk006,2786
doc00191_chunk007,2787
doc00191_chunk008,2788
doc00191_chunk009,2789
doc00191_chunk010,2790
doc00191_chunk011,2791
doc00191_chunk012,2792
doc00191_chunk013,2793
doc00191_chunk014,2794
doc00191_chunk015,2795
doc00192_chunk000,2796
doc00192_chunk001,2797
doc00192_chunk002,2798
doc00192_chunk003,2799
doc00192_chunk004,2800
doc00192_chunk005,2801
doc00192_chunk006,2802
doc00192_chunk007,2803
doc00192_chunk008,2804
doc00192_chunk009,2805
doc00192_chunk010,2806
doc00192_chunk011,2807
doc00193_chunk000,2808
doc00193_chunk001,2809
doc00193_chunk002,2810
doc00193_chunk003,2811
doc00193_chunk004,2812
doc00193_chunk005,2813
doc00193_chunk006,2814
doc00193_chunk007,2815
doc00193_chunk008,2816
doc00193_chunk009,2817
doc00193_chunk010,2818
doc00193_chunk011,2819
doc00193_chunk012,2820
doc00193_chunk013,2821
doc00193_chunk014,2822
doc00193_chunk015,2823
doc00193_chunk016,2824
doc00193_chunk017,2825
doc00193_chunk018,2826
doc00193_chunk019,2827
doc00193_chunk020,2828
doc00193_chunk021,2829
doc00193_chunk022,2830
doc00193_chunk023,2831
doc00193_chunk024,2832
doc00193_chunk025,2833
doc00193_chunk026,2834
doc00193_chunk027,2835
doc00194_chunk000,2836
doc00194_chunk001,2837
doc00194_chunk002,2838
doc00194_chunk003,2839
doc00194_chunk004,2840
doc00194_chunk005,2841
doc00194_chunk006,2842
doc00194_chunk007,2843
doc00194_chunk008,2844
doc00194_chunk009,2845
doc00194_chunk010,2846
doc00194_chunk011,2847
doc00194_chunk012,2848
doc00194_chunk013,2849
doc00194_chunk014,2850
doc00194_chunk015,2851
doc00194_chunk016,2852
doc00195_chunk000,2853
doc00195_chunk001,2854
doc00195_chunk002,2855
doc00195_chunk003,2856
doc00195_chunk004,2857
doc00195_chunk005,2858
doc00195_chunk006,2859
doc00195_chunk007,2860
doc00195_chunk008,2861
doc00195_chunk009,2862
doc00195_chunk010,2863
doc00195_chunk011,2864
doc00195_chunk012,2865
doc00195_chunk013,2866
doc00195_chunk014,2867
doc00195_chunk015,2868
doc00195_chunk016,2869
doc00195_chunk017,2870
doc00195_chunk018,2871
doc00195_chunk019,2872
doc00195_chunk020,2873
doc00195_chunk021,2874
doc00195_chunk022,2875
doc00195_chunk023,2876
doc00195_chunk024,2877
doc00195_chunk025,2878
doc00195_chunk026,2879
doc00195_chunk027,2880
doc00196_chunk000,2881
doc00196_chunk001,2882
doc00196_chunk002,2883
doc00196_chunk003,2884
doc00196_chunk004,2885
doc00196_chunk005,2886
doc00196_chunk006,2887
doc00196_chunk007,2888
doc00196_chunk008,2889
doc00196_chunk009,2890
doc00196_chunk010,2891
doc00196_chunk011,2892
doc00197_chunk000,2893
doc00197_chunk001,2894
doc00197_chunk002,2895
doc00198_chunk000,2896
doc00198_chunk001,2897
doc00198_chunk002,2898
doc00198_chunk003,2899
doc00198_chunk004,2900
doc00198_chunk005,2901
doc00199_chunk000,2902
doc00199_chunk001,2903
doc00200_chunk000,2904
doc00201_chunk000,2905
doc00201_chunk001,2906
doc00201_chunk002,2907
doc00201_chunk003,2908
doc00201_chunk004,2909
doc00201_chunk005,2910
doc00201_chunk006,2911
doc00201_chunk007,2912
doc00201_chunk008,2913
doc00201_chunk009,2914
doc00201_chunk010,2915
doc00201_chunk011,2916
doc00201_chunk012,2917
doc00201_chunk013,2918
doc00201_chunk014,2919
doc00201_chunk015,2920
doc00201_chunk016,2921
doc00201_chunk017,2922
doc00201_chunk018,2923
doc00201_chunk019,2924
doc00201_chunk020,2925
doc00202_chunk000,2926
doc00202_chunk001,2927
doc00202_chunk002,2928
doc00202_chunk003,2929
doc00202_chunk004,2930
doc00202_chunk005,2931
doc00202_chunk006,2932
doc00202_chunk007,2933
doc00202_chunk008,2934
doc00203_chunk000,2935
doc00203_chunk001,2936
doc00203_chunk002,2937
doc00203_chunk003,2938
doc00203_chunk004,2939
doc00203_chunk005,2940
doc00203_chunk006,2941
doc00203_chunk007,2942
doc00203_chunk008,2943
doc00204_chunk000,2944
doc00204_chunk001,2945
doc00204_chunk002,2946
doc00204_chunk003,2947
doc00204_chunk004,2948
doc00204_chunk005,2949
doc00204_chunk006,2950
doc00204_chunk007,2951
doc00205_chunk000,2952
doc00205_chunk001,2953
doc00205_chunk002,2954
doc00205_chunk003,2955
doc00205_chunk004,2956
doc00205_chunk005,2957
doc00205_chunk006,2958
doc00205_chunk007,2959
doc00205_chunk008,2960
doc00205_chunk009,2961
doc00206_chunk000,2962
doc00206_chunk001,2963
doc00206_chunk002,2964
doc00206_chunk003,2965
doc00206_chunk004,2966
doc00206_chunk005,2967
doc00206_chunk006,2968
doc00206_chunk007,2969
doc00206_chunk008,2970
doc00206_chunk009,2971
doc00206_chunk010,2972
doc00206_chunk011,2973
doc00206_chunk012,2974
doc00206_chunk013,2975
doc00206_chunk014,2976
doc00206_chunk015,2977
doc00207_chunk000,2978
doc00207_chunk001,2979
doc00207_chunk002,2980
doc00207_chunk003,2981
doc00207_chunk004,2982
doc00207_chunk005,2983
doc00207_chunk006,2984
doc00207_chunk007,2985
doc00207_chunk008,2986
doc00207_chunk009,2987
doc00207_chunk010,2988
doc00207_chunk011,2989
doc00207_chunk012,2990
doc00207_chunk013,2991
doc00207_chunk014,2992
doc00208_chunk000,2993
doc00208_chunk001,2994
doc00208_chunk002,2995
doc00208_chunk003,2996
doc00208_chunk004,2997
doc00208_chunk005,2998
doc00208_chunk006,2999
doc00208_chunk007,3000
doc00208_chunk008,3001
doc00208_chunk009,3002
doc00208_chunk010,3003
doc00208_chunk011,3004
doc00208_chunk012,3005
doc00208_chunk013,3006
doc00208_chunk014,3007
doc00209_chunk000,3008
doc00209_chunk001,3009
doc00209_chunk002,3010
doc00209_chunk003,3011
doc00209_chunk004,3012
doc00209_chunk005,3013
doc00209_chunk006,3014
doc00209_chunk007,3015
doc00209_chunk008,3016
doc00209_chunk009,3017
doc00209_chunk010,3018
doc00209_chunk011,3019
doc00209_chunk012,3020
doc00209_chunk013,3021
doc00210_chunk000,3022
doc00210_chunk001,3023
doc00210_chunk002,3024
doc00210_chunk003,3025
doc00210_chunk004,3026
doc00210_chunk005,3027
doc00210_chunk006,3028
doc00210_chunk007,3029
doc00210_chunk008,3030
doc00210_chunk009,3031
doc00210_chunk010,3032
doc00210_chunk011,3033
doc00210_chunk012,3034
doc00210_chunk013,3035
doc00211_chunk000,3036
doc00211_chunk001,3037
doc00211_chunk002,3038
doc00211_chunk003,3039
doc00211_chunk004,3040
doc00211_chunk005,3041
doc00211_chunk006,3042
doc00211_chunk007,3043
doc00211_chunk008,3044
doc00211_chunk009,3045
doc00211_chunk010,3046
doc00211_chunk011,3047
doc00211_chunk012,3048
doc00211_chunk013,3049
doc00211_chunk014,3050
doc00212_chunk000,3051
doc00212_chunk001,3052
doc00212_chunk002,3053
doc00212_chunk003,3054
doc00212_chunk004,3055
doc00212_chunk005,3056
doc00212_chunk006,3057
doc00212_chunk007,3058
doc00212_chunk008,3059
doc00213_chunk000,3060
doc00213_chunk001,3061
doc00213_chunk002,3062
doc00213_chunk003,3063
doc00213_chunk004,3064
doc00213_chunk005,3065
doc00213_chunk006,3066
doc00213_chunk007,3067
doc00213_chunk008,3068
doc00213_chunk009,3069
doc00213_chunk010,3070
doc00213_chunk011,3071
doc00214_chunk000,3072
doc00214_chunk001,3073
doc00214_chunk002,3074
doc00214_chunk003,3075
doc00214_chunk004,3076
doc00214_chunk005,3077
doc00214_chunk006,3078
doc00214_chunk007,3079
doc00214_chunk008,3080
doc00214_chunk009,3081
doc00214_chunk010,3082
doc00214_chunk011,3083
doc00214_chunk012,3084
doc00214_chunk013,3085
doc00214_chunk014,3086
doc00214_chunk015,3087
doc00214_chunk016,3088
doc00214_chunk017,3089
doc00214_chunk018,3090
doc00214_chunk019,3091
doc00214_chunk020,3092
doc00214_chunk021,3093
doc00214_chunk022,3094
doc00214_chunk023,3095
doc00214_chunk024,3096
doc00214_chunk025,3097
doc00214_chunk026,3098
doc00214_chunk027,3099
doc00215_chunk000,3100
doc00215_chunk001,3101
doc00215_chunk002,3102
doc00215_chunk003,3103
doc00215_chunk004,3104
doc00216_chunk000,3105
doc00216_chunk001,3106
doc00216_chunk002,3107
doc00216_chunk003,3108
doc00216_chunk004,3109
doc00216_chunk005,3110
doc00216_chunk006,3111
doc00216_chunk007,3112
doc00216_chunk008,3113
doc00216_chunk009,3114
doc00216_chunk010,3115
doc00216_chunk011,3116
doc00217_chunk000,3117
doc00217_chunk001,3118
doc00217_chunk002,3119
doc00217_chunk003,3120
doc00217_chunk004,3121
doc00217_chunk005,3122
doc00217_chunk006,3123
doc00217_chunk007,3124
doc00217_chunk008,3125
doc00217_chunk009,3126
doc00217_chunk010,3127
doc00217_chunk011,3128
doc00218_chunk000,3129
doc00218_chunk001,3130
doc00219_chunk000,3131
doc00219_chunk001,3132
doc00219_chunk002,3133
doc00219_chunk003,3134
doc00219_chunk004,3135
doc00219_chunk005,3136
doc00219_chunk006,3137
doc00219_chunk007,3138
doc00219_chunk008,3139
doc00219_chunk009,3140
doc00219_chunk010,3141
doc00219_chunk011,3142
doc00219_chunk012,3143
doc00220_chunk000,3144
doc00220_chunk001,3145
doc00220_chunk002,3146
doc00220_chunk003,3147
doc00220_chunk004,3148
doc00220_chunk005,3149
doc00220_chunk006,3150
doc00220_chunk007,3151
doc00220_chunk008,3152
doc00220_chunk009,3153
doc00220_chunk010,3154
doc00220_chunk011,3155
doc00220_chunk012,3156
doc00220_chunk013,3157
doc00220_chunk014,3158
doc00220_chunk015,3159
doc00220_chunk016,3160
doc00220_chunk017,3161
doc00220_chunk018,3162
doc00220_chunk019,3163
doc00220_chunk020,3164
doc00220_chunk021,3165
doc00220_chunk022,3166
doc00220_chunk023,3167
doc00220_chunk024,3168
doc00221_chunk000,3169
doc00221_chunk001,3170
doc00221_chunk002,3171
doc00221_chunk003,3172
doc00221_chunk004,3173
doc00221_chunk005,3174
doc00221_chunk006,3175
doc00221_chunk007,3176
doc00221_chunk008,3177
doc00221_chunk009,3178
doc00221_chunk010,3179
doc00221_chunk011,3180
doc00221_chunk012,3181
doc00221_chunk013,3182
doc00222_chunk000,3183
doc00222_chunk001,3184
doc00222_chunk002,3185
doc00222_chunk003,3186
doc00222_chunk004,3187
doc00222_chunk005,3188
doc00222_chunk006,3189
doc00222_chunk007,3190
doc00222_chunk008,3191
doc00222_chunk009,3192
doc00222_chunk010,3193
doc00222_chunk011,3194
doc00222_chunk012,3195
doc00222_chunk013,3196
doc00222_chunk014,3197
doc00222_chunk015,3198
doc00222_chunk016,3199
doc00222_chunk017,3200
doc00222_chunk018,3201
doc00222_chunk019,3202
doc00222_chunk020,3203
doc00223_chunk000,3204
doc00223_chunk001,3205
doc00223_chunk002,3206
doc00223_chunk003,3207
doc00223_chunk004,3208
doc00223_chunk005,3209
doc00223_chunk006,3210
doc00223_chunk007,3211
doc00223_chunk008,3212
doc00223_chunk009,3213
doc00223_chunk010,3214
doc00223_chunk011,3215
doc00223_chunk012,3216
doc00223_chunk013,3217
doc00223_chunk014,3218
doc00223_chunk015,3219
doc00223_chunk016,3220
doc00223_chunk017,3221
doc00223_chunk018,3222
doc00223_chunk019,3223
doc00223_chunk020,3224
doc00224_chunk000,3225
doc00224_chunk001,3226
doc00224_chunk002,3227
doc00224_chunk003,3228
doc00224_chunk004,3229
doc00224_chunk005,3230
doc00224_chunk006,3231
doc00224_chunk007,3232
doc00224_chunk008,3233
doc00224_chunk009,3234
doc00224_chunk010,3235
doc00224_chunk011,3236
doc00225_chunk000,3237
doc00225_chunk001,3238
doc00225_chunk002,3239
doc00225_chunk003,3240
doc00225_chunk004,3241
doc00225_chunk005,3242
doc00225_chunk006,3243
doc00226_chunk000,3244
doc00226_chunk001,3245
doc00227_chunk000,3246
doc00227_chunk001,3247
doc00227_chunk002,3248
doc00227_chunk003,3249
doc00227_chunk004,3250
doc00227_chunk005,3251
doc00227_chunk006,3252
doc00227_chunk007,3253
doc00227_chunk008,3254
doc00227_chunk009,3255
doc00227_chunk010,3256
doc00227_chunk011,3257
doc00227_chunk012,3258
doc00227_chunk013,3259
doc00227_chunk014,3260
doc00227_chunk015,3261
doc00227_chunk016,3262
doc00227_chunk017,3263
doc00227_chunk018,3264
doc00227_chunk019,3265
doc00227_chunk020,3266
doc00227_chunk021,3267
doc00227_chunk022,3268
doc00227_chunk023,3269
doc00227_chunk024,3270
doc00227_chunk025,3271
doc00227_chunk026,3272
doc00227_chunk027,3273
doc00227_chunk028,3274
doc00227_chunk029,3275
doc00227_chunk030,3276
doc00227_chunk031,3277
doc00227_chunk032,3278
doc00228_chunk000,3279
doc00228_chunk001,3280
doc00228_chunk002,3281
doc00228_chunk003,3282
doc00229_chunk000,3283
doc00229_chunk001,3284
doc00229_chunk002,3285
doc00229_chunk003,3286
doc00229_chunk004,3287
doc00229_chunk005,3288
doc00229_chunk006,3289
doc00230_chunk000,3290
doc00230_chunk001,3291
doc00230_chunk002,3292
doc00230_chunk003,3293
doc00230_chunk004,3294
doc00230_chunk005,3295
doc00230_chunk006,3296
doc00230_chunk007,3297
doc00231_chunk000,3298
doc00231_chunk001,3299
doc00231_chunk002,3300
doc00231_chunk003,3301
doc00232_chunk000,3302
doc00232_chunk001,3303
doc00232_chunk002,3304
doc00232_chunk003,3305
doc00232_chunk004,3306
doc00232_chunk005,3307
doc00232_chunk006,3308
doc00232_chunk007,3309
doc00232_chunk008,3310
doc00233_chunk000,3311
doc00233_chunk001,3312
doc00233_chunk002,3313
doc00233_chunk003,3314
doc00233_chunk004,3315
doc00233_chunk005,3316
doc00233_chunk006,3317
doc00233_chunk007,3318
doc00233_chunk008,3319
doc00234_chunk000,3320
doc00234_chunk001,3321
doc00234_chunk002,3322
doc00234_chunk003,3323
doc00234_chunk004,3324
doc00234_chunk005,3325
doc00234_chunk006,3326
doc00234_chunk007,3327
doc00234_chunk008,3328
doc00234_chunk009,3329
doc00234_chunk010,3330
doc00234_chunk011,3331
doc00234_chunk012,3332
doc00235_chunk000,3333
doc00235_chunk001,3334
doc00235_chunk002,3335
doc00236_chunk000,3336
doc00236_chunk001,3337
doc00236_chunk002,3338
doc00237_chunk000,3339
doc00238_chunk000,3340
doc00238_chunk001,3341
doc00239_chunk000,3342
doc00239_chunk001,3343
doc00239_chunk002,3344
doc00239_chunk003,3345
doc00239_chunk004,3346
doc00239_chunk005,3347
doc00239_chunk006,3348
doc00239_chunk007,3349
doc00239_chunk008,3350
doc00239_chunk009,3351
doc00239_chunk010,3352
doc00239_chunk011,3353
doc00239_chunk012,3354
doc00239_chunk013,3355
doc00239_chunk014,3356
doc00239_chunk015,3357
doc00239_chunk016,3358
doc00239_chunk017,3359
doc00239_chunk018,3360
doc00239_chunk019,3361
doc00239_chunk020,3362
doc00239_chunk021,3363
doc00239_chunk022,3364
doc00239_chunk023,3365
doc00239_chunk024,3366
doc00239_chunk025,3367
doc00239_chunk026,3368
doc00239_chunk027,3369
doc00239_chunk028,3370
doc00239_chunk029,3371
doc00239_chunk030,3372
doc00239_chunk031,3373
doc00239_chunk032,3374
doc00240_chunk000,3375
doc00240_chunk001,3376
doc00240_chunk002,3377
doc00240_chunk003,3378
doc00240_chunk004,3379
doc00240_chunk005,3380
doc00240_chunk006,3381
doc00240_chunk007,3382
doc00240_chunk008,3383
doc00240_chunk009,3384
doc00241_chunk000,3385
doc00241_chunk001,3386
doc00241_chunk002,3387
doc00241_chunk003,3388
doc00242_chunk000,3389
doc00242_chunk001,3390
doc00242_chunk002,3391
doc00242_chunk003,3392
doc00243_chunk000,3393
doc00243_chunk001,3394
doc00243_chunk002,3395
doc00243_chunk003,3396
doc00243_chunk004,3397
doc00243_chunk005,3398
doc00243_chunk006,3399
doc00243_chunk007,3400
doc00243_chunk008,3401
doc00243_chunk009,3402
doc00243_chunk010,3403
doc00243_chunk011,3404
doc00243_chunk012,3405
doc00243_chunk013,3406
doc00243_chunk014,3407
doc00243_chunk015,3408
doc00244_chunk000,3409
doc00244_chunk001,3410
doc00244_chunk002,3411
doc00245_chunk000,3412
doc00245_chunk001,3413
doc00245_chunk002,3414
doc00245_chunk003,3415
doc00245_chunk004,3416
doc00245_chunk005,3417
doc00245_chunk006,3418
doc00245_chunk007,3419
doc00245_chunk008,3420
doc00246_chunk000,3421
doc00246_chunk001,3422
doc00246_chunk002,3423
doc00246_chunk003,3424
doc00247_chunk000,3425
doc00247_chunk001,3426
doc00247_chunk002,3427
doc00247_chunk003,3428
doc00247_chunk004,3429
doc00247_chunk005,3430
doc00247_chunk006,3431
doc00247_chunk007,3432
doc00247_chunk008,3433
doc00247_chunk009,3434
doc00247_chunk010,3435
doc00247_chunk011,3436
doc00247_chunk012,3437
doc00247_chunk013,3438
doc00247_chunk014,3439
doc00247_chunk015,3440
doc00247_chunk016,3441
doc00247_chunk017,3442
doc00247_chunk018,3443
doc00247_chunk019,3444
doc00247_chunk020,3445
doc00247_chunk021,3446
doc00247_chunk022,3447
doc00247_chunk023,3448
doc00247_chunk024,3449
doc00247_chunk025,3450
doc00247_chunk026,3451
doc00247_chunk027,3452
doc00247_chunk028,3453
doc00247_chunk029,3454
doc00247_chunk030,3455
doc00247_chunk031,3456
doc00248_chunk000,3457
doc00248_chunk001,3458
doc00248_chunk002,3459
doc00248_chunk003,3460
doc00248_chunk004,3461
doc00249_chunk000,3462
doc00249_chunk001,3463
doc00249_chunk002,3464
doc00249_chunk003,3465
doc00249_chunk004,3466
doc00249_chunk005,3467
doc00249_chunk006,3468
doc00249_chunk007,3469
doc00249_chunk008,3470
doc00249_chunk009,3471
doc00249_chunk010,3472
doc00249_chunk011,3473
doc00249_chunk012,3474
doc00249_chunk013,3475
doc00250_chunk000,3476
doc00250_chunk001,3477
doc00250_chunk002,3478
doc00250_chunk003,3479
doc00250_chunk004,3480
doc00251_chunk000,3481
doc00251_chunk001,3482
doc00251_chunk002,3483
doc00252_chunk000,3484
doc00252_chunk001,3485
doc00253_chunk000,3486
doc00253_chunk001,3487
doc00254_chunk000,3488
doc00254_chunk001,3489
doc00254_chunk002,3490
doc00254_chunk003,3491
doc00254_chunk004,3492
doc00254_chunk005,3493
doc00254_chunk006,3494
doc00254_chunk007,3495
doc00254_chunk008,3496
doc00254_chunk009,3497
doc00254_chunk010,3498
doc00254_chunk011,3499
doc00254_chunk012,3500
doc00255_chunk000,3501
doc00255_chunk001,3502
doc00255_chunk002,3503
doc00255_chunk003,3504
doc00255_chunk004,3505
doc00255_chunk005,3506
doc00255_chunk006,3507
doc00255_chunk007,3508
doc00255_chunk008,3509
doc00255_chunk009,3510
doc00255_chunk010,3511
doc00255_chunk011,3512
doc00255_chunk012,3513
doc00255_chunk013,3514
doc00255_chunk014,3515
doc00255_chunk015,3516
doc00255_chunk016,3517
doc00255_chunk017,3518
doc00255_chunk018,3519
doc00255_chunk019,3520
doc00255_chunk020,3521
doc00255_chunk021,3522
doc00255_chunk022,3523
doc00255_chunk023,3524
doc00255_chunk024,3525
doc00256_chunk000,3526
doc00256_chunk001,3527
doc00256_chunk002,3528
doc00256_chunk003,3529
doc00256_chunk004,3530
doc00256_chunk005,3531
doc00256_chunk006,3532
doc00256_chunk007,3533
doc00256_chunk008,3534
doc00256_chunk009,3535
doc00256_chunk010,3536
doc00256_chunk011,3537
doc00256_chunk012,3538
doc00256_chunk013,3539
doc00256_chunk014,3540
doc00256_chunk015,3541
doc00256_chunk016,3542
doc00256_chunk017,3543
doc00256_chunk018,3544
doc00256_chunk019,3545
doc00256_chunk020,3546
doc00256_chunk021,3547
doc00256_chunk022,3548
doc00256_chunk023,3549
doc00256_chunk024,3550
doc00257_chunk000,3551
doc00257_chunk001,3552
doc00257_chunk002,3553
doc00257_chunk003,3554
doc00257_chunk004,3555
doc00257_chunk005,3556
doc00258_chunk000,3557
doc00258_chunk001,3558
doc00258_chunk002,3559
doc00258_chunk003,3560
doc00258_chunk004,3561
doc00258_chunk005,3562
doc00258_chunk006,3563
doc00258_chunk007,3564
doc00259_chunk000,3565
doc00259_chunk001,3566
doc00259_chunk002,3567
doc00259_chunk003,3568
doc00259_chunk004,3569
doc00259_chunk005,3570
doc00259_chunk006,3571
doc00259_chunk007,3572
doc00259_chunk008,3573
doc00259_chunk009,3574
doc00259_chunk010,3575
doc00259_chunk011,3576
doc00260_chunk000,3577
doc00260_chunk001,3578
doc00260_chunk002,3579
doc00260_chunk003,3580
doc00260_chunk004,3581
doc00260_chunk005,3582
doc00260_chunk006,3583
doc00260_chunk007,3584
doc00260_chunk008,3585
doc00260_chunk009,3586
doc00260_chunk010,3587
doc00260_chunk011,3588
doc00260_chunk012,3589
doc00260_chunk013,3590
doc00260_chunk014,3591
doc00260_chunk015,3592
doc00260_chunk016,3593
doc00260_chunk017,3594
doc00260_chunk018,3595
doc00260_chunk019,3596
doc00260_chunk020,3597
doc00260_chunk021,3598
doc00260_chunk022,3599
doc00260_chunk023,3600
doc00260_chunk024,3601
doc00260_chunk025,3602
doc00260_chunk026,3603
doc00260_chunk027,3604
doc00260_chunk028,3605
doc00260_chunk029,3606
doc00260_chunk030,3607
doc00260_chunk031,3608
doc00260_chunk032,3609
doc00260_chunk033,3610
doc00260_chunk034,3611
doc00260_chunk035,3612
doc00260_chunk036,3613
doc00260_chunk037,3614
doc00260_chunk038,3615
doc00260_chunk039,3616
doc00260_chunk040,3617
doc00260_chunk041,3618
doc00260_chunk042,3619
doc00260_chunk043,3620
doc00260_chunk044,3621
doc00260_chunk045,3622
doc00260_chunk046,3623
doc00260_chunk047,3624
doc00260_chunk048,3625
doc00260_chunk049,3626
doc00260_chunk050,3627
doc00260_chunk051,3628
doc00260_chunk052,3629
doc00260_chunk053,3630
doc00260_chunk054,3631
doc00260_chunk055,3632
doc00260_chunk056,3633
doc00260_chunk057,3634
doc00261_chunk000,3635
doc00261_chunk001,3636
doc00261_chunk002,3637
doc00261_chunk003,3638
doc00261_chunk004,3639
doc00261_chunk005,3640
doc00261_chunk006,3641
doc00261_chunk007,3642
doc00261_chunk008,3643
doc00261_chunk009,3644
doc00261_chunk010,3645
doc00261_chunk011,3646
doc00261_chunk012,3647
doc00262_chunk000,3648
doc00262_chunk001,3649
doc00262_chunk002,3650
doc00262_chunk003,3651
doc00262_chunk004,3652
doc00262_chunk005,3653
doc00262_chunk006,3654
doc00262_chunk007,3655
doc00263_chunk000,3656
doc00263_chunk001,3657
doc00263_chunk002,3658
doc00263_chunk003,3659
doc00263_chunk004,3660
doc00263_chunk005,3661
doc00263_chunk006,3662
doc00263_chunk007,3663
doc00264_chunk000,3664
doc00264_chunk001,3665
doc00264_chunk002,3666
doc00264_chunk003,3667
doc00264_chunk004,3668
doc00264_chunk005,3669
doc00264_chunk006,3670
doc00264_chunk007,3671
doc00264_chunk008,3672
doc00264_chunk009,3673
doc00264_chunk010,3674
doc00264_chunk011,3675
doc00264_chunk012,3676
doc00264_chunk013,3677
doc00264_chunk014,3678
doc00264_chunk015,3679
doc00264_chunk016,3680
doc00264_chunk017,3681
doc00264_chunk018,3682
doc00264_chunk019,3683
doc00264_chunk020,3684
doc00264_chunk021,3685
doc00264_chunk022,3686
doc00264_chunk023,3687
doc00264_chunk024,3688
doc00264_chunk025,3689
doc00264_chunk026,3690
doc00264_chunk027,3691
doc00264_chunk028,3692
doc00265_chunk000,3693
doc00265_chunk001,3694
doc00265_chunk002,3695
doc00265_chunk003,3696
doc00265_chunk004,3697
doc00265_chunk005,3698
doc00265_chunk006,3699
doc00265_chunk007,3700
doc00265_chunk008,3701
doc00265_chunk009,3702
doc00265_chunk010,3703
doc00266_chunk000,3704
doc00266_chunk001,3705
doc00266_chunk002,3706
doc00266_chunk003,3707
doc00266_chunk004,3708
doc00266_chunk005,3709
doc00266_chunk006,3710
doc00266_chunk007,3711
doc00266_chunk008,3712
doc00266_chunk009,3713
doc00266_chunk010,3714
doc00266_chunk011,3715
doc00266_chunk012,3716
doc00266_chunk013,3717
doc00266_chunk014,3718
doc00267_chunk000,3719
doc00267_chunk001,3720
doc00268_chunk000,3721
doc00268_chunk001,3722
doc00268_chunk002,3723
doc00268_chunk003,3724
doc00269_chunk000,3725
doc00269_chunk001,3726
doc00269_chunk002,3727
doc00269_chunk003,3728
doc00270_chunk000,3729
doc00270_chunk001,3730
doc00270_chunk002,3731
doc00270_chunk003,3732
doc00270_chunk004,3733
doc00270_chunk005,3734
doc00270_chunk006,3735
doc00270_chunk007,3736
doc00270_chunk008,3737
doc00270_chunk009,3738
doc00270_chunk010,3739
doc00270_chunk011,3740
doc00270_chunk012,3741
doc00270_chunk013,3742
doc00270_chunk014,3743
doc00270_chunk015,3744
doc00270_chunk016,3745
doc00270_chunk017,3746
doc00271_chunk000,3747
doc00271_chunk001,3748
doc00271_chunk002,3749
doc00271_chunk003,3750
doc00271_chunk004,3751
doc00271_chunk005,3752
doc00271_chunk006,3753
doc00271_chunk007,3754
doc00271_chunk008,3755
doc00271_chunk009,3756
doc00271_chunk010,3757
doc00271_chunk011,3758
doc00271_chunk012,3759
doc00271_chunk013,3760
doc00271_chunk014,3761
doc00271_chunk015,3762
doc00271_chunk016,3763
doc00271_chunk017,3764
doc00271_chunk018,3765
doc00271_chunk019,3766
doc00271_chunk020,3767
doc00271_chunk021,3768
doc00271_chunk022,3769
doc00271_chunk023,3770
doc00271_chunk024,3771
doc00271_chunk025,3772
doc00271_chunk026,3773
doc00272_chunk000,3774
doc00272_chunk001,3775
doc00272_chunk002,3776
doc00272_chunk003,3777
doc00272_chunk004,3778
doc00273_chunk000,3779
doc00273_chunk001,3780
doc00273_chunk002,3781
doc00273_chunk003,3782
doc00273_chunk004,3783
doc00273_chunk005,3784
doc00273_chunk006,3785
doc00273_chunk007,3786
doc00273_chunk008,3787
doc00273_chunk009,3788
doc00274_chunk000,3789
doc00274_chunk001,3790
doc00274_chunk002,3791
doc00274_chunk003,3792
doc00274_chunk004,3793
doc00274_chunk005,3794
doc00274_chunk006,3795
doc00274_chunk007,3796
doc00274_chunk008,3797
doc00274_chunk009,3798
doc00274_chunk010,3799
doc00274_chunk011,3800
doc00274_chunk012,3801
doc00274_chunk013,3802
doc00274_chunk014,3803
doc00274_chunk015,3804
doc00275_chunk000,3805
doc00276_chunk000,3806
doc00276_chunk001,3807
doc00276_chunk002,3808
doc00276_chunk003,3809
doc00276_chunk004,3810
doc00276_chunk005,3811
doc00276_chunk006,3812
doc00276_chunk007,3813
doc00277_chunk000,3814
doc00277_chunk001,3815
doc00277_chunk002,3816
doc00277_chunk003,3817
doc00277_chunk004,3818
doc00277_chunk005,3819
doc00277_chunk006,3820
doc00277_chunk007,3821
doc00277_chunk008,3822
doc00277_chunk009,3823
doc00277_chunk010,3824
doc00278_chunk000,3825
doc00278_chunk001,3826
doc00278_chunk002,3827
doc00278_chunk003,3828
doc00278_chunk004,3829
doc00278_chunk005,3830
doc00278_chunk006,3831
doc00278_chunk007,3832
doc00278_chunk008,3833
doc00278_chunk009,3834
doc00278_chunk010,3835
doc00278_chunk011,3836
doc00278_chunk012,3837
doc00278_chunk013,3838
doc00278_chunk014,3839
doc00278_chunk015,3840
doc00278_chunk016,3841
doc00278_chunk017,3842
doc00278_chunk018,3843
doc00278_chunk019,3844
doc00278_chunk020,3845
doc00278_chunk021,3846
doc00278_chunk022,3847
doc00278_chunk023,3848
doc00278_chunk024,3849
doc00278_chunk025,3850
doc00278_chunk026,3851
doc00278_chunk027,3852
doc00278_chunk028,3853
doc00278_chunk029,3854
doc00278_chunk030,3855
doc00278_chunk031,3856
doc00278_chunk032,3857
doc00279_chunk000,3858
doc00279_chunk001,3859
doc00279_chunk002,3860
doc00279_chunk003,3861
doc00279_chunk004,3862
doc00279_chunk005,3863
doc00279_chunk006,3864
doc00279_chunk007,3865
doc00279_chunk008,3866
doc00279_chunk009,3867
doc00279_chunk010,3868
doc00279_chunk011,3869
doc00279_chunk012,3870
doc00280_chunk000,3871
doc00281_chunk000,3872
doc00281_chunk001,3873
doc00281_chunk002,3874
doc00281_chunk003,3875
doc00281_chunk004,3876
doc00281_chunk005,3877
doc00281_chunk006,3878
doc00281_chunk007,3879
doc00281_chunk008,3880
doc00281_chunk009,3881
doc00281_chunk010,3882
doc00281_chunk011,3883
doc00281_chunk012,3884
doc00281_chunk013,3885
doc00281_chunk014,3886
doc00281_chunk015,3887
doc00281_chunk016,3888
doc00281_chunk017,3889
doc00281_chunk018,3890
doc00281_chunk019,3891
doc00281_chunk020,3892
doc00281_chunk021,3893
doc00281_chunk022,3894
doc00281_chunk023,3895
doc00281_chunk024,3896
doc00281_chunk025,3897
doc00281_chunk026,3898
doc00281_chunk027,3899
doc00281_chunk028,3900
doc00281_chunk029,3901
doc00281_chunk030,3902
doc00281_chunk031,3903
doc00281_chunk032,3904
doc00282_chunk000,3905
doc00282_chunk001,3906
doc00282_chunk002,3907
doc00282_chunk003,3908
doc00282_chunk004,3909
doc00282_chunk005,3910
doc00282_chunk006,3911
doc00282_chunk007,3912
doc00282_chunk008,3913
doc00282_chunk009,3914
doc00282_chunk010,3915
doc00282_chunk011,3916
doc00282_chunk012,3917
doc00282_chunk013,3918
doc00282_chunk014,3919
doc00282_chunk015,3920
doc00282_chunk016,3921
doc00282_chunk017,3922
doc00282_chunk018,3923
doc00282_chunk019,3924
doc00282_chunk020,3925
doc00282_chunk021,3926
doc00282_chunk022,3927
doc00282_chunk023,3928
doc00282_chunk024,3929
doc00282_chunk025,3930
doc00282_chunk026,3931
doc00282_chunk027,3932
doc00282_chunk028,3933
doc00282_chunk029,3934
doc00282_chunk030,3935
doc00282_chunk031,3936
doc00283_chunk000,3937
doc00283_chunk001,3938
doc00283_chunk002,3939
doc00283_chunk003,3940
doc00284_chunk000,3941
doc00284_chunk001,3942
doc00284_chunk002,3943
doc00284_chunk003,3944
doc00284_chunk004,3945
doc00284_chunk005,3946
doc00284_chunk006,3947
doc00284_chunk007,3948
doc00284_chunk008,3949
doc00284_chunk009,3950
doc00284_chunk010,3951
doc00284_chunk011,3952
doc00284_chunk012,3953
doc00284_chunk013,3954
doc00284_chunk014,3955
doc00284_chunk015,3956
doc00284_chunk016,3957
doc00284_chunk017,3958
doc00284_chunk018,3959
doc00284_chunk019,3960
doc00284_chunk020,3961
doc00284_chunk021,3962
doc00284_chunk022,3963
doc00284_chunk023,3964
doc00284_chunk024,3965
doc00284_chunk025,3966
doc00285_chunk000,3967
doc00285_chunk001,3968
doc00285_chunk002,3969
doc00285_chunk003,3970
doc00285_chunk004,3971
doc00285_chunk005,3972
doc00285_chunk006,3973
doc00285_chunk007,3974
doc00285_chunk008,3975
doc00286_chunk000,3976
doc00286_chunk001,3977
doc00286_chunk002,3978
doc00286_chunk003,3979
doc00286_chunk004,3980
doc00286_chunk005,3981
doc00286_chunk006,3982
doc00286_chunk007,3983
doc00286_chunk008,3984
doc00286_chunk009,3985
doc00286_chunk010,3986
doc00286_chunk011,3987
doc00286_chunk012,3988
doc00287_chunk000,3989
doc00287_chunk001,3990
doc00287_chunk002,3991
doc00287_chunk003,3992
doc00288_chunk000,3993
doc00288_chunk001,3994
doc00288_chunk002,3995
doc00288_chunk003,3996
doc00288_chunk004,3997
doc00288_chunk005,3998
doc00288_chunk006,3999
doc00288_chunk007,4000
doc00288_chunk008,4001
doc00288_chunk009,4002
doc00288_chunk010,4003
doc00288_chunk011,4004
doc00288_chunk012,4005
doc00288_chunk013,4006
doc00288_chunk014,4007
doc00289_chunk000,4008
doc00290_chunk000,4009
doc00290_chunk001,4010
doc00290_chunk002,4011
doc00290_chunk003,4012
doc00290_chunk004,4013
doc00290_chunk005,4014
doc00290_chunk006,4015
doc00290_chunk007,4016
doc00290_chunk008,4017
doc00290_chunk009,4018
doc00291_chunk000,4019
doc00292_chunk000,4020
doc00292_chunk001,4021
doc00292_chunk002,4022
doc00292_chunk003,4023
doc00292_chunk004,4024
doc00292_chunk005,4025
doc00292_chunk006,4026
doc00292_chunk007,4027
doc00292_chunk008,4028
doc00292_chunk009,4029
doc00293_chunk000,4030
doc00293_chunk001,4031
doc00293_chunk002,4032
doc00294_chunk000,4033
doc00294_chunk001,4034
doc00294_chunk002,4035
doc00294_chunk003,4036
doc00294_chunk004,4037
doc00294_chunk005,4038
doc00294_chunk006,4039
doc00294_chunk007,4040
doc00294_chunk008,4041
doc00294_chunk009,4042
doc00294_chunk010,4043
doc00294_chunk011,4044
doc00294_chunk012,4045
doc00294_chunk013,4046
doc00294_chunk014,4047
doc00294_chunk015,4048
doc00295_chunk000,4049
doc00295_chunk001,4050
doc00295_chunk002,4051
doc00296_chunk000,4052
doc00296_chunk001,4053
doc00296_chunk002,4054
doc00296_chunk003,4055
doc00296_chunk004,4056
doc00296_chunk005,4057
doc00296_chunk006,4058
doc00296_chunk007,4059
doc00296_chunk008,4060
doc00296_chunk009,4061
doc00296_chunk010,4062
doc00296_chunk011,4063
doc00296_chunk012,4064
doc00296_chunk013,4065
doc00296_chunk014,4066
doc00296_chunk015,4067
doc00296_chunk016,4068
doc00296_chunk017,4069
doc00296_chunk018,4070
doc00296_chunk019,4071
doc00296_chunk020,4072
doc00296_chunk021,4073
doc00296_chunk022,4074
doc00297_chunk000,4075
doc00297_chunk001,4076
doc00297_chunk002,4077
doc00297_chunk003,4078
doc00297_chunk004,4079
doc00297_chunk005,4080
doc00297_chunk006,4081
doc00297_chunk007,4082
doc00297_chunk008,4083
doc00297_chunk009,4084
doc00297_chunk010,4085
doc00297_chunk011,4086
doc00297_chunk012,4087
doc00297_chunk013,4088
doc00297_chunk014,4089
doc00297_chunk015,4090
doc00297_chunk016,4091
doc00297_chunk017,4092
doc00297_chunk018,4093
doc00297_chunk019,4094
doc00297_chunk020,4095
doc00297_chunk021,4096
doc00298_chunk000,4097
doc00298_chunk001,4098
doc00298_chunk002,4099
doc00298_chunk003,4100
doc00298_chunk004,4101
doc00298_chunk005,4102
doc00298_chunk006,4103
doc00298_chunk007,4104
doc00298_chunk008,4105
doc00298_chunk009,4106
doc00298_chunk010,4107
doc00298_chunk011,4108
doc00298_chunk012,4109
doc00298_chunk013,4110
doc00298_chunk014,4111
doc00298_chunk015,4112
doc00299_chunk000,4113
doc00299_chunk001,4114
doc00299_chunk002,4115
doc00299_chunk003,4116
doc00299_chunk004,4117
doc00299_chunk005,4118
doc00299_chunk006,4119
doc00299_chunk007,4120
doc00299_chunk008,4121
doc00299_chunk009,4122
doc00299_chunk010,4123
doc00299_chunk011,4124
doc00299_chunk012,4125
doc00299_chunk013,4126
doc00299_chunk014,4127
doc00299_chunk015,4128
doc00299_chunk016,4129
doc00299_chunk017,4130
doc00299_chunk018,4131
doc00299_chunk019,4132
doc00299_chunk020,4133
doc00300_chunk000,4134
doc00300_chunk001,4135
doc00300_chunk002,4136
doc00300_chunk003,4137
doc00300_chunk004,4138
doc00300_chunk005,4139
doc00300_chunk006,4140
doc00300_chunk007,4141
doc00300_chunk008,4142
doc00300_chunk009,4143
doc00301_chunk000,4144
doc00301_chunk001,4145
doc00301_chunk002,4146
doc00301_chunk003,4147
doc00301_chunk004,4148
doc00301_chunk005,4149
doc00301_chunk006,4150
doc00301_chunk007,4151
doc00301_chunk008,4152
doc00301_chunk009,4153
doc00302_chunk000,4154
doc00302_chunk001,4155
doc00302_chunk002,4156
doc00303_chunk000,4157
doc00303_chunk001,4158
doc00303_chunk002,4159
doc00303_chunk003,4160
doc00303_chunk004,4161
doc00303_chunk005,4162
doc00304_chunk000,4163
doc00304_chunk001,4164
doc00304_chunk002,4165
doc00304_chunk003,4166
doc00304_chunk004,4167
doc00304_chunk005,4168
doc00304_chunk006,4169
doc00304_chunk007,4170
doc00304_chunk008,4171
doc00304_chunk009,4172
doc00304_chunk010,4173
doc00304_chunk011,4174
doc00304_chunk012,4175
doc00304_chunk013,4176
doc00304_chunk014,4177
doc00304_chunk015,4178
doc00304_chunk016,4179
doc00304_chunk017,4180
doc00304_chunk018,4181
doc00304_chunk019,4182
doc00304_chunk020,4183
doc00304_chunk021,4184
doc00304_chunk022,4185
doc00304_chunk023,4186
doc00304_chunk024,4187
doc00304_chunk025,4188
doc00304_chunk026,4189
doc00304_chunk027,4190
doc00304_chunk028,4191
doc00304_chunk029,4192
doc00304_chunk030,4193
doc00304_chunk031,4194
doc00304_chunk032,4195
doc00304_chunk033,4196
doc00304_chunk034,4197
doc00304_chunk035,4198
doc00304_chunk036,4199
doc00305_chunk000,4200
doc00305_chunk001,4201
doc00305_chunk002,4202
doc00305_chunk003,4203
doc00305_chunk004,4204
doc00305_chunk005,4205
doc00305_chunk006,4206
doc00305_chunk007,4207
doc00305_chunk008,4208
doc00305_chunk009,4209
doc00305_chunk010,4210
doc00305_chunk011,4211
doc00305_chunk012,4212
doc00305_chunk013,4213
doc00305_chunk014,4214
doc00305_chunk015,4215
doc00305_chunk016,4216
doc00305_chunk017,4217
doc00305_chunk018,4218
doc00305_chunk019,4219
doc00305_chunk020,4220
doc00305_chunk021,4221
doc00305_chunk022,4222
doc00305_chunk023,4223
doc00305_chunk024,4224
doc00305_chunk025,4225
doc00305_chunk026,4226
doc00306_chunk000,4227
doc00306_chunk001,4228
doc00306_chunk002,4229
doc00306_chunk003,4230
doc00306_chunk004,4231
doc00306_chunk005,4232
doc00306_chunk006,4233
doc00306_chunk007,4234
doc00306_chunk008,4235
doc00306_chunk009,4236
doc00306_chunk010,4237
doc00306_chunk011,4238
doc00307_chunk000,4239
doc00308_chunk000,4240
doc00308_chunk001,4241
doc00308_chunk002,4242
doc00308_chunk003,4243
doc00309_chunk000,4244
doc00309_chunk001,4245
doc00310_chunk000,4246
doc00310_chunk001,4247
doc00310_chunk002,4248
doc00310_chunk003,4249
doc00310_chunk004,4250
doc00310_chunk005,4251
doc00310_chunk006,4252
doc00310_chunk007,4253
doc00310_chunk008,4254
doc00311_chunk000,4255
doc00311_chunk001,4256
doc00311_chunk002,4257
doc00311_chunk003,4258
doc00311_chunk004,4259
doc00311_chunk005,4260
doc00311_chunk006,4261
doc00311_chunk007,4262
doc00311_chunk008,4263
doc00311_chunk009,4264
doc00311_chunk010,4265
doc00311_chunk011,4266
doc00311_chunk012,4267
doc00311_chunk013,4268
doc00311_chunk014,4269
doc00311_chunk015,4270
doc00311_chunk016,4271
doc00311_chunk017,4272
doc00311_chunk018,4273
doc00311_chunk019,4274
doc00311_chunk020,4275
doc00311_chunk021,4276
doc00311_chunk022,4277
doc00311_chunk023,4278
doc00311_chunk024,4279
doc00311_chunk025,4280
doc00311_chunk026,4281
doc00311_chunk027,4282
doc00311_chunk028,4283
doc00311_chunk029,4284
doc00311_chunk030,4285
doc00311_chunk031,4286
doc00311_chunk032,4287
doc00311_chunk033,4288
doc00311_chunk034,4289
doc00311_chunk035,4290
doc00311_chunk036,4291
doc00311_chunk037,4292
doc00311_chunk038,4293
doc00311_chunk039,4294
doc00312_chunk000,4295
doc00312_chunk001,4296
doc00312_chunk002,4297
doc00312_chunk003,4298
doc00312_chunk004,4299
doc00312_chunk005,4300
doc00312_chunk006,4301
doc00312_chunk007,4302
doc00313_chunk000,4303
doc00313_chunk001,4304
doc00313_chunk002,4305
doc00313_chunk003,4306
doc00313_chunk004,4307
doc00313_chunk005,4308
doc00313_chunk006,4309
doc00313_chunk007,4310
doc00313_chunk008,4311
doc00313_chunk009,4312
doc00313_chunk010,4313
doc00313_chunk011,4314
doc00313_chunk012,4315
doc00313_chunk013,4316
doc00313_chunk014,4317
doc00314_chunk000,4318
doc00314_chunk001,4319
doc00314_chunk002,4320
doc00314_chunk003,4321
doc00314_chunk004,4322
doc00315_chunk000,4323
doc00315_chunk001,4324
doc00315_chunk002,4325
doc00315_chunk003,4326
doc00315_chunk004,4327
doc00315_chunk005,4328
doc00315_chunk006,4329
doc00315_chunk007,4330
doc00315_chunk008,4331
doc00315_chunk009,4332
doc00315_chunk010,4333
doc00315_chunk011,4334
doc00315_chunk012,4335
doc00315_chunk013,4336
doc00315_chunk014,4337
doc00315_chunk015,4338
doc00316_chunk000,4339
doc00316_chunk001,4340
doc00316_chunk002,4341
doc00316_chunk003,4342
doc00316_chunk004,4343
doc00316_chunk005,4344
doc00316_chunk006,4345
doc00316_chunk007,4346
doc00316_chunk008,4347
doc00316_chunk009,4348
doc00316_chunk010,4349
doc00316_chunk011,4350
doc00316_chunk012,4351
doc00316_chunk013,4352
doc00316_chunk014,4353
doc00316_chunk015,4354
doc00316_chunk016,4355
doc00317_chunk000,4356
doc00317_chunk001,4357
doc00317_chunk002,4358
doc00317_chunk003,4359
doc00317_chunk004,4360
doc00317_chunk005,4361
doc00317_chunk006,4362
doc00317_chunk007,4363
doc00317_chunk008,4364
doc00317_chunk009,4365
doc00317_chunk010,4366
doc00317_chunk011,4367
doc00317_chunk012,4368
doc00317_chunk013,4369
doc00317_chunk014,4370
doc00317_chunk015,4371
doc00318_chunk000,4372
doc00318_chunk001,4373
doc00318_chunk002,4374
doc00318_chunk003,4375
doc00318_chunk004,4376
doc00318_chunk005,4377
doc00318_chunk006,4378
doc00318_chunk007,4379
doc00318_chunk008,4380
doc00318_chunk009,4381
doc00318_chunk010,4382
doc00318_chunk011,4383
doc00318_chunk012,4384
doc00318_chunk013,4385
doc00319_chunk000,4386
doc00319_chunk001,4387
doc00319_chunk002,4388
doc00319_chunk003,4389
doc00319_chunk004,4390
doc00319_chunk005,4391
doc00319_chunk006,4392
doc00319_chunk007,4393
doc00319_chunk008,4394
doc00319_chunk009,4395
doc00320_chunk000,4396
doc00320_chunk001,4397
doc00320_chunk002,4398
doc00320_chunk003,4399
doc00320_chunk004,4400
doc00320_chunk005,4401
doc00320_chunk006,4402
doc00320_chunk007,4403
doc00320_chunk008,4404
doc00320_chunk009,4405
doc00320_chunk010,4406
doc00320_chunk011,4407
doc00320_chunk012,4408
doc00321_chunk000,4409
doc00321_chunk001,4410
doc00321_chunk002,4411
doc00321_chunk003,4412
doc00321_chunk004,4413
doc00321_chunk005,4414
doc00321_chunk006,4415
doc00322_chunk000,4416
doc00322_chunk001,4417
doc00322_chunk002,4418
doc00322_chunk003,4419
doc00322_chunk004,4420
doc00322_chunk005,4421
doc00323_chunk000,4422
doc00323_chunk001,4423
doc00323_chunk002,4424
doc00323_chunk003,4425
doc00323_chunk004,4426
doc00323_chunk005,4427
doc00323_chunk006,4428
doc00323_chunk007,4429
doc00323_chunk008,4430
doc00323_chunk009,4431
doc00323_chunk010,4432
doc00323_chunk011,4433
doc00323_chunk012,4434
doc00323_chunk013,4435
doc00323_chunk014,4436
doc00324_chunk000,4437
doc00324_chunk001,4438
doc00324_chunk002,4439
doc00324_chunk003,4440
doc00324_chunk004,4441
doc00324_chunk005,4442
doc00324_chunk006,4443
doc00325_chunk000,4444
doc00325_chunk001,4445
doc00325_chunk002,4446
doc00325_chunk003,4447
doc00325_chunk004,4448
doc00325_chunk005,4449
doc00325_chunk006,4450
doc00325_chunk007,4451
doc00325_chunk008,4452
doc00325_chunk009,4453
doc00325_chunk010,4454
doc00325_chunk011,4455
doc00325_chunk012,4456
doc00325_chunk013,4457
doc00325_chunk014,4458
doc00325_chunk015,4459
doc00325_chunk016,4460
doc00325_chunk017,4461
doc00325_chunk018,4462
doc00325_chunk019,4463
doc00325_chunk020,4464
doc00325_chunk021,4465
doc00325_chunk022,4466
doc00325_chunk023,4467
doc00325_chunk024,4468
doc00325_chunk025,4469
doc00325_chunk026,4470
doc00325_chunk027,4471
doc00325_chunk028,4472
doc00325_chunk029,4473
doc00325_chunk030,4474
doc00325_chunk031,4475
doc00325_chunk032,4476
doc00325_chunk033,4477
doc00325_chunk034,4478
doc00325_chunk035,4479
doc00325_chunk036,4480
doc00325_chunk037,4481
doc00326_chunk000,4482
doc00326_chunk001,4483
doc00326_chunk002,4484
doc00326_chunk003,4485
doc00326_chunk004,4486
doc00326_chunk005,4487
doc00326_chunk006,4488
doc00327_chunk000,4489
doc00327_chunk001,4490
doc00327_chunk002,4491
doc00327_chunk003,4492
doc00328_chunk000,4493
doc00328_chunk001,4494
doc00328_chunk002,4495
doc00328_chunk003,4496
doc00328_chunk004,4497
doc00329_chunk000,4498
doc00329_chunk001,4499
doc00330_chunk000,4500
doc00330_chunk001,4501
doc00330_chunk002,4502
doc00330_chunk003,4503
doc00330_chunk004,4504
doc00330_chunk005,4505
doc00330_chunk006,4506
doc00330_chunk007,4507
doc00330_chunk008,4508
doc00330_chunk009,4509
doc00330_chunk010,4510
doc00330_chunk011,4511
doc00330_chunk012,4512
doc00330_chunk013,4513
doc00330_chunk014,4514
doc00331_chunk000,4515
doc00331_chunk001,4516
doc00331_chunk002,4517
doc00331_chunk003,4518
doc00331_chunk004,4519
doc00331_chunk005,4520
doc00331_chunk006,4521
doc00331_chunk007,4522
doc00331_chunk008,4523
doc00332_chunk000,4524
doc00332_chunk001,4525
doc00332_chunk002,4526
doc00332_chunk003,4527
doc00333_chunk000,4528
doc00333_chunk001,4529
doc00333_chunk002,4530
doc00333_chunk003,4531
doc00333_chunk004,4532
doc00333_chunk005,4533
doc00333_chunk006,4534
doc00333_chunk007,4535
doc00333_chunk008,4536
doc00333_chunk009,4537
doc00333_chunk010,4538
doc00333_chunk011,4539
doc00334_chunk000,4540
doc00334_chunk001,4541
doc00334_chunk002,4542
doc00334_chunk003,4543
doc00334_chunk004,4544
doc00334_chunk005,4545
doc00334_chunk006,4546
doc00334_chunk007,4547
doc00334_chunk008,4548
doc00334_chunk009,4549
doc00335_chunk000,4550
doc00335_chunk001,4551
doc00335_chunk002,4552
doc00335_chunk003,4553
doc00336_chunk000,4554
doc00336_chunk001,4555
doc00336_chunk002,4556
doc00337_chunk000,4557
doc00338_chunk000,4558
doc00338_chunk001,4559
doc00338_chunk002,4560
doc00338_chunk003,4561
doc00338_chunk004,4562
doc00338_chunk005,4563
doc00339_chunk000,4564
doc00339_chunk001,4565
doc00339_chunk002,4566
doc00339_chunk003,4567
doc00339_chunk004,4568
doc00339_chunk005,4569
doc00339_chunk006,4570
doc00339_chunk007,4571
doc00339_chunk008,4572
doc00339_chunk009,4573
doc00339_chunk010,4574
doc00339_chunk011,4575
doc00339_chunk012,4576
doc00339_chunk013,4577
doc00339_chunk014,4578
doc00339_chunk015,4579
doc00340_chunk000,4580
doc00340_chunk001,4581
doc00340_chunk002,4582
doc00340_chunk003,4583
doc00340_chunk004,4584
doc00340_chunk005,4585
doc00341_chunk000,4586
doc00341_chunk001,4587
doc00341_chunk002,4588
doc00342_chunk000,4589
doc00342_chunk001,4590
doc00342_chunk002,4591
doc00342_chunk003,4592
doc00343_chunk000,4593
doc00343_chunk001,4594
doc00343_chunk002,4595
doc00343_chunk003,4596
doc00343_chunk004,4597
doc00343_chunk005,4598
doc00343_chunk006,4599
doc00343_chunk007,4600
doc00343_chunk008,4601
doc00343_chunk009,4602
doc00343_chunk010,4603
doc00344_chunk000,4604
doc00344_chunk001,4605
doc00344_chunk002,4606
doc00344_chunk003,4607
doc00344_chunk004,4608
doc00344_chunk005,4609
doc00344_chunk006,4610
doc00344_chunk007,4611
doc00344_chunk008,4612
doc00344_chunk009,4613
doc00344_chunk010,4614
doc00344_chunk011,4615
doc00344_chunk012,4616
doc00345_chunk000,4617
doc00345_chunk001,4618
doc00345_chunk002,4619
doc00345_chunk003,4620
doc00345_chunk004,4621
doc00345_chunk005,4622
doc00345_chunk006,4623
doc00345_chunk007,4624
doc00345_chunk008,4625
doc00345_chunk009,4626
doc00345_chunk010,4627
doc00345_chunk011,4628
doc00345_chunk012,4629
doc00345_chunk013,4630
doc00346_chunk000,4631
doc00346_chunk001,4632
doc00346_chunk002,4633
doc00346_chunk003,4634
doc00346_chunk004,4635
doc00346_chunk005,4636
doc00347_chunk000,4637
doc00347_chunk001,4638
doc00347_chunk002,4639
doc00347_chunk003,4640
doc00348_chunk000,4641
doc00348_chunk001,4642
doc00348_chunk002,4643
doc00348_chunk003,4644
doc00348_chunk004,4645
doc00348_chunk005,4646
doc00348_chunk006,4647
doc00348_chunk007,4648
doc00348_chunk008,4649
doc00348_chunk009,4650
doc00348_chunk010,4651
doc00348_chunk011,4652
doc00349_chunk000,4653
doc00349_chunk001,4654
doc00349_chunk002,4655
doc00349_chunk003,4656
doc00349_chunk004,4657
doc00349_chunk005,4658
doc00350_chunk000,4659
doc00350_chunk001,4660
doc00350_chunk002,4661
doc00351_chunk000,4662
doc00351_chunk001,4663
doc00351_chunk002,4664
doc00351_chunk003,4665
doc00351_chunk004,4666
doc00351_chunk005,4667
doc00351_chunk006,4668
doc00351_chunk007,4669
doc00351_chunk008,4670
doc00351_chunk009,4671
doc00351_chunk010,4672
doc00351_chunk011,4673
doc00351_chunk012,4674
doc00352_chunk000,4675
doc00352_chunk001,4676
doc00352_chunk002,4677
doc00352_chunk003,4678
doc00352_chunk004,4679
doc00352_chunk005,4680
doc00352_chunk006,4681
doc00352_chunk007,4682
doc00352_chunk008,4683
doc00352_chunk009,4684
doc00352_chunk010,4685
doc00352_chunk011,4686
doc00352_chunk012,4687
doc00352_chunk013,4688
doc00352_chunk014,4689
doc00353_chunk000,4690
doc00353_chunk001,4691
doc00353_chunk002,4692
doc00353_chunk003,4693
doc00353_chunk004,4694
doc00353_chunk005,4695
doc00353_chunk006,4696
doc00353_chunk007,4697
doc00353_chunk008,4698
doc00353_chunk009,4699
doc00353_chunk010,4700
doc00353_chunk011,4701
doc00353_chunk012,4702
doc00353_chunk013,4703
doc00353_chunk014,4704
doc00354_chunk000,4705
doc00354_chunk001,4706
doc00354_chunk002,4707
doc00354_chunk003,4708
doc00355_chunk000,4709
doc00355_chunk001,4710
doc00355_chunk002,4711
doc00356_chunk000,4712
doc00356_chunk001,4713
doc00356_chunk002,4714
doc00356_chunk003,4715
doc00356_chunk004,4716
doc00356_chunk005,4717
doc00356_chunk006,4718
doc00356_chunk007,4719
doc00356_chunk008,4720
doc00356_chunk009,4721
doc00356_chunk010,4722
doc00356_chunk011,4723
doc00356_chunk012,4724
doc00356_chunk013,4725
doc00356_chunk014,4726
doc00356_chunk015,4727
doc00356_chunk016,4728
doc00356_chunk017,4729
doc00356_chunk018,4730
doc00357_chunk000,4731
doc00357_chunk001,4732
doc00357_chunk002,4733
doc00357_chunk003,4734
doc00357_chunk004,4735
doc00357_chunk005,4736
doc00358_chunk000,4737
doc00358_chunk001,4738
doc00358_chunk002,4739
doc00358_chunk003,4740
doc00358_chunk004,4741
doc00358_chunk005,4742
doc00358_chunk006,4743
doc00358_chunk007,4744
doc00358_chunk008,4745
doc00358_chunk009,4746
doc00358_chunk010,4747
doc00358_chunk011,4748
doc00358_chunk012,4749
doc00358_chunk013,4750
doc00358_chunk014,4751
doc00358_chunk015,4752
doc00358_chunk016,4753
doc00358_chunk017,4754
doc00358_chunk018,4755
doc00359_chunk000,4756
doc00359_chunk001,4757
doc00359_chunk002,4758
doc00359_chunk003,4759
doc00359_chunk004,4760
doc00359_chunk005,4761
doc00359_chunk006,4762
doc00359_chunk007,4763
doc00359_chunk008,4764
doc00359_chunk009,4765
doc00359_chunk010,4766
doc00359_chunk011,4767
doc00359_chunk012,4768
doc00359_chunk013,4769
doc00359_chunk014,4770
doc00359_chunk015,4771
doc00359_chunk016,4772
doc00359_chunk017,4773
doc00359_chunk018,4774
doc00359_chunk019,4775
doc00359_chunk020,4776
doc00359_chunk021,4777
doc00359_chunk022,4778
doc00359_chunk023,4779
doc00359_chunk024,4780
doc00359_chunk025,4781
doc00359_chunk026,4782
doc00360_chunk000,4783
doc00360_chunk001,4784
doc00360_chunk002,4785
doc00360_chunk003,4786
doc00360_chunk004,4787
doc00360_chunk005,4788
doc00360_chunk006,4789
doc00360_chunk007,4790
doc00360_chunk008,4791
doc00360_chunk009,4792
doc00360_chunk010,4793
doc00360_chunk011,4794
doc00360_chunk012,4795
doc00360_chunk013,4796
doc00360_chunk014,4797
doc00360_chunk015,4798
doc00360_chunk016,4799
doc00361_chunk000,4800
doc00361_chunk001,4801
doc00361_chunk002,4802
doc00361_chunk003,4803
doc00361_chunk004,4804
doc00362_chunk000,4805
doc00362_chunk001,4806
doc00362_chunk002,4807
doc00362_chunk003,4808
doc00362_chunk004,4809
doc00362_chunk005,4810
doc00362_chunk006,4811
doc00362_chunk007,4812
doc00362_chunk008,4813
doc00362_chunk009,4814
doc00362_chunk010,4815
doc00362_chunk011,4816
doc00362_chunk012,4817
doc00363_chunk000,4818
doc00363_chunk001,4819
doc00363_chunk002,4820
doc00363_chunk003,4821
doc00363_chunk004,4822
doc00363_chunk005,4823
doc00363_chunk006,4824
doc00363_chunk007,4825
doc00363_chunk008,4826
doc00363_chunk009,4827
doc00363_chunk010,4828
doc00363_chunk011,4829
doc00363_chunk012,4830
doc00363_chunk013,4831
doc00363_chunk014,4832
doc00363_chunk015,4833
doc00363_chunk016,4834
doc00363_chunk017,4835
doc00364_chunk000,4836
doc00364_chunk001,4837
doc00364_chunk002,4838
doc00364_chunk003,4839
doc00365_chunk000,4840
doc00365_chunk001,4841
doc00365_chunk002,4842
doc00365_chunk003,4843
doc00365_chunk004,4844
doc00365_chunk005,4845
doc00366_chunk000,4846
doc00366_chunk001,4847
doc00366_chunk002,4848
doc00366_chunk003,4849
doc00366_chunk004,4850
doc00366_chunk005,4851
doc00366_chunk006,4852
doc00366_chunk007,4853
doc00366_chunk008,4854
doc00366_chunk009,4855
doc00366_chunk010,4856
doc00367_chunk000,4857
doc00367_chunk001,4858
doc00368_chunk000,4859
doc00368_chunk001,4860
doc00368_chunk002,4861
doc00368_chunk003,4862
doc00368_chunk004,4863
doc00369_chunk000,4864
doc00369_chunk001,4865
doc00369_chunk002,4866
doc00369_chunk003,4867
doc00369_chunk004,4868
doc00369_chunk005,4869
doc00369_chunk006,4870
doc00369_chunk007,4871
doc00369_chunk008,4872
doc00369_chunk009,4873
doc00369_chunk010,4874
doc00369_chunk011,4875
doc00369_chunk012,4876
doc00369_chunk013,4877
doc00369_chunk014,4878
doc00369_chunk015,4879
doc00369_chunk016,4880
doc00369_chunk017,4881
doc00369_chunk018,4882
doc00369_chunk019,4883
doc00369_chunk020,4884
doc00369_chunk021,4885
doc00369_chunk022,4886
doc00369_chunk023,4887
doc00369_chunk024,4888
doc00369_chunk025,4889
doc00369_chunk026,4890
doc00370_chunk000,4891
doc00370_chunk001,4892
doc00370_chunk002,4893
doc00370_chunk003,4894
doc00370_chunk004,4895
doc00370_chunk005,4896
doc00371_chunk000,4897
doc00371_chunk001,4898
doc00371_chunk002,4899
doc00371_chunk003,4900
doc00371_chunk004,4901
doc00371_chunk005,4902
doc00371_chunk006,4903
doc00371_chunk007,4904
doc00371_chunk008,4905
doc00371_chunk009,4906
doc00371_chunk010,4907
doc00371_chunk011,4908
doc00371_chunk012,4909
doc00372_chunk000,4910
doc00372_chunk001,4911
doc00372_chunk002,4912
doc00372_chunk003,4913
doc00372_chunk004,4914
doc00372_chunk005,4915
doc00372_chunk006,4916
doc00372_chunk007,4917
doc00372_chunk008,4918
doc00372_chunk009,4919
doc00372_chunk010,4920
doc00372_chunk011,4921
doc00372_chunk012,4922
doc00372_chunk013,4923
doc00372_chunk014,4924
doc00372_chunk015,4925
doc00372_chunk016,4926
doc00372_chunk017,4927
doc00372_chunk018,4928
doc00372_chunk019,4929
doc00372_chunk020,4930
doc00373_chunk000,4931
doc00373_chunk001,4932
doc00373_chunk002,4933
doc00373_chunk003,4934
doc00374_chunk000,4935
doc00374_chunk001,4936
doc00374_chunk002,4937
doc00374_chunk003,4938
doc00374_chunk004,4939
doc00374_chunk005,4940
doc00374_chunk006,4941
doc00374_chunk007,4942
doc00374_chunk008,4943
doc00374_chunk009,4944
doc00374_chunk010,4945
doc00374_chunk011,4946
doc00374_chunk012,4947
doc00374_chunk013,4948
doc00374_chunk014,4949
doc00374_chunk015,4950
doc00374_chunk016,4951
doc00374_chunk017,4952
doc00374_chunk018,4953
doc00374_chunk019,4954
doc00374_chunk020,4955
doc00374_chunk021,4956
doc00374_chunk022,4957
doc00374_chunk023,4958
doc00374_chunk024,4959
doc00375_chunk000,4960
doc00375_chunk001,4961
doc00376_chunk000,4962
doc00376_chunk001,4963
doc00376_chunk002,4964
doc00376_chunk003,4965
doc00376_chunk004,4966
doc00376_chunk005,4967
doc00376_chunk006,4968
doc00376_chunk007,4969
doc00376_chunk008,4970
doc00376_chunk009,4971
doc00376_chunk010,4972
doc00376_chunk011,4973
doc00376_chunk012,4974
doc00377_chunk000,4975
doc00377_chunk001,4976
doc00378_chunk000,4977
doc00378_chunk001,4978
doc00378_chunk002,4979
doc00378_chunk003,4980
doc00379_chunk000,4981
doc00379_chunk001,4982
doc00379_chunk002,4983
doc00379_chunk003,4984
doc00379_chunk004,4985
doc00379_chunk005,4986
doc00379_chunk006,4987
doc00379_chunk007,4988
doc00380_chunk000,4989
doc00380_chunk001,4990
doc00380_chunk002,4991
doc00381_chunk000,4992
doc00381_chunk001,4993
doc00381_chunk002,4994
doc00381_chunk003,4995
doc00381_chunk004,4996
doc00381_chunk005,4997
doc00381_chunk006,4998
doc00382_chunk000,4999
doc00382_chunk001,5000
doc00382_chunk002,5001
doc00382_chunk003,5002
doc00382_chunk004,5003
doc00382_chunk005,5004
doc00382_chunk006,5005
doc00382_chunk007,5006
doc00382_chunk008,5007
doc00382_chunk009,5008
doc00382_chunk010,5009
doc00382_chunk011,5010
doc00382_chunk012,5011
doc00382_chunk013,5012
doc00382_chunk014,5013
doc00382_chunk015,5014
doc00383_chunk000,5015
doc00383_chunk001,5016
doc00383_chunk002,5017
doc00384_chunk000,5018
doc00384_chunk001,5019
doc00384_chunk002,5020
doc00384_chunk003,5021
doc00384_chunk004,5022
doc00384_chunk005,5023
doc00384_chunk006,5024
doc00384_chunk007,5025
doc00384_chunk008,5026
doc00385_chunk000,5027
doc00385_chunk001,5028
doc00385_chunk002,5029
doc00385_chunk003,5030
doc00385_chunk004,5031
doc00385_chunk005,5032
doc00386_chunk000,5033
doc00387_chunk000,5034
doc00387_chunk001,5035
doc00387_chunk002,5036
doc00387_chunk003,5037
doc00387_chunk004,5038
doc00388_chunk000,5039
doc00388_chunk001,5040
doc00388_chunk002,5041
doc00388_chunk003,5042
doc00388_chunk004,5043
doc00388_chunk005,5044
doc00388_chunk006,5045
doc00388_chunk007,5046
doc00388_chunk008,5047
doc00388_chunk009,5048
doc00388_chunk010,5049
doc00388_chunk011,5050
doc00388_chunk012,5051
doc00388_chunk013,5052
doc00388_chunk014,5053
doc00388_chunk015,5054
doc00388_chunk016,5055
doc00388_chunk017,5056
doc00388_chunk018,5057
doc00389_chunk000,5058
doc00389_chunk001,5059
doc00389_chunk002,5060
doc00389_chunk003,5061
doc00389_chunk004,5062
doc00389_chunk005,5063
doc00389_chunk006,5064
doc00389_chunk007,5065
doc00389_chunk008,5066
doc00389_chunk009,5067
doc00389_chunk010,5068
doc00389_chunk011,5069
doc00389_chunk012,5070
doc00389_chunk013,5071
doc00389_chunk014,5072
doc00389_chunk015,5073
doc00389_chunk016,5074
doc00389_chunk017,5075
doc00389_chunk018,5076
doc00389_chunk019,5077
doc00389_chunk020,5078
doc00389_chunk021,5079
doc00389_chunk022,5080
doc00390_chunk000,5081
doc00390_chunk001,5082
doc00390_chunk002,5083
doc00390_chunk003,5084
doc00390_chunk004,5085
doc00390_chunk005,5086
doc00390_chunk006,5087
doc00390_chunk007,5088
doc00391_chunk000,5089
doc00391_chunk001,5090
doc00392_chunk000,5091
doc00392_chunk001,5092
doc00392_chunk002,5093
doc00392_chunk003,5094
doc00392_chunk004,5095
doc00392_chunk005,5096
doc00392_chunk006,5097
doc00392_chunk007,5098
doc00392_chunk008,5099
doc00392_chunk009,5100
doc00392_chunk010,5101
doc00392_chunk011,5102
doc00393_chunk000,5103
doc00393_chunk001,5104
doc00394_chunk000,5105
doc00394_chunk001,5106
doc00394_chunk002,5107
doc00394_chunk003,5108
doc00394_chunk004,5109
doc00394_chunk005,5110
doc00394_chunk006,5111
doc00394_chunk007,5112
doc00394_chunk008,5113
doc00395_chunk000,5114
doc00395_chunk001,5115
doc00395_chunk002,5116
doc00395_chunk003,5117
doc00395_chunk004,5118
doc00395_chunk005,5119
doc00395_chunk006,5120
doc00395_chunk007,5121
doc00395_chunk008,5122
doc00395_chunk009,5123
doc00395_chunk010,5124
doc00396_chunk000,5125
doc00396_chunk001,5126
doc00396_chunk002,5127
doc00396_chunk003,5128
doc00396_chunk004,5129
doc00396_chunk005,5130
doc00396_chunk006,5131
doc00396_chunk007,5132
doc00396_chunk008,5133
doc00396_chunk009,5134
doc00396_chunk010,5135
doc00397_chunk000,5136
doc00397_chunk001,5137
doc00397_chunk002,5138
doc00397_chunk003,5139
doc00397_chunk004,5140
doc00397_chunk005,5141
doc00397_chunk006,5142
doc00397_chunk007,5143
doc00397_chunk008,5144
doc00398_chunk000,5145
doc00398_chunk001,5146
doc00398_chunk002,5147
doc00398_chunk003,5148
doc00398_chunk004,5149
doc00398_chunk005,5150
doc00398_chunk006,5151
doc00398_chunk007,5152
doc00398_chunk008,5153
doc00398_chunk009,5154
doc00398_chunk010,5155
doc00398_chunk011,5156
doc00398_chunk012,5157
doc00399_chunk000,5158
doc00399_chunk001,5159
doc00399_chunk002,5160
doc00399_chunk003,5161
doc00400_chunk000,5162
doc00400_chunk001,5163
doc00400_chunk002,5164
doc00400_chunk003,5165
doc00400_chunk004,5166
doc00400_chunk005,5167
doc00400_chunk006,5168
doc00400_chunk007,5169
doc00400_chunk008,5170
doc00400_chunk009,5171
doc00400_chunk010,5172
doc00400_chunk011,5173
doc00400_chunk012,5174
doc00400_chunk013,5175
doc00400_chunk014,5176
doc00400_chunk015,5177
doc00400_chunk016,5178
doc00401_chunk000,5179
doc00401_chunk001,5180
doc00401_chunk002,5181
doc00401_chunk003,5182
doc00401_chunk004,5183
doc00401_chunk005,5184
doc00401_chunk006,5185
doc00401_chunk007,5186
doc00401_chunk008,5187
doc00401_chunk009,5188
doc00401_chunk010,5189
doc00401_chunk011,5190
doc00401_chunk012,5191
doc00401_chunk013,5192
doc00402_chunk000,5193
doc00402_chunk001,5194
doc00402_chunk002,5195
doc00402_chunk003,5196
doc00402_chunk004,5197
doc00402_chunk005,5198
doc00402_chunk006,5199
doc00402_chunk007,5200
doc00402_chunk008,5201
doc00402_chunk009,5202
doc00402_chunk010,5203
doc00402_chunk011,5204
doc00402_chunk012,5205
doc00402_chunk013,5206
doc00402_chunk014,5207
doc00402_chunk015,5208
doc00402_chunk016,5209
doc00402_chunk017,5210
doc00402_chunk018,5211
doc00402_chunk019,5212
doc00403_chunk000,5213
doc00403_chunk001,5214
doc00403_chunk002,5215
doc00404_chunk000,5216
doc00404_chunk001,5217
doc00404_chunk002,5218
doc00405_chunk000,5219
doc00405_chunk001,5220
doc00405_chunk002,5221
doc00405_chunk003,5222
doc00405_chunk004,5223
doc00405_chunk005,5224
doc00405_chunk006,5225
doc00405_chunk007,5226
doc00405_chunk008,5227
doc00405_chunk009,5228
doc00405_chunk010,5229
doc00405_chunk011,5230
doc00405_chunk012,5231
doc00405_chunk013,5232
doc00405_chunk014,5233
doc00405_chunk015,5234
doc00405_chunk016,5235
doc00406_chunk000,5236
doc00406_chunk001,5237
doc00406_chunk002,5238
doc00406_chunk003,5239
doc00406_chunk004,5240
doc00406_chunk005,5241
doc00406_chunk006,5242
doc00406_chunk007,5243
doc00406_chunk008,5244
doc00406_chunk009,5245
doc00406_chunk010,5246
doc00406_chunk011,5247
doc00406_chunk012,5248
doc00406_chunk013,5249
doc00406_chunk014,5250
doc00407_chunk000,5251
doc00407_chunk001,5252
doc00407_chunk002,5253
doc00407_chunk003,5254
doc00407_chunk004,5255
doc00407_chunk005,5256
doc00407_chunk006,5257
doc00407_chunk007,5258
doc00407_chunk008,5259
doc00407_chunk009,5260
doc00408_chunk000,5261
doc00408_chunk001,5262
doc00408_chunk002,5263
doc00408_chunk003,5264
doc00408_chunk004,5265
doc00408_chunk005,5266
doc00408_chunk006,5267
doc00408_chunk007,5268
doc00408_chunk008,5269
doc00409_chunk000,5270
doc00409_chunk001,5271
doc00409_chunk002,5272
doc00409_chunk003,5273
doc00409_chunk004,5274
doc00409_chunk005,5275
doc00409_chunk006,5276
doc00410_chunk000,5277
doc00410_chunk001,5278
doc00410_chunk002,5279
doc00410_chunk003,5280
doc00410_chunk004,5281
doc00410_chunk005,5282
doc00410_chunk006,5283
doc00410_chunk007,5284
doc00410_chunk008,5285
doc00410_chunk009,5286
doc00410_chunk010,5287
doc00410_chunk011,5288
doc00410_chunk012,5289
doc00410_chunk013,5290
doc00410_chunk014,5291
doc00410_chunk015,5292
doc00410_chunk016,5293
doc00410_chunk017,5294
doc00411_chunk000,5295
doc00411_chunk001,5296
doc00411_chunk002,5297
doc00411_chunk003,5298
doc00411_chunk004,5299
doc00411_chunk005,5300
doc00411_chunk006,5301
doc00411_chunk007,5302
doc00411_chunk008,5303
doc00412_chunk000,5304
doc00412_chunk001,5305
doc00412_chunk002,5306
doc00412_chunk003,5307
doc00412_chunk004,5308
doc00412_chunk005,5309
doc00412_chunk006,5310
doc00412_chunk007,5311
doc00412_chunk008,5312
doc00412_chunk009,5313
doc00412_chunk010,5314
doc00412_chunk011,5315
doc00412_chunk012,5316
doc00412_chunk013,5317
doc00412_chunk014,5318
doc00412_chunk015,5319
doc00412_chunk016,5320
doc00412_chunk017,5321
doc00412_chunk018,5322
doc00413_chunk000,5323
doc00413_chunk001,5324
doc00413_chunk002,5325
doc00413_chunk003,5326
doc00413_chunk004,5327
doc00413_chunk005,5328
doc00413_chunk006,5329
doc00413_chunk007,5330
doc00413_chunk008,5331
doc00413_chunk009,5332
doc00413_chunk010,5333
doc00413_chunk011,5334
doc00413_chunk012,5335
doc00413_chunk013,5336
doc00413_chunk014,5337
doc00414_chunk000,5338
doc00414_chunk001,5339
doc00414_chunk002,5340
doc00414_chunk003,5341
doc00414_chunk004,5342
doc00415_chunk000,5343
doc00415_chunk001,5344
doc00415_chunk002,5345
doc00415_chunk003,5346
doc00415_chunk004,5347
doc00415_chunk005,5348
doc00415_chunk006,5349
doc00415_chunk007,5350
doc00415_chunk008,5351
doc00415_chunk009,5352
doc00415_chunk010,5353
doc00415_chunk011,5354
doc00415_chunk012,5355
doc00415_chunk013,5356
doc00415_chunk014,5357
doc00415_chunk015,5358
doc00415_chunk016,5359
doc00415_chunk017,5360
doc00416_chunk000,5361
doc00416_chunk001,5362
doc00416_chunk002,5363
doc00416_chunk003,5364
doc00416_chunk004,5365
doc00416_chunk005,5366
doc00416_chunk006,5367
doc00416_chunk007,5368
doc00417_chunk000,5369
doc00417_chunk001,5370
doc00417_chunk002,5371
doc00417_chunk003,5372
doc00417_chunk004,5373
doc00417_chunk005,5374
doc00417_chunk006,5375
doc00417_chunk007,5376
doc00417_chunk008,5377
doc00417_chunk009,5378
doc00417_chunk010,5379
doc00417_chunk011,5380
doc00418_chunk000,5381
doc00418_chunk001,5382
doc00418_chunk002,5383
doc00418_chunk003,5384
doc00419_chunk000,5385
doc00419_chunk001,5386
doc00419_chunk002,5387
doc00419_chunk003,5388
doc00419_chunk004,5389
doc00419_chunk005,5390
doc00419_chunk006,5391
doc00419_chunk007,5392
doc00419_chunk008,5393
doc00419_chunk009,5394
doc00419_chunk010,5395
doc00419_chunk011,5396
doc00419_chunk012,5397
doc00419_chunk013,5398
doc00419_chunk014,5399
doc00419_chunk015,5400
doc00419_chunk016,5401
doc00419_chunk017,5402
doc00419_chunk018,5403
doc00419_chunk019,5404
doc00419_chunk020,5405
doc00419_chunk021,5406
doc00419_chunk022,5407
doc00419_chunk023,5408
doc00419_chunk024,5409
doc00419_chunk025,5410
doc00419_chunk026,5411
doc00419_chunk027,5412
doc00420_chunk000,5413
doc00420_chunk001,5414
doc00420_chunk002,5415
doc00420_chunk003,5416
doc00420_chunk004,5417
doc00420_chunk005,5418
doc00420_chunk006,5419
doc00420_chunk007,5420
doc00420_chunk008,5421
doc00420_chunk009,5422
doc00420_chunk010,5423
doc00420_chunk011,5424
doc00420_chunk012,5425
doc00420_chunk013,5426
doc00420_chunk014,5427
doc00421_chunk000,5428
doc00422_chunk000,5429
doc00422_chunk001,5430
doc00422_chunk002,5431
doc00422_chunk003,5432
doc00422_chunk004,5433
doc00423_chunk000,5434
doc00423_chunk001,5435
doc00424_chunk000,5436
doc00424_chunk001,5437
doc00424_chunk002,5438
doc00424_chunk003,5439
doc00424_chunk004,5440
doc00424_chunk005,5441
doc00425_chunk000,5442
doc00425_chunk001,5443
doc00425_chunk002,5444
doc00425_chunk003,5445
doc00425_chunk004,5446
doc00425_chunk005,5447
doc00425_chunk006,5448
doc00425_chunk007,5449
doc00425_chunk008,5450
doc00425_chunk009,5451
doc00426_chunk000,5452
doc00426_chunk001,5453
doc00426_chunk002,5454
doc00426_chunk003,5455
doc00426_chunk004,5456
doc00426_chunk005,5457
doc00427_chunk000,5458
doc00427_chunk001,5459
doc00427_chunk002,5460
doc00427_chunk003,5461
doc00427_chunk004,5462
doc00427_chunk005,5463
doc00427_chunk006,5464
doc00427_chunk007,5465
doc00427_chunk008,5466
doc00427_chunk009,5467
doc00427_chunk010,5468
doc00427_chunk011,5469
doc00427_chunk012,5470
doc00427_chunk013,5471
doc00427_chunk014,5472
doc00428_chunk000,5473
doc00428_chunk001,5474
doc00428_chunk002,5475
doc00428_chunk003,5476
doc00428_chunk004,5477
doc00428_chunk005,5478
doc00428_chunk006,5479
doc00428_chunk007,5480
doc00428_chunk008,5481
doc00428_chunk009,5482
doc00428_chunk010,5483
doc00428_chunk011,5484
doc00428_chunk012,5485
doc00428_chunk013,5486
doc00428_chunk014,5487
doc00429_chunk000,5488
doc00429_chunk001,5489
doc00429_chunk002,5490
doc00429_chunk003,5491
doc00429_chunk004,5492
doc00429_chunk005,5493
doc00429_chunk006,5494
doc00429_chunk007,5495
doc00429_chunk008,5496
doc00429_chunk009,5497
doc00429_chunk010,5498
doc00429_chunk011,5499
doc00429_chunk012,5500
doc00429_chunk013,5501
doc00429_chunk014,5502
doc00429_chunk015,5503
doc00429_chunk016,5504
doc00429_chunk017,5505
doc00429_chunk018,5506
doc00429_chunk019,5507
doc00429_chunk020,5508
doc00429_chunk021,5509
doc00429_chunk022,5510
doc00429_chunk023,5511
doc00429_chunk024,5512
doc00429_chunk025,5513
doc00429_chunk026,5514
doc00429_chunk027,5515
doc00430_chunk000,5516
doc00430_chunk001,5517
doc00430_chunk002,5518
doc00430_chunk003,5519
doc00430_chunk004,5520
doc00430_chunk005,5521
doc00430_chunk006,5522
doc00430_chunk007,5523
doc00430_chunk008,5524
doc00430_chunk009,5525
doc00430_chunk010,5526
doc00430_chunk011,5527
doc00430_chunk012,5528
doc00430_chunk013,5529
doc00430_chunk014,5530
doc00430_chunk015,5531
doc00430_chunk016,5532
doc00431_chunk000,5533
doc00431_chunk001,5534
doc00431_chunk002,5535
doc00431_chunk003,5536
doc00431_chunk004,5537
doc00431_chunk005,5538
doc00431_chunk006,5539
doc00431_chunk007,5540
doc00431_chunk008,5541
doc00431_chunk009,5542
doc00431_chunk010,5543
doc00431_chunk011,5544
doc00431_chunk012,5545
doc00431_chunk013,5546
doc00432_chunk000,5547
doc00432_chunk001,5548
doc00432_chunk002,5549
doc00432_chunk003,5550
doc00432_chunk004,5551
doc00432_chunk005,5552
doc00432_chunk006,5553
doc00432_chunk007,5554
doc00432_chunk008,5555
doc00432_chunk009,5556
doc00432_chunk010,5557
doc00432_chunk011,5558
doc00432_chunk012,5559
doc00432_chunk013,5560
doc00432_chunk014,5561
doc00433_chunk000,5562
doc00433_chunk001,5563
doc00433_chunk002,5564
doc00433_chunk003,5565
doc00433_chunk004,5566
doc00433_chunk005,5567
doc00433_chunk006,5568
doc00433_chunk007,5569
doc00433_chunk008,5570
doc00433_chunk009,5571
doc00433_chunk010,5572
doc00433_chunk011,5573
doc00433_chunk012,5574
doc00433_chunk013,5575
doc00434_chunk000,5576
doc00434_chunk001,5577
doc00434_chunk002,5578
doc00435_chunk000,5579
doc00435_chunk001,5580
doc00436_chunk000,5581
doc00437_chunk000,5582
doc00438_chunk000,5583
doc00438_chunk001,5584
doc00439_chunk000,5585
doc00439_chunk001,5586
doc00439_chunk002,5587
doc00440_chunk000,5588
doc00440_chunk001,5589
doc00440_chunk002,5590
doc00440_chunk003,5591
doc00440_chunk004,5592
doc00441_chunk000,5593
doc00441_chunk001,5594
doc00441_chunk002,5595
doc00441_chunk003,5596
doc00441_chunk004,5597
doc00441_chunk005,5598
doc00442_chunk000,5599
doc00442_chunk001,5600
doc00442_chunk002,5601
doc00442_chunk003,5602
doc00442_chunk004,5603
doc00442_chunk005,5604
doc00442_chunk006,5605
doc00442_chunk007,5606
doc00442_chunk008,5607
doc00442_chunk009,5608
doc00442_chunk010,5609
doc00442_chunk011,5610
doc00442_chunk012,5611
doc00442_chunk013,5612
doc00442_chunk014,5613
doc00442_chunk015,5614
doc00443_chunk000,5615
doc00443_chunk001,5616
doc00443_chunk002,5617
doc00443_chunk003,5618
doc00443_chunk004,5619
doc00443_chunk005,5620
doc00443_chunk006,5621
doc00443_chunk007,5622
doc00443_chunk008,5623
doc00443_chunk009,5624
doc00443_chunk010,5625
doc00443_chunk011,5626
doc00443_chunk012,5627
doc00443_chunk013,5628
doc00443_chunk014,5629
doc00443_chunk015,5630
doc00443_chunk016,5631
doc00443_chunk017,5632
doc00443_chunk018,5633
doc00443_chunk019,5634
doc00443_chunk020,5635
doc00443_chunk021,5636
doc00443_chunk022,5637
doc00444_chunk000,5638
doc00444_chunk001,5639
doc00444_chunk002,5640
doc00444_chunk003,5641
doc00444_chunk004,5642
doc00445_chunk000,5643
doc00445_chunk001,5644
doc00445_chunk002,5645
doc00445_chunk003,5646
doc00445_chunk004,5647
doc00445_chunk005,5648
doc00445_chunk006,5649
doc00445_chunk007,5650
doc00445_chunk008,5651
doc00445_chunk009,5652
doc00445_chunk010,5653
doc00445_chunk011,5654
doc00445_chunk012,5655
doc00445_chunk013,5656
doc00445_chunk014,5657
doc00445_chunk015,5658
doc00445_chunk016,5659
doc00445_chunk017,5660
doc00445_chunk018,5661
doc00445_chunk019,5662
doc00445_chunk020,5663
doc00445_chunk021,5664
doc00445_chunk022,5665
doc00445_chunk023,5666
doc00445_chunk024,5667
doc00446_chunk000,5668
doc00446_chunk001,5669
doc00446_chunk002,5670
doc00446_chunk003,5671
doc00446_chunk004,5672
doc00446_chunk005,5673
doc00446_chunk006,5674
doc00446_chunk007,5675
doc00447_chunk000,5676
doc00447_chunk001,5677
doc00447_chunk002,5678
doc00447_chunk003,5679
doc00447_chunk004,5680
doc00447_chunk005,5681
doc00447_chunk006,5682
doc00447_chunk007,5683
doc00447_chunk008,5684
doc00448_chunk000,5685
doc00448_chunk001,5686
doc00448_chunk002,5687
doc00449_chunk000,5688
doc00449_chunk001,5689
doc00449_chunk002,5690
doc00449_chunk003,5691
doc00449_chunk004,5692
doc00449_chunk005,5693
doc00449_chunk006,5694
doc00449_chunk007,5695
doc00449_chunk008,5696
doc00449_chunk009,5697
doc00449_chunk010,5698
doc00449_chunk011,5699
doc00450_chunk000,5700
doc00450_chunk001,5701
doc00450_chunk002,5702
doc00450_chunk003,5703
doc00450_chunk004,5704
doc00450_chunk005,5705
doc00450_chunk006,5706
doc00450_chunk007,5707
doc00450_chunk008,5708
doc00450_chunk009,5709
doc00450_chunk010,5710
doc00450_chunk011,5711
doc00450_chunk012,5712
doc00450_chunk013,5713
doc00450_chunk014,5714
doc00450_chunk015,5715
doc00450_chunk016,5716
doc00450_chunk017,5717
doc00450_chunk018,5718
doc00450_chunk019,5719
doc00450_chunk020,5720
doc00450_chunk021,5721
doc00450_chunk022,5722
doc00450_chunk023,5723
doc00450_chunk024,5724
doc00450_chunk025,5725
doc00450_chunk026,5726
doc00450_chunk027,5727
doc00450_chunk028,5728
doc00450_chunk029,5729
doc00450_chunk030,5730
doc00450_chunk031,5731
doc00450_chunk032,5732
doc00451_chunk000,5733
doc00451_chunk001,5734
doc00451_chunk002,5735
doc00451_chunk003,5736
doc00452_chunk000,5737
doc00452_chunk001,5738
doc00452_chunk002,5739
doc00452_chunk003,5740
doc00452_chunk004,5741
doc00452_chunk005,5742
doc00452_chunk006,5743
doc00452_chunk007,5744
doc00452_chunk008,5745
doc00452_chunk009,5746
doc00452_chunk010,5747
doc00452_chunk011,5748
doc00452_chunk012,5749
doc00452_chunk013,5750
doc00452_chunk014,5751
doc00452_chunk015,5752
doc00452_chunk016,5753
doc00452_chunk017,5754
doc00452_chunk018,5755
doc00452_chunk019,5756
doc00452_chunk020,5757
doc00452_chunk021,5758
doc00452_chunk022,5759
doc00452_chunk023,5760
doc00452_chunk024,5761
doc00452_chunk025,5762
doc00453_chunk000,5763
doc00453_chunk001,5764
doc00453_chunk002,5765
doc00453_chunk003,5766
doc00453_chunk004,5767
doc00453_chunk005,5768
doc00453_chunk006,5769
doc00453_chunk007,5770
doc00453_chunk008,5771
doc00453_chunk009,5772
doc00453_chunk010,5773
doc00453_chunk011,5774
doc00454_chunk000,5775
doc00454_chunk001,5776
doc00454_chunk002,5777
doc00454_chunk003,5778
doc00454_chunk004,5779
doc00454_chunk005,5780
doc00454_chunk006,5781
doc00454_chunk007,5782
doc00454_chunk008,5783
doc00454_chunk009,5784
doc00454_chunk010,5785
doc00454_chunk011,5786
doc00454_chunk012,5787
doc00455_chunk000,5788
doc00455_chunk001,5789
doc00455_chunk002,5790
doc00455_chunk003,5791
doc00455_chunk004,5792
doc00455_chunk005,5793
doc00455_chunk006,5794
doc00455_chunk007,5795
doc00455_chunk008,5796
doc00455_chunk009,5797
doc00455_chunk010,5798
doc00455_chunk011,5799
doc00456_chunk000,5800
doc00456_chunk001,5801
doc00457_chunk000,5802
doc00457_chunk001,5803
doc00457_chunk002,5804
doc00457_chunk003,5805
doc00457_chunk004,5806
doc00457_chunk005,5807
doc00457_chunk006,5808
doc00457_chunk007,5809
doc00457_chunk008,5810
doc00457_chunk009,5811
doc00457_chunk010,5812
doc00457_chunk011,5813
doc00457_chunk012,5814
doc00458_chunk000,5815
doc00458_chunk001,5816
doc00458_chunk002,5817
doc00458_chunk003,5818
doc00458_chunk004,5819
doc00458_chunk005,5820
doc00459_chunk000,5821
doc00459_chunk001,5822
doc00459_chunk002,5823
doc00459_chunk003,5824
doc00459_chunk004,5825
doc00459_chunk005,5826
doc00459_chunk006,5827
doc00459_chunk007,5828
doc00459_chunk008,5829
doc00460_chunk000,5830
doc00460_chunk001,5831
doc00460_chunk002,5832
doc00460_chunk003,5833
doc00460_chunk004,5834
doc00461_chunk000,5835
doc00461_chunk001,5836
doc00461_chunk002,5837
doc00462_chunk000,5838
doc00462_chunk001,5839
doc00462_chunk002,5840
doc00462_chunk003,5841
doc00462_chunk004,5842
doc00462_chunk005,5843
doc00462_chunk006,5844
doc00462_chunk007,5845
doc00462_chunk008,5846
doc00462_chunk009,5847
doc00462_chunk010,5848
doc00462_chunk011,5849
doc00462_chunk012,5850
doc00463_chunk000,5851
doc00464_chunk000,5852
doc00465_chunk000,5853
doc00465_chunk001,5854
doc00465_chunk002,5855
doc00465_chunk003,5856
doc00465_chunk004,5857
doc00465_chunk005,5858
doc00465_chunk006,5859
doc00465_chunk007,5860
doc00465_chunk008,5861
doc00465_chunk009,5862
doc00465_chunk010,5863
doc00465_chunk011,5864
doc00465_chunk012,5865
doc00466_chunk000,5866
doc00466_chunk001,5867
doc00466_chunk002,5868
doc00466_chunk003,5869
doc00466_chunk004,5870
doc00466_chunk005,5871
doc00466_chunk006,5872
doc00466_chunk007,5873
doc00466_chunk008,5874
doc00466_chunk009,5875
doc00466_chunk010,5876
doc00466_chunk011,5877
doc00466_chunk012,5878
doc00466_chunk013,5879
doc00466_chunk014,5880
doc00466_chunk015,5881
doc00466_chunk016,5882
doc00467_chunk000,5883
doc00467_chunk001,5884
doc00467_chunk002,5885
doc00467_chunk003,5886
doc00467_chunk004,5887
doc00467_chunk005,5888
doc00467_chunk006,5889
doc00467_chunk007,5890
doc00467_chunk008,5891
doc00467_chunk009,5892
doc00467_chunk010,5893
doc00467_chunk011,5894
doc00467_chunk012,5895
doc00467_chunk013,5896
doc00467_chunk014,5897
doc00468_chunk000,5898
doc00468_chunk001,5899
doc00468_chunk002,5900
doc00468_chunk003,5901
doc00468_chunk004,5902
doc00468_chunk005,5903
doc00468_chunk006,5904
doc00468_chunk007,5905
doc00468_chunk008,5906
doc00468_chunk009,5907
doc00469_chunk000,5908
doc00469_chunk001,5909
doc00470_chunk000,5910
doc00471_chunk000,5911
doc00472_chunk000,5912
doc00472_chunk001,5913
doc00472_chunk002,5914
doc00472_chunk003,5915
doc00472_chunk004,5916
doc00472_chunk005,5917
doc00472_chunk006,5918
doc00472_chunk007,5919
doc00472_chunk008,5920
doc00472_chunk009,5921
doc00472_chunk010,5922
doc00472_chunk011,5923
doc00472_chunk012,5924
doc00472_chunk013,5925
doc00472_chunk014,5926
doc00472_chunk015,5927
doc00472_chunk016,5928
doc00472_chunk017,5929
doc00473_chunk000,5930
doc00473_chunk001,5931
doc00473_chunk002,5932
doc00473_chunk003,5933
doc00473_chunk004,5934
doc00474_chunk000,5935
doc00474_chunk001,5936
doc00474_chunk002,5937
doc00474_chunk003,5938
doc00474_chunk004,5939
doc00474_chunk005,5940
doc00475_chunk000,5941
doc00475_chunk001,5942
doc00475_chunk002,5943
doc00476_chunk000,5944
doc00476_chunk001,5945
doc00476_chunk002,5946
doc00476_chunk003,5947
doc00476_chunk004,5948
doc00476_chunk005,5949
doc00476_chunk006,5950
doc00476_chunk007,5951
doc00476_chunk008,5952
doc00476_chunk009,5953
doc00476_chunk010,5954
doc00476_chunk011,5955
doc00476_chunk012,5956
doc00477_chunk000,5957
doc00477_chunk001,5958
doc00477_chunk002,5959
doc00478_chunk000,5960
doc00478_chunk001,5961
doc00478_chunk002,5962
doc00478_chunk003,5963
doc00478_chunk004,5964
doc00478_chunk005,5965
doc00478_chunk006,5966
doc00478_chunk007,5967
doc00478_chunk008,5968
doc00478_chunk009,5969
doc00478_chunk010,5970
doc00478_chunk011,5971
doc00479_chunk000,5972
doc00479_chunk001,5973
doc00479_chunk002,5974
doc00479_chunk003,5975
doc00479_chunk004,5976
doc00479_chunk005,5977
doc00479_chunk006,5978
doc00479_chunk007,5979
doc00479_chunk008,5980
doc00479_chunk009,5981
doc00479_chunk010,5982
doc00479_chunk011,5983
doc00479_chunk012,5984
doc00479_chunk013,5985
doc00479_chunk014,5986
doc00479_chunk015,5987
doc00479_chunk016,5988
doc00479_chunk017,5989
doc00479_chunk018,5990
doc00480_chunk000,5991
doc00480_chunk001,5992
doc00480_chunk002,5993
doc00480_chunk003,5994
doc00480_chunk004,5995
doc00480_chunk005,5996
doc00480_chunk006,5997
doc00480_chunk007,5998
doc00480_chunk008,5999
doc00480_chunk009,6000
doc00480_chunk010,6001
doc00480_chunk011,6002
doc00480_chunk012,6003
doc00480_chunk013,6004
doc00480_chunk014,6005
doc00480_chunk015,6006
doc00480_chunk016,6007
doc00481_chunk000,6008
doc00481_chunk001,6009
doc00481_chunk002,6010
doc00481_chunk003,6011
doc00481_chunk004,6012
doc00481_chunk005,6013
doc00481_chunk006,6014
doc00481_chunk007,6015
doc00481_chunk008,6016
doc00482_chunk000,6017
doc00483_chunk000,6018
doc00483_chunk001,6019
doc00483_chunk002,6020
doc00483_chunk003,6021
doc00484_chunk000,6022
doc00484_chunk001,6023
doc00485_chunk000,6024
doc00485_chunk001,6025
doc00485_chunk002,6026
doc00485_chunk003,6027
doc00485_chunk004,6028
doc00485_chunk005,6029
doc00485_chunk006,6030
doc00486_chunk000,6031
doc00486_chunk001,6032
doc00486_chunk002,6033
doc00486_chunk003,6034
doc00486_chunk004,6035
doc00486_chunk005,6036
doc00486_chunk006,6037
doc00486_chunk007,6038
doc00486_chunk008,6039
doc00486_chunk009,6040
doc00486_chunk010,6041
doc00487_chunk000,6042
doc00487_chunk001,6043
doc00488_chunk000,6044
doc00488_chunk001,6045
doc00488_chunk002,6046
doc00488_chunk003,6047
doc00488_chunk004,6048
doc00489_chunk000,6049
doc00489_chunk001,6050
doc00489_chunk002,6051
doc00489_chunk003,6052
doc00490_chunk000,6053
doc00491_chunk000,6054
doc00491_chunk001,6055
doc00492_chunk000,6056
doc00492_chunk001,6057
doc00492_chunk002,6058
doc00492_chunk003,6059
doc00492_chunk004,6060
doc00492_chunk005,6061
doc00492_chunk006,6062
doc00492_chunk007,6063
doc00492_chunk008,6064
doc00492_chunk009,6065
doc00492_chunk010,6066
doc00492_chunk011,6067
doc00492_chunk012,6068
doc00492_chunk013,6069
doc00492_chunk014,6070
doc00492_chunk015,6071
doc00493_chunk000,6072
doc00493_chunk001,6073
doc00493_chunk002,6074
doc00494_chunk000,6075
doc00494_chunk001,6076
doc00494_chunk002,6077
doc00494_chunk003,6078
doc00495_chunk000,6079
doc00495_chunk001,6080
doc00495_chunk002,6081
doc00495_chunk003,6082
doc00496_chunk000,6083
doc00496_chunk001,6084
doc00496_chunk002,6085
doc00496_chunk003,6086
doc00496_chunk004,6087
doc00497_chunk000,6088
doc00497_chunk001,6089
doc00497_chunk002,6090
doc00497_chunk003,6091
doc00497_chunk004,6092
doc00497_chunk005,6093
doc00498_chunk000,6094
doc00498_chunk001,6095
doc00498_chunk002,6096
doc00498_chunk003,6097
doc00498_chunk004,6098
doc00498_chunk005,6099
doc00498_chunk006,6100
doc00498_chunk007,6101
doc00498_chunk008,6102
doc00499_chunk000,6103
doc00499_chunk001,6104
doc00499_chunk002,6105
doc00499_chunk003,6106
doc00499_chunk004,6107
doc00499_chunk005,6108
doc00499_chunk006,6109
doc00499_chunk007,6110
doc00499_chunk008,6111
doc00499_chunk009,6112
doc00499_chunk010,6113
doc00499_chunk011,6114
doc00500_chunk000,6115
doc00501_chunk000,6116
doc00501_chunk001,6117
doc00501_chunk002,6118
doc00501_chunk003,6119
doc00501_chunk004,6120
doc00501_chunk005,6121
doc00502_chunk000,6122
doc00503_chunk000,6123
doc00503_chunk001,6124
doc00503_chunk002,6125
doc00503_chunk003,6126
doc00503_chunk004,6127
doc00503_chunk005,6128
doc00503_chunk006,6129
doc00503_chunk007,6130
doc00503_chunk008,6131
doc00503_chunk009,6132
doc00503_chunk010,6133
doc00503_chunk011,6134
doc00504_chunk000,6135
doc00504_chunk001,6136
doc00504_chunk002,6137
doc00504_chunk003,6138
doc00504_chunk004,6139
doc00505_chunk000,6140
doc00505_chunk001,6141
doc00506_chunk000,6142
doc00506_chunk001,6143
doc00506_chunk002,6144
doc00506_chunk003,6145
doc00506_chunk004,6146
doc00507_chunk000,6147
doc00507_chunk001,6148
doc00507_chunk002,6149
doc00507_chunk003,6150
doc00507_chunk004,6151
doc00507_chunk005,6152
doc00508_chunk000,6153
doc00508_chunk001,6154
doc00508_chunk002,6155
doc00508_chunk003,6156
doc00508_chunk004,6157
doc00508_chunk005,6158
doc00509_chunk000,6159
doc00509_chunk001,6160
doc00509_chunk002,6161
doc00509_chunk003,6162
doc00509_chunk004,6163
doc00509_chunk005,6164
doc00509_chunk006,6165
doc00509_chunk007,6166
doc00509_chunk008,6167
doc00509_chunk009,6168
doc00509_chunk010,6169
doc00509_chunk011,6170
doc00509_chunk012,6171
doc00509_chunk013,6172
doc00509_chunk014,6173
doc00509_chunk015,6174
doc00509_chunk016,6175
doc00509_chunk017,6176
doc00509_chunk018,6177
doc00509_chunk019,6178
doc00509_chunk020,6179
doc00509_chunk021,6180
doc00509_chunk022,6181
doc00509_chunk023,6182
doc00509_chunk024,6183
doc00509_chunk025,6184
doc00509_chunk026,6185
doc00509_chunk027,6186
doc00509_chunk028,6187
doc00509_chunk029,6188
doc00510_chunk000,6189
doc00510_chunk001,6190
doc00510_chunk002,6191
doc00510_chunk003,6192
doc00510_chunk004,6193
doc00510_chunk005,6194
doc00510_chunk006,6195
doc00510_chunk007,6196
doc00510_chunk008,6197
doc00510_chunk009,6198
doc00510_chunk010,6199
doc00510_chunk011,6200
doc00510_chunk012,6201
doc00510_chunk013,6202
doc00510_chunk014,6203
doc00510_chunk015,6204
doc00510_chunk016,6205
doc00510_chunk017,6206
doc00510_chunk018,6207
doc00510_chunk019,6208
doc00510_chunk020,6209
doc00510_chunk021,6210
doc00510_chunk022,6211
doc00510_chunk023,6212
doc00510_chunk024,6213
doc00510_chunk025,6214
doc00510_chunk026,6215
doc00510_chunk027,6216
doc00510_chunk028,6217
doc00510_chunk029,6218
doc00510_chunk030,6219
doc00510_chunk031,6220
doc00510_chunk032,6221
doc00510_chunk033,6222
doc00510_chunk034,6223
doc00510_chunk035,6224
doc00510_chunk036,6225
doc00510_chunk037,6226
doc00511_chunk000,6227
doc00511_chunk001,6228
doc00511_chunk002,6229
doc00511_chunk003,6230
doc00511_chunk004,6231
doc00511_chunk005,6232
doc00511_chunk006,6233
doc00511_chunk007,6234
doc00511_chunk008,6235
doc00511_chunk009,6236
doc00511_chunk010,6237
doc00511_chunk011,6238
doc00511_chunk012,6239
doc00511_chunk013,6240
doc00511_chunk014,6241
doc00511_chunk015,6242
doc00511_chunk016,6243
doc00511_chunk017,6244
doc00511_chunk018,6245
doc00511_chunk019,6246
doc00511_chunk020,6247
doc00511_chunk021,6248
doc00511_chunk022,6249
doc00511_chunk023,6250
doc00511_chunk024,6251
doc00512_chunk000,6252
doc00512_chunk001,6253
doc00512_chunk002,6254
doc00512_chunk003,6255
doc00512_chunk004,6256
doc00512_chunk005,6257
doc00512_chunk006,6258
doc00512_chunk007,6259
doc00512_chunk008,6260
doc00512_chunk009,6261
doc00512_chunk010,6262
doc00512_chunk011,6263
doc00512_chunk012,6264
doc00512_chunk013,6265
doc00512_chunk014,6266
doc00512_chunk015,6267
doc00512_chunk016,6268
doc00512_chunk017,6269
doc00512_chunk018,6270
doc00512_chunk019,6271
doc00512_chunk020,6272
doc00512_chunk021,6273
doc00512_chunk022,6274
doc00512_chunk023,6275
doc00512_chunk024,6276
doc00513_chunk000,6277
doc00513_chunk001,6278
doc00513_chunk002,6279
doc00513_chunk003,6280
doc00513_chunk004,6281
doc00513_chunk005,6282
doc00513_chunk006,6283
doc00513_chunk007,6284
doc00513_chunk008,6285
doc00513_chunk009,6286
doc00513_chunk010,6287
doc00513_chunk011,6288
doc00513_chunk012,6289
doc00513_chunk013,6290
doc00513_chunk014,6291
doc00513_chunk015,6292
doc00514_chunk000,6293
doc00514_chunk001,6294
doc00514_chunk002,6295
doc00514_chunk003,6296
doc00514_chunk004,6297
doc00514_chunk005,6298
doc00514_chunk006,6299
doc00514_chunk007,6300
doc00514_chunk008,6301
doc00514_chunk009,6302
doc00514_chunk010,6303
doc00514_chunk011,6304
doc00514_chunk012,6305
doc00514_chunk013,6306
doc00515_chunk000,6307
doc00515_chunk001,6308
doc00515_chunk002,6309
doc00515_chunk003,6310
doc00515_chunk004,6311
doc00516_chunk000,6312
doc00516_chunk001,6313
doc00516_chunk002,6314
doc00516_chunk003,6315
doc00516_chunk004,6316
doc00516_chunk005,6317
doc00516_chunk006,6318
doc00516_chunk007,6319
doc00516_chunk008,6320
doc00516_chunk009,6321
doc00516_chunk010,6322
doc00516_chunk011,6323
doc00516_chunk012,6324
doc00516_chunk013,6325
doc00516_chunk014,6326
doc00516_chunk015,6327
doc00516_chunk016,6328
doc00516_chunk017,6329
doc00516_chunk018,6330
doc00516_chunk019,6331
doc00516_chunk020,6332
doc00516_chunk021,6333
doc00516_chunk022,6334
doc00516_chunk023,6335
doc00517_chunk000,6336
doc00517_chunk001,6337
doc00517_chunk002,6338
doc00517_chunk003,6339
doc00517_chunk004,6340
doc00517_chunk005,6341
doc00517_chunk006,6342
doc00517_chunk007,6343
doc00517_chunk008,6344
doc00517_chunk009,6345
doc00517_chunk010,6346
doc00517_chunk011,6347
doc00518_chunk000,6348
doc00519_chunk000,6349
doc00519_chunk001,6350
doc00519_chunk002,6351
doc00519_chunk003,6352
doc00519_chunk004,6353
doc00519_chunk005,6354
doc00519_chunk006,6355
doc00519_chunk007,6356
doc00519_chunk008,6357
doc00519_chunk009,6358
doc00519_chunk010,6359
doc00519_chunk011,6360
doc00519_chunk012,6361
doc00519_chunk013,6362
doc00520_chunk000,6363
doc00520_chunk001,6364
doc00520_chunk002,6365
doc00520_chunk003,6366
doc00520_chunk004,6367
doc00520_chunk005,6368
doc00520_chunk006,6369
doc00520_chunk007,6370
doc00520_chunk008,6371
doc00520_chunk009,6372
doc00520_chunk010,6373
doc00520_chunk011,6374
doc00520_chunk012,6375
doc00520_chunk013,6376
doc00520_chunk014,6377
doc00520_chunk015,6378
doc00520_chunk016,6379
doc00520_chunk017,6380
doc00520_chunk018,6381
doc00520_chunk019,6382
doc00520_chunk020,6383
doc00520_chunk021,6384
doc00520_chunk022,6385
doc00520_chunk023,6386
doc00520_chunk024,6387
doc00520_chunk025,6388
doc00520_chunk026,6389
doc00520_chunk027,6390
doc00520_chunk028,6391
doc00520_chunk029,6392
doc00520_chunk030,6393
doc00521_chunk000,6394
doc00521_chunk001,6395
doc00521_chunk002,6396
doc00521_chunk003,6397
doc00521_chunk004,6398
doc00522_chunk000,6399
doc00523_chunk000,6400
doc00523_chunk001,6401
doc00523_chunk002,6402
doc00523_chunk003,6403
doc00523_chunk004,6404
doc00523_chunk005,6405
doc00523_chunk006,6406
doc00523_chunk007,6407
doc00523_chunk008,6408
doc00523_chunk009,6409
doc00523_chunk010,6410
doc00523_chunk011,6411
doc00523_chunk012,6412
doc00523_chunk013,6413
doc00523_chunk014,6414
doc00523_chunk015,6415
doc00524_chunk000,6416
doc00524_chunk001,6417
doc00524_chunk002,6418
doc00524_chunk003,6419
doc00524_chunk004,6420
doc00524_chunk005,6421
doc00524_chunk006,6422
doc00524_chunk007,6423
doc00524_chunk008,6424
doc00524_chunk009,6425
doc00524_chunk010,6426
doc00524_chunk011,6427
doc00524_chunk012,6428
doc00524_chunk013,6429
doc00524_chunk014,6430
doc00524_chunk015,6431
doc00524_chunk016,6432
doc00524_chunk017,6433
doc00524_chunk018,6434
doc00524_chunk019,6435
doc00524_chunk020,6436
doc00524_chunk021,6437
doc00524_chunk022,6438
doc00524_chunk023,6439
doc00525_chunk000,6440
doc00525_chunk001,6441
doc00526_chunk000,6442
doc00526_chunk001,6443
doc00526_chunk002,6444
doc00526_chunk003,6445
doc00526_chunk004,6446
doc00526_chunk005,6447
doc00526_chunk006,6448
doc00526_chunk007,6449
doc00526_chunk008,6450
doc00526_chunk009,6451
doc00526_chunk010,6452
doc00526_chunk011,6453
doc00526_chunk012,6454
doc00526_chunk013,6455
doc00526_chunk014,6456
doc00526_chunk015,6457
doc00526_chunk016,6458
doc00526_chunk017,6459
doc00526_chunk018,6460
doc00526_chunk019,6461
doc00526_chunk020,6462
doc00526_chunk021,6463
doc00526_chunk022,6464
doc00526_chunk023,6465
doc00526_chunk024,6466
doc00527_chunk000,6467
doc00527_chunk001,6468
doc00527_chunk002,6469
doc00527_chunk003,6470
doc00527_chunk004,6471
doc00528_chunk000,6472
doc00528_chunk001,6473
doc00528_chunk002,6474
doc00528_chunk003,6475
doc00528_chunk004,6476
doc00528_chunk005,6477
doc00528_chunk006,6478
doc00528_chunk007,6479
doc00528_chunk008,6480
doc00528_chunk009,6481
doc00528_chunk010,6482
doc00528_chunk011,6483
doc00529_chunk000,6484
doc00529_chunk001,6485
doc00529_chunk002,6486
doc00529_chunk003,6487
doc00529_chunk004,6488
doc00529_chunk005,6489
doc00529_chunk006,6490
doc00529_chunk007,6491
doc00529_chunk008,6492
doc00529_chunk009,6493
doc00529_chunk010,6494
doc00529_chunk011,6495
doc00529_chunk012,6496
doc00530_chunk000,6497
doc00531_chunk000,6498
doc00531_chunk001,6499
doc00531_chunk002,6500
doc00532_chunk000,6501
doc00532_chunk001,6502
doc00533_chunk000,6503
doc00533_chunk001,6504
doc00533_chunk002,6505
doc00533_chunk003,6506
doc00533_chunk004,6507
doc00533_chunk005,6508
doc00533_chunk006,6509
doc00533_chunk007,6510
doc00534_chunk000,6511
doc00534_chunk001,6512
doc00535_chunk000,6513
doc00535_chunk001,6514
doc00535_chunk002,6515
doc00536_chunk000,6516
doc00536_chunk001,6517
doc00536_chunk002,6518
doc00536_chunk003,6519
doc00537_chunk000,6520
doc00537_chunk001,6521
doc00537_chunk002,6522
doc00537_chunk003,6523
doc00538_chunk000,6524
doc00538_chunk001,6525
doc00539_chunk000,6526
doc00539_chunk001,6527
doc00539_chunk002,6528
doc00540_chunk000,6529
doc00541_chunk000,6530
doc00541_chunk001,6531
doc00541_chunk002,6532
doc00541_chunk003,6533
doc00541_chunk004,6534
doc00541_chunk005,6535
doc00541_chunk006,6536
doc00542_chunk000,6537
doc00542_chunk001,6538
doc00542_chunk002,6539
doc00542_chunk003,6540
doc00542_chunk004,6541
doc00542_chunk005,6542
doc00542_chunk006,6543
doc00542_chunk007,6544
doc00542_chunk008,6545
doc00542_chunk009,6546
doc00542_chunk010,6547
doc00542_chunk011,6548
doc00543_chunk000,6549
doc00543_chunk001,6550
doc00543_chunk002,6551
doc00543_chunk003,6552
doc00543_chunk004,6553
doc00543_chunk005,6554
doc00543_chunk006,6555
doc00543_chunk007,6556
doc00544_chunk000,6557
doc00544_chunk001,6558
doc00544_chunk002,6559
doc00544_chunk003,6560
doc00545_chunk000,6561
doc00545_chunk001,6562
doc00546_chunk000,6563
doc00546_chunk001,6564
doc00546_chunk002,6565
doc00547_chunk000,6566
doc00547_chunk001,6567
doc00547_chunk002,6568
doc00547_chunk003,6569
doc00548_chunk000,6570
doc00548_chunk001,6571
doc00548_chunk002,6572
doc00548_chunk003,6573
doc00548_chunk004,6574
doc00548_chunk005,6575
doc00549_chunk000,6576
doc00549_chunk001,6577
doc00549_chunk002,6578
doc00549_chunk003,6579
doc00549_chunk004,6580
doc00550_chunk000,6581
doc00550_chunk001,6582
doc00550_chunk002,6583
doc00550_chunk003,6584
doc00551_chunk000,6585
doc00551_chunk001,6586
doc00551_chunk002,6587
doc00551_chunk003,6588
doc00551_chunk004,6589
doc00551_chunk005,6590
doc00551_chunk006,6591
doc00551_chunk007,6592
doc00552_chunk000,6593
doc00552_chunk001,6594
doc00552_chunk002,6595
doc00552_chunk003,6596
doc00552_chunk004,6597
doc00552_chunk005,6598
doc00552_chunk006,6599
doc00552_chunk007,6600
doc00552_chunk008,6601
doc00552_chunk009,6602
doc00552_chunk010,6603
doc00552_chunk011,6604
doc00552_chunk012,6605
doc00552_chunk013,6606
doc00552_chunk014,6607
doc00552_chunk015,6608
doc00552_chunk016,6609
doc00552_chunk017,6610
doc00552_chunk018,6611
doc00553_chunk000,6612
doc00553_chunk001,6613
doc00553_chunk002,6614
doc00553_chunk003,6615
doc00554_chunk000,6616
doc00554_chunk001,6617
doc00554_chunk002,6618
doc00554_chunk003,6619
doc00555_chunk000,6620
doc00556_chunk000,6621
doc00556_chunk001,6622
doc00556_chunk002,6623
doc00556_chunk003,6624
doc00556_chunk004,6625
doc00556_chunk005,6626
doc00556_chunk006,6627
doc00556_chunk007,6628
doc00556_chunk008,6629
doc00556_chunk009,6630
doc00556_chunk010,6631
doc00556_chunk011,6632
doc00556_chunk012,6633
doc00556_chunk013,6634
doc00556_chunk014,6635
doc00556_chunk015,6636
doc00556_chunk016,6637
doc00556_chunk017,6638
doc00556_chunk018,6639
doc00557_chunk000,6640
doc00557_chunk001,6641
doc00557_chunk002,6642
doc00557_chunk003,6643
doc00557_chunk004,6644
doc00557_chunk005,6645
doc00557_chunk006,6646
doc00557_chunk007,6647
doc00557_chunk008,6648
doc00557_chunk009,6649
doc00558_chunk000,6650
doc00558_chunk001,6651
doc00558_chunk002,6652
doc00558_chunk003,6653
doc00558_chunk004,6654
doc00558_chunk005,6655
doc00558_chunk006,6656
doc00558_chunk007,6657
doc00558_chunk008,6658
doc00558_chunk009,6659
doc00559_chunk000,6660
doc00559_chunk001,6661
doc00559_chunk002,6662
doc00559_chunk003,6663
doc00559_chunk004,6664
doc00559_chunk005,6665
doc00559_chunk006,6666
doc00559_chunk007,6667
doc00559_chunk008,6668
doc00559_chunk009,6669
doc00559_chunk010,6670
doc00559_chunk011,6671
doc00559_chunk012,6672
doc00559_chunk013,6673
doc00560_chunk000,6674
doc00560_chunk001,6675
doc00560_chunk002,6676
doc00561_chunk000,6677
doc00561_chunk001,6678
doc00561_chunk002,6679
doc00561_chunk003,6680
doc00561_chunk004,6681
doc00561_chunk005,6682
doc00561_chunk006,6683
doc00561_chunk007,6684
doc00561_chunk008,6685
doc00561_chunk009,6686
doc00561_chunk010,6687
doc00561_chunk011,6688
doc00561_chunk012,6689
doc00561_chunk013,6690
doc00561_chunk014,6691
doc00561_chunk015,6692
doc00561_chunk016,6693
doc00561_chunk017,6694
doc00561_chunk018,6695
doc00561_chunk019,6696
doc00561_chunk020,6697
doc00562_chunk000,6698
doc00562_chunk001,6699
doc00562_chunk002,6700
doc00563_chunk000,6701
doc00563_chunk001,6702
doc00563_chunk002,6703
doc00564_chunk000,6704
doc00564_chunk001,6705
doc00564_chunk002,6706
doc00565_chunk000,6707
doc00565_chunk001,6708
doc00565_chunk002,6709
doc00565_chunk003,6710
doc00565_chunk004,6711
doc00565_chunk005,6712
doc00565_chunk006,6713
doc00565_chunk007,6714
doc00565_chunk008,6715
doc00565_chunk009,6716
doc00565_chunk010,6717
doc00565_chunk011,6718
doc00565_chunk012,6719
doc00565_chunk013,6720
doc00565_chunk014,6721
doc00565_chunk015,6722
doc00565_chunk016,6723
doc00566_chunk000,6724
doc00566_chunk001,6725
doc00566_chunk002,6726
doc00566_chunk003,6727
doc00566_chunk004,6728
doc00566_chunk005,6729
doc00566_chunk006,6730
doc00566_chunk007,6731
doc00566_chunk008,6732
doc00567_chunk000,6733
doc00567_chunk001,6734
doc00567_chunk002,6735
doc00567_chunk003,6736
doc00568_chunk000,6737
doc00568_chunk001,6738
doc00568_chunk002,6739
doc00568_chunk003,6740
doc00569_chunk000,6741
doc00569_chunk001,6742
doc00569_chunk002,6743
